[2026-01-22 02:53:47,149] ERROR in app: Exception on /register-student [GET]
Traceback (most recent call last):
  File "/home/lpkd3153/virtualenv/yamaguchipwt/3.13/lib/python3.13/site-packages/flask/app.py", line 2190, in wsgi_app
    response = self.full_dispatch_request()
  File "/home/lpkd3153/virtualenv/yamaguchipwt/3.13/lib/python3.13/site-packages/flask/app.py", line 1486, in full_dispatch_request
    rv = self.handle_user_exception(e)
  File "/home/lpkd3153/virtualenv/yamaguchipwt/3.13/lib/python3.13/site-packages/flask/app.py", line 1484, in full_dispatch_request
    rv = self.dispatch_request()
  File "/home/lpkd3153/virtualenv/yamaguchipwt/3.13/lib/python3.13/site-packages/flask/app.py", line 1469, in dispatch_request
    return self.ensure_sync(self.view_functions[rule.endpoint])(**view_args)
           ~~~~~~~~~~~~~~~~~~~~~~~~~~~~~~~~~~~~~~~~~~~~~~~~~~~~^^^^^^^^^^^^^
  File "/home/lpkd3153/yamaguchipwt/controllers/auth_controller.py", line 50, in register_student
    from utils.payment_gateway import MidtransGateway
  File "/home/lpkd3153/yamaguchipwt/utils/payment_gateway.py", line 1, in <module>
    import requests
ModuleNotFoundError: No module named 'requests'
[UID:1163][938742] Child process with pid: 938888 was killed by signal: 15, core dumped: no
[UID:1163][938742] Child process with pid: 938927 was killed by signal: 15, core dumped: no
[UID:1163][951615] Child process with pid: 951696 was killed by signal: 15, core dumped: no
[UID:1163][951615] Child process with pid: 962468 was killed by signal: 15, core dumped: no
[UID:1163][951615] Child process with pid: 964153 was killed by signal: 15, core dumped: no
[UID:1163][951615] Child process with pid: 964654 was killed by signal: 15, core dumped: no
[UID:1163][951615] Child process with pid: 964715 was killed by signal: 15, core dumped: no
[UID:1163][951615] Child process with pid: 1034760 was killed by signal: 15, core dumped: no
[UID:1163][1034807] Child process with pid: 1034899 was killed by signal: 15, core dumped: no
[UID:1163][1034807] Child process with pid: 1034917 was killed by signal: 15, core dumped: no
[UID:1163][1034807] Child process with pid: 1034994 was killed by signal: 15, core dumped: no
[UID:1163][1034807] Child process with pid: 1035035 was killed by signal: 15, core dumped: no
[UID:1163][1034807] Child process with pid: 1035123 was killed by signal: 15, core dumped: no
[UID:1163][1034807] Child process with pid: 1035203 was killed by signal: 15, core dumped: no
[UID:1163][1034807] Child process with pid: 1035337 was killed by signal: 15, core dumped: no
[UID:1163][1034807] Child process with pid: 1035570 was killed by signal: 15, core dumped: no
[UID:1163][1034807] Child process with pid: 1036111 was killed by signal: 15, core dumped: no
[UID:1163][1034807] Child process with pid: 1036389 was killed by signal: 15, core dumped: no
[UID:1163][1034807] Child process with pid: 1036698 was killed by signal: 15, core dumped: no
[UID:1163][1034807] Child process with pid: 1036838 was killed by signal: 15, core dumped: no
[UID:1163][1034807] Child process with pid: 1036950 was killed by signal: 15, core dumped: no
[UID:1163][1034807] Child process with pid: 1037157 was killed by signal: 15, core dumped: no
[UID:1163][1034807] Child process with pid: 1037385 was killed by signal: 15, core dumped: no
[UID:1163][1034807] Child process with pid: 1037639 was killed by signal: 15, core dumped: no
[UID:1163][1034807] Child process with pid: 1037654 was killed by signal: 15, core dumped: no
[UID:1163][1034807] Child process with pid: 1037713 was killed by signal: 15, core dumped: no
[UID:1163][1034807] Child process with pid: 1050789 was killed by signal: 15, core dumped: no
[UID:1163][1034807] Child process with pid: 1050951 was killed by signal: 15, core dumped: no
[UID:1163][1034807] Child process with pid: 1154947 was killed by signal: 15, core dumped: no
[UID:1163][1034807] Child process with pid: 1155720 was killed by signal: 15, core dumped: no
[UID:1163][1034807] Child process with pid: 1163931 was killed by signal: 15, core dumped: no
[UID:1163][578930] Child process with pid: 825491 was killed by signal: 15, core dumped: no
[UID:1163][2003735] Child process with pid: 2004220 was killed by signal: 15, core dumped: no
[UID:1163][2003735] Child process with pid: 2004440 was killed by signal: 15, core dumped: no
[UID:1163][2003735] Child process with pid: 2022304 was killed by signal: 15, core dumped: no
[UID:1163][2559169] Child process with pid: 2559558 was killed by signal: 15, core dumped: no
[UID:1163][2559169] Child process with pid: 2559619 was killed by signal: 15, core dumped: no
[UID:1163][3063153] Child process with pid: 3064293 was killed by signal: 15, core dumped: no
[UID:1163][3063153] Child process with pid: 3065661 was killed by signal: 15, core dumped: no
[UID:1163][3063153] Child process with pid: 3074100 was killed by signal: 15, core dumped: no
[UID:1163][3063153] Child process with pid: 3084017 was killed by signal: 15, core dumped: no
[UID:1163][3063153] Child process with pid: 3085631 was killed by signal: 15, core dumped: no
[UID:1163][3063153] Child process with pid: 3085884 was killed by signal: 15, core dumped: no
[UID:1163][3975460] Child process with pid: 3975591 was killed by signal: 15, core dumped: no
[UID:1163][3975460] Child process with pid: 3975664 was killed by signal: 15, core dumped: no
[UID:1163][3975460] Child process with pid: 3978783 was killed by signal: 15, core dumped: no
[UID:1163][3975460] Child process with pid: 3975590 was killed by signal: 15, core dumped: no
[UID:1163][3975460] Child process with pid: 4072669 was killed by signal: 15, core dumped: no
[UID:1163][3975460] Child process with pid: 4072698 was killed by signal: 15, core dumped: no
[UID:1163][3975460] Child process with pid: 4073200 was killed by signal: 15, core dumped: no
[UID:1163][3975460] Child process with pid: 4074697 was killed by signal: 15, core dumped: no
[UID:1163][3975460] Child process with pid: 4075871 was killed by signal: 15, core dumped: no
[UID:1163][3975460] Child process with pid: 4076621 was killed by signal: 15, core dumped: no
[UID:1163][3975460] Child process with pid: 4077042 was killed by signal: 15, core dumped: no
[UID:1163][1120499] Child process with pid: 1120702 was killed by signal: 15, core dumped: no
[UID:1163][1120499] Child process with pid: 1120722 was killed by signal: 15, core dumped: no
[UID:1163][1120499] Reached max children process limit: 6, extra: 2, current: 8, busy: 7, please increase LSAPI_CHILDREN.
[UID:1163][1120499] Reached max children process limit: 6, extra: 2, current: 8, busy: 8, please increase LSAPI_CHILDREN.
[UID:1163][1120499] Reached max children process limit: 6, extra: 2, current: 8, busy: 8, please increase LSAPI_CHILDREN.
[UID:1163][1120499] Reached max children process limit: 6, extra: 2, current: 8, busy: 8, please increase LSAPI_CHILDREN.
[UID:1163][1120499] Reached max children process limit: 6, extra: 2, current: 8, busy: 8, please increase LSAPI_CHILDREN.
[UID:1163][1120499] Reached max children process limit: 6, extra: 2, current: 8, busy: 8, please increase LSAPI_CHILDREN.
[UID:1163][1120499] Reached max children process limit: 6, extra: 2, current: 8, busy: 8, please increase LSAPI_CHILDREN.
[UID:1163][1120499] Reached max children process limit: 6, extra: 2, current: 8, busy: 8, please increase LSAPI_CHILDREN.
[UID:1163][1120499] Reached max children process limit: 6, extra: 2, current: 8, busy: 8, please increase LSAPI_CHILDREN.
[UID:1163][1120499] Reached max children process limit: 6, extra: 2, current: 8, busy: 8, please increase LSAPI_CHILDREN.
[UID:1163][1120499] Reached max children process limit: 6, extra: 2, current: 8, busy: 8, please increase LSAPI_CHILDREN.
[UID:1163][1120499] Reached max children process limit: 6, extra: 2, current: 8, busy: 8, please increase LSAPI_CHILDREN.
[UID:1163][1120499] Reached max children process limit: 6, extra: 2, current: 8, busy: 8, please increase LSAPI_CHILDREN.
[UID:1163][1120499] Reached max children process limit: 6, extra: 2, current: 8, busy: 8, please increase LSAPI_CHILDREN.
[UID:1163][1120499] Reached max children process limit: 6, extra: 2, current: 8, busy: 8, please increase LSAPI_CHILDREN.
[UID:1163][1120499] Reached max children process limit: 6, extra: 2, current: 8, busy: 8, please increase LSAPI_CHILDREN.
[UID:1163][1120499] Reached max children process limit: 6, extra: 2, current: 8, busy: 8, please increase LSAPI_CHILDREN.
[UID:1163][1120499] Reached max children process limit: 6, extra: 2, current: 8, busy: 8, please increase LSAPI_CHILDREN.
[UID:1163][1120499] Reached max children process limit: 6, extra: 2, current: 8, busy: 8, please increase LSAPI_CHILDREN.
[UID:1163][1120499] Reached max children process limit: 6, extra: 2, current: 8, busy: 8, please increase LSAPI_CHILDREN.
[UID:1163][1120499] Reached max children process limit: 6, extra: 2, current: 8, busy: 8, please increase LSAPI_CHILDREN.
[UID:1163][1120499] Reached max children process limit: 6, extra: 2, current: 8, busy: 8, please increase LSAPI_CHILDREN.
[UID:1163][1120499] Reached max children process limit: 6, extra: 2, current: 8, busy: 7, please increase LSAPI_CHILDREN.
[UID:1163][1120499] Reached max children process limit: 6, extra: 2, current: 8, busy: 8, please increase LSAPI_CHILDREN.
[UID:1163][1120499] Child process with pid: 1135384 was killed by signal: 15, core dumped: no
[UID:1163][1120499] Child process with pid: 1124121 was killed by signal: 15, core dumped: no
[UID:1163][1120499] Child process with pid: 1135806 was killed by signal: 15, core dumped: no
[2026-01-22 15:25:32,654] ERROR in app: Exception on /certificate/42 [GET]
Traceback (most recent call last):
  File "/home/lpkd3153/virtualenv/yamaguchipwt/3.13/lib/python3.13/site-packages/flask/app.py", line 2190, in wsgi_app
    response = self.full_dispatch_request()
  File "/home/lpkd3153/virtualenv/yamaguchipwt/3.13/lib/python3.13/site-packages/flask/app.py", line 1486, in full_dispatch_request
    rv = self.handle_user_exception(e)
  File "/home/lpkd3153/virtualenv/yamaguchipwt/3.13/lib/python3.13/site-packages/flask/app.py", line 1484, in full_dispatch_request
    rv = self.dispatch_request()
  File "/home/lpkd3153/virtualenv/yamaguchipwt/3.13/lib/python3.13/site-packages/flask/app.py", line 1469, in dispatch_request
    return self.ensure_sync(self.view_functions[rule.endpoint])(**view_args)
           ~~~~~~~~~~~~~~~~~~~~~~~~~~~~~~~~~~~~~~~~~~~~~~~~~~~~^^^^^^^^^^^^^
  File "/home/lpkd3153/yamaguchipwt/utils/authentication.py", line 11, in wrapper
    return f(*args, **kwargs)
  File "/home/lpkd3153/yamaguchipwt/controllers/certificate_controller.py", line 30, in view_certificate
    return render_template('certificate/view.html', cert=cert)
  File "/home/lpkd3153/virtualenv/yamaguchipwt/3.13/lib/python3.13/site-packages/flask/templating.py", line 150, in render_template
    template = app.jinja_env.get_or_select_template(template_name_or_list)
  File "/home/lpkd3153/virtualenv/yamaguchipwt/3.13/lib/python3.13/site-packages/jinja2/environment.py", line 1087, in get_or_select_template
    return self.get_template(template_name_or_list, parent, globals)
           ~~~~~~~~~~~~~~~~~^^^^^^^^^^^^^^^^^^^^^^^^^^^^^^^^^^^^^^^^
  File "/home/lpkd3153/virtualenv/yamaguchipwt/3.13/lib/python3.13/site-packages/jinja2/environment.py", line 1016, in get_template
    return self._load_template(name, globals)
           ~~~~~~~~~~~~~~~~~~~^^^^^^^^^^^^^^^
  File "/home/lpkd3153/virtualenv/yamaguchipwt/3.13/lib/python3.13/site-packages/jinja2/environment.py", line 975, in _load_template
    template = self.loader.load(self, name, self.make_globals(globals))
  File "/home/lpkd3153/virtualenv/yamaguchipwt/3.13/lib/python3.13/site-packages/jinja2/loaders.py", line 126, in load
    source, filename, uptodate = self.get_source(environment, name)
                                 ~~~~~~~~~~~~~~~^^^^^^^^^^^^^^^^^^^
  File "/home/lpkd3153/virtualenv/yamaguchipwt/3.13/lib/python3.13/site-packages/flask/templating.py", line 64, in get_source
    return self._get_source_fast(environment, template)
           ~~~~~~~~~~~~~~~~~~~~~^^^^^^^^^^^^^^^^^^^^^^^
  File "/home/lpkd3153/virtualenv/yamaguchipwt/3.13/lib/python3.13/site-packages/flask/templating.py", line 98, in _get_source_fast
    raise TemplateNotFound(template)
jinja2.exceptions.TemplateNotFound: certificate/view.html
[UID:1163][1120499] Child process with pid: 1246046 was killed by signal: 15, core dumped: no
[UID:1163][1120499] Child process with pid: 1411394 was killed by signal: 15, core dumped: no
OSError: LSAPI: File error
[UID:1163][1120499] Child process with pid: 1431465 was killed by signal: 15, core dumped: no
[UID:1163][1120499] Child process with pid: 1431487 was killed by signal: 15, core dumped: no
[UID:1163][1120499] Child process with pid: 1431562 was killed by signal: 15, core dumped: no
[UID:1163][1120499] Child process with pid: 1444350 was killed by signal: 15, core dumped: no
OSError: LSAPI: File error
[UID:1163][1120499] Child process with pid: 1489504 was killed by signal: 15, core dumped: no
[UID:1163][1120499] Child process with pid: 1489556 was killed by signal: 15, core dumped: no
[UID:1163][1120499] Child process with pid: 1528036 was killed by signal: 15, core dumped: no
[UID:1163][1120499] Child process with pid: 1528049 was killed by signal: 15, core dumped: no
[UID:1163][2470326] Child process with pid: 2470799 was killed by signal: 15, core dumped: no
[UID:1163][2470326] Child process with pid: 2471187 was killed by signal: 15, core dumped: no
[UID:1163][2470326] Child process with pid: 2490121 was killed by signal: 15, core dumped: no
[2026-01-22 17:28:43,981] ERROR in app: Exception on /certificate/42 [GET]
Traceback (most recent call last):
  File "/home/lpkd3153/virtualenv/yamaguchipwt/3.13/lib/python3.13/site-packages/flask/app.py", line 2190, in wsgi_app
    response = self.full_dispatch_request()
  File "/home/lpkd3153/virtualenv/yamaguchipwt/3.13/lib/python3.13/site-packages/flask/app.py", line 1486, in full_dispatch_request
    rv = self.handle_user_exception(e)
  File "/home/lpkd3153/virtualenv/yamaguchipwt/3.13/lib/python3.13/site-packages/flask/app.py", line 1484, in full_dispatch_request
    rv = self.dispatch_request()
  File "/home/lpkd3153/virtualenv/yamaguchipwt/3.13/lib/python3.13/site-packages/flask/app.py", line 1469, in dispatch_request
    return self.ensure_sync(self.view_functions[rule.endpoint])(**view_args)
           ~~~~~~~~~~~~~~~~~~~~~~~~~~~~~~~~~~~~~~~~~~~~~~~~~~~~^^^^^^^^^^^^^
  File "/home/lpkd3153/yamaguchipwt/utils/authentication.py", line 11, in wrapper
    return f(*args, **kwargs)
  File "/home/lpkd3153/yamaguchipwt/controllers/certificate_controller.py", line 30, in view_certificate
    return render_template('certificate/view.html', cert=cert)
  File "/home/lpkd3153/virtualenv/yamaguchipwt/3.13/lib/python3.13/site-packages/flask/templating.py", line 150, in render_template
    template = app.jinja_env.get_or_select_template(template_name_or_list)
  File "/home/lpkd3153/virtualenv/yamaguchipwt/3.13/lib/python3.13/site-packages/jinja2/environment.py", line 1087, in get_or_select_template
    return self.get_template(template_name_or_list, parent, globals)
           ~~~~~~~~~~~~~~~~~^^^^^^^^^^^^^^^^^^^^^^^^^^^^^^^^^^^^^^^^
  File "/home/lpkd3153/virtualenv/yamaguchipwt/3.13/lib/python3.13/site-packages/jinja2/environment.py", line 1016, in get_template
    return self._load_template(name, globals)
           ~~~~~~~~~~~~~~~~~~~^^^^^^^^^^^^^^^
  File "/home/lpkd3153/virtualenv/yamaguchipwt/3.13/lib/python3.13/site-packages/jinja2/environment.py", line 975, in _load_template
    template = self.loader.load(self, name, self.make_globals(globals))
  File "/home/lpkd3153/virtualenv/yamaguchipwt/3.13/lib/python3.13/site-packages/jinja2/loaders.py", line 126, in load
    source, filename, uptodate = self.get_source(environment, name)
                                 ~~~~~~~~~~~~~~~^^^^^^^^^^^^^^^^^^^
  File "/home/lpkd3153/virtualenv/yamaguchipwt/3.13/lib/python3.13/site-packages/flask/templating.py", line 64, in get_source
    return self._get_source_fast(environment, template)
           ~~~~~~~~~~~~~~~~~~~~~^^^^^^^^^^^^^^^^^^^^^^^
  File "/home/lpkd3153/virtualenv/yamaguchipwt/3.13/lib/python3.13/site-packages/flask/templating.py", line 98, in _get_source_fast
    raise TemplateNotFound(template)
jinja2.exceptions.TemplateNotFound: certificate/view.html
[2026-01-22 17:55:08,730] ERROR in app: Exception on /certificate/42 [GET]
Traceback (most recent call last):
  File "/home/lpkd3153/virtualenv/yamaguchipwt/3.13/lib/python3.13/site-packages/flask/app.py", line 2190, in wsgi_app
    response = self.full_dispatch_request()
  File "/home/lpkd3153/virtualenv/yamaguchipwt/3.13/lib/python3.13/site-packages/flask/app.py", line 1486, in full_dispatch_request
    rv = self.handle_user_exception(e)
  File "/home/lpkd3153/virtualenv/yamaguchipwt/3.13/lib/python3.13/site-packages/flask/app.py", line 1484, in full_dispatch_request
    rv = self.dispatch_request()
  File "/home/lpkd3153/virtualenv/yamaguchipwt/3.13/lib/python3.13/site-packages/flask/app.py", line 1469, in dispatch_request
    return self.ensure_sync(self.view_functions[rule.endpoint])(**view_args)
           ~~~~~~~~~~~~~~~~~~~~~~~~~~~~~~~~~~~~~~~~~~~~~~~~~~~~^^^^^^^^^^^^^
  File "/home/lpkd3153/yamaguchipwt/utils/authentication.py", line 11, in wrapper
    return f(*args, **kwargs)
  File "/home/lpkd3153/yamaguchipwt/controllers/certificate_controller.py", line 30, in view_certificate
    return render_template('certificate/view.html', cert=cert)
  File "/home/lpkd3153/virtualenv/yamaguchipwt/3.13/lib/python3.13/site-packages/flask/templating.py", line 150, in render_template
    template = app.jinja_env.get_or_select_template(template_name_or_list)
  File "/home/lpkd3153/virtualenv/yamaguchipwt/3.13/lib/python3.13/site-packages/jinja2/environment.py", line 1087, in get_or_select_template
    return self.get_template(template_name_or_list, parent, globals)
           ~~~~~~~~~~~~~~~~~^^^^^^^^^^^^^^^^^^^^^^^^^^^^^^^^^^^^^^^^
  File "/home/lpkd3153/virtualenv/yamaguchipwt/3.13/lib/python3.13/site-packages/jinja2/environment.py", line 1016, in get_template
    return self._load_template(name, globals)
           ~~~~~~~~~~~~~~~~~~~^^^^^^^^^^^^^^^
  File "/home/lpkd3153/virtualenv/yamaguchipwt/3.13/lib/python3.13/site-packages/jinja2/environment.py", line 975, in _load_template
    template = self.loader.load(self, name, self.make_globals(globals))
  File "/home/lpkd3153/virtualenv/yamaguchipwt/3.13/lib/python3.13/site-packages/jinja2/loaders.py", line 126, in load
    source, filename, uptodate = self.get_source(environment, name)
                                 ~~~~~~~~~~~~~~~^^^^^^^^^^^^^^^^^^^
  File "/home/lpkd3153/virtualenv/yamaguchipwt/3.13/lib/python3.13/site-packages/flask/templating.py", line 64, in get_source
    return self._get_source_fast(environment, template)
           ~~~~~~~~~~~~~~~~~~~~~^^^^^^^^^^^^^^^^^^^^^^^
  File "/home/lpkd3153/virtualenv/yamaguchipwt/3.13/lib/python3.13/site-packages/flask/templating.py", line 98, in _get_source_fast
    raise TemplateNotFound(template)
jinja2.exceptions.TemplateNotFound: certificate/view.html
[2026-01-22 17:55:11,895] ERROR in app: Exception on /certificate/42 [GET]
Traceback (most recent call last):
  File "/home/lpkd3153/virtualenv/yamaguchipwt/3.13/lib/python3.13/site-packages/flask/app.py", line 2190, in wsgi_app
    response = self.full_dispatch_request()
  File "/home/lpkd3153/virtualenv/yamaguchipwt/3.13/lib/python3.13/site-packages/flask/app.py", line 1486, in full_dispatch_request
    rv = self.handle_user_exception(e)
  File "/home/lpkd3153/virtualenv/yamaguchipwt/3.13/lib/python3.13/site-packages/flask/app.py", line 1484, in full_dispatch_request
    rv = self.dispatch_request()
  File "/home/lpkd3153/virtualenv/yamaguchipwt/3.13/lib/python3.13/site-packages/flask/app.py", line 1469, in dispatch_request
    return self.ensure_sync(self.view_functions[rule.endpoint])(**view_args)
           ~~~~~~~~~~~~~~~~~~~~~~~~~~~~~~~~~~~~~~~~~~~~~~~~~~~~^^^^^^^^^^^^^
  File "/home/lpkd3153/yamaguchipwt/utils/authentication.py", line 11, in wrapper
    return f(*args, **kwargs)
  File "/home/lpkd3153/yamaguchipwt/controllers/certificate_controller.py", line 30, in view_certificate
    return render_template('certificate/view.html', cert=cert)
  File "/home/lpkd3153/virtualenv/yamaguchipwt/3.13/lib/python3.13/site-packages/flask/templating.py", line 150, in render_template
    template = app.jinja_env.get_or_select_template(template_name_or_list)
  File "/home/lpkd3153/virtualenv/yamaguchipwt/3.13/lib/python3.13/site-packages/jinja2/environment.py", line 1087, in get_or_select_template
    return self.get_template(template_name_or_list, parent, globals)
           ~~~~~~~~~~~~~~~~~^^^^^^^^^^^^^^^^^^^^^^^^^^^^^^^^^^^^^^^^
  File "/home/lpkd3153/virtualenv/yamaguchipwt/3.13/lib/python3.13/site-packages/jinja2/environment.py", line 1016, in get_template
    return self._load_template(name, globals)
           ~~~~~~~~~~~~~~~~~~~^^^^^^^^^^^^^^^
  File "/home/lpkd3153/virtualenv/yamaguchipwt/3.13/lib/python3.13/site-packages/jinja2/environment.py", line 975, in _load_template
    template = self.loader.load(self, name, self.make_globals(globals))
  File "/home/lpkd3153/virtualenv/yamaguchipwt/3.13/lib/python3.13/site-packages/jinja2/loaders.py", line 126, in load
    source, filename, uptodate = self.get_source(environment, name)
                                 ~~~~~~~~~~~~~~~^^^^^^^^^^^^^^^^^^^
  File "/home/lpkd3153/virtualenv/yamaguchipwt/3.13/lib/python3.13/site-packages/flask/templating.py", line 64, in get_source
    return self._get_source_fast(environment, template)
           ~~~~~~~~~~~~~~~~~~~~~^^^^^^^^^^^^^^^^^^^^^^^
  File "/home/lpkd3153/virtualenv/yamaguchipwt/3.13/lib/python3.13/site-packages/flask/templating.py", line 98, in _get_source_fast
    raise TemplateNotFound(template)
jinja2.exceptions.TemplateNotFound: certificate/view.html
[UID:1163][2742801] Child process with pid: 2751155 was killed by signal: 15, core dumped: no
[UID:1163][2742801] Child process with pid: 2751158 was killed by signal: 15, core dumped: no
[2026-01-22 17:55:26,013] ERROR in app: Exception on /certificate/42 [GET]
Traceback (most recent call last):
  File "/home/lpkd3153/virtualenv/yamaguchipwt/3.13/lib/python3.13/site-packages/flask/app.py", line 2190, in wsgi_app
    response = self.full_dispatch_request()
  File "/home/lpkd3153/virtualenv/yamaguchipwt/3.13/lib/python3.13/site-packages/flask/app.py", line 1486, in full_dispatch_request
    rv = self.handle_user_exception(e)
  File "/home/lpkd3153/virtualenv/yamaguchipwt/3.13/lib/python3.13/site-packages/flask/app.py", line 1484, in full_dispatch_request
    rv = self.dispatch_request()
  File "/home/lpkd3153/virtualenv/yamaguchipwt/3.13/lib/python3.13/site-packages/flask/app.py", line 1469, in dispatch_request
    return self.ensure_sync(self.view_functions[rule.endpoint])(**view_args)
           ~~~~~~~~~~~~~~~~~~~~~~~~~~~~~~~~~~~~~~~~~~~~~~~~~~~~^^^^^^^^^^^^^
  File "/home/lpkd3153/yamaguchipwt/utils/authentication.py", line 11, in wrapper
    return f(*args, **kwargs)
  File "/home/lpkd3153/yamaguchipwt/controllers/certificate_controller.py", line 30, in view_certificate
    return render_template('certificate/view.html', cert=cert)
  File "/home/lpkd3153/virtualenv/yamaguchipwt/3.13/lib/python3.13/site-packages/flask/templating.py", line 150, in render_template
    template = app.jinja_env.get_or_select_template(template_name_or_list)
  File "/home/lpkd3153/virtualenv/yamaguchipwt/3.13/lib/python3.13/site-packages/jinja2/environment.py", line 1087, in get_or_select_template
    return self.get_template(template_name_or_list, parent, globals)
           ~~~~~~~~~~~~~~~~~^^^^^^^^^^^^^^^^^^^^^^^^^^^^^^^^^^^^^^^^
  File "/home/lpkd3153/virtualenv/yamaguchipwt/3.13/lib/python3.13/site-packages/jinja2/environment.py", line 1016, in get_template
    return self._load_template(name, globals)
           ~~~~~~~~~~~~~~~~~~~^^^^^^^^^^^^^^^
  File "/home/lpkd3153/virtualenv/yamaguchipwt/3.13/lib/python3.13/site-packages/jinja2/environment.py", line 975, in _load_template
    template = self.loader.load(self, name, self.make_globals(globals))
  File "/home/lpkd3153/virtualenv/yamaguchipwt/3.13/lib/python3.13/site-packages/jinja2/loaders.py", line 126, in load
    source, filename, uptodate = self.get_source(environment, name)
                                 ~~~~~~~~~~~~~~~^^^^^^^^^^^^^^^^^^^
  File "/home/lpkd3153/virtualenv/yamaguchipwt/3.13/lib/python3.13/site-packages/flask/templating.py", line 64, in get_source
    return self._get_source_fast(environment, template)
           ~~~~~~~~~~~~~~~~~~~~~^^^^^^^^^^^^^^^^^^^^^^^
  File "/home/lpkd3153/virtualenv/yamaguchipwt/3.13/lib/python3.13/site-packages/flask/templating.py", line 98, in _get_source_fast
    raise TemplateNotFound(template)
jinja2.exceptions.TemplateNotFound: certificate/view.html
[2026-01-22 17:58:30,827] ERROR in app: Exception on /certificate/42 [GET]
Traceback (most recent call last):
  File "/home/lpkd3153/virtualenv/yamaguchipwt/3.13/lib/python3.13/site-packages/flask/app.py", line 2190, in wsgi_app
    response = self.full_dispatch_request()
  File "/home/lpkd3153/virtualenv/yamaguchipwt/3.13/lib/python3.13/site-packages/flask/app.py", line 1486, in full_dispatch_request
    rv = self.handle_user_exception(e)
  File "/home/lpkd3153/virtualenv/yamaguchipwt/3.13/lib/python3.13/site-packages/flask/app.py", line 1484, in full_dispatch_request
    rv = self.dispatch_request()
  File "/home/lpkd3153/virtualenv/yamaguchipwt/3.13/lib/python3.13/site-packages/flask/app.py", line 1469, in dispatch_request
    return self.ensure_sync(self.view_functions[rule.endpoint])(**view_args)
           ~~~~~~~~~~~~~~~~~~~~~~~~~~~~~~~~~~~~~~~~~~~~~~~~~~~~^^^^^^^^^^^^^
  File "/home/lpkd3153/yamaguchipwt/utils/authentication.py", line 11, in wrapper
    return f(*args, **kwargs)
  File "/home/lpkd3153/yamaguchipwt/controllers/certificate_controller.py", line 30, in view_certificate
    return render_template('certificate/view.html', cert=cert)
  File "/home/lpkd3153/virtualenv/yamaguchipwt/3.13/lib/python3.13/site-packages/flask/templating.py", line 150, in render_template
    template = app.jinja_env.get_or_select_template(template_name_or_list)
  File "/home/lpkd3153/virtualenv/yamaguchipwt/3.13/lib/python3.13/site-packages/jinja2/environment.py", line 1087, in get_or_select_template
    return self.get_template(template_name_or_list, parent, globals)
           ~~~~~~~~~~~~~~~~~^^^^^^^^^^^^^^^^^^^^^^^^^^^^^^^^^^^^^^^^
  File "/home/lpkd3153/virtualenv/yamaguchipwt/3.13/lib/python3.13/site-packages/jinja2/environment.py", line 1016, in get_template
    return self._load_template(name, globals)
           ~~~~~~~~~~~~~~~~~~~^^^^^^^^^^^^^^^
  File "/home/lpkd3153/virtualenv/yamaguchipwt/3.13/lib/python3.13/site-packages/jinja2/environment.py", line 975, in _load_template
    template = self.loader.load(self, name, self.make_globals(globals))
  File "/home/lpkd3153/virtualenv/yamaguchipwt/3.13/lib/python3.13/site-packages/jinja2/loaders.py", line 126, in load
    source, filename, uptodate = self.get_source(environment, name)
                                 ~~~~~~~~~~~~~~~^^^^^^^^^^^^^^^^^^^
  File "/home/lpkd3153/virtualenv/yamaguchipwt/3.13/lib/python3.13/site-packages/flask/templating.py", line 64, in get_source
    return self._get_source_fast(environment, template)
           ~~~~~~~~~~~~~~~~~~~~~^^^^^^^^^^^^^^^^^^^^^^^
  File "/home/lpkd3153/virtualenv/yamaguchipwt/3.13/lib/python3.13/site-packages/flask/templating.py", line 98, in _get_source_fast
    raise TemplateNotFound(template)
jinja2.exceptions.TemplateNotFound: certificate/view.html
[UID:1163][2788692] Child process with pid: 2789009 was killed by signal: 15, core dumped: no
[UID:1163][2788692] Child process with pid: 2789080 was killed by signal: 15, core dumped: no
[2026-01-22 17:59:34,645] ERROR in app: Exception on /certificate/42 [GET]
Traceback (most recent call last):
  File "/home/lpkd3153/virtualenv/yamaguchipwt/3.13/lib/python3.13/site-packages/flask/app.py", line 2190, in wsgi_app
    response = self.full_dispatch_request()
  File "/home/lpkd3153/virtualenv/yamaguchipwt/3.13/lib/python3.13/site-packages/flask/app.py", line 1486, in full_dispatch_request
    rv = self.handle_user_exception(e)
  File "/home/lpkd3153/virtualenv/yamaguchipwt/3.13/lib/python3.13/site-packages/flask/app.py", line 1484, in full_dispatch_request
    rv = self.dispatch_request()
  File "/home/lpkd3153/virtualenv/yamaguchipwt/3.13/lib/python3.13/site-packages/flask/app.py", line 1469, in dispatch_request
    return self.ensure_sync(self.view_functions[rule.endpoint])(**view_args)
           ~~~~~~~~~~~~~~~~~~~~~~~~~~~~~~~~~~~~~~~~~~~~~~~~~~~~^^^^^^^^^^^^^
  File "/home/lpkd3153/yamaguchipwt/utils/authentication.py", line 11, in wrapper
    return f(*args, **kwargs)
  File "/home/lpkd3153/yamaguchipwt/controllers/certificate_controller.py", line 30, in view_certificate
    return render_template('certificate/view.html', cert=cert)
  File "/home/lpkd3153/virtualenv/yamaguchipwt/3.13/lib/python3.13/site-packages/flask/templating.py", line 150, in render_template
    template = app.jinja_env.get_or_select_template(template_name_or_list)
  File "/home/lpkd3153/virtualenv/yamaguchipwt/3.13/lib/python3.13/site-packages/jinja2/environment.py", line 1087, in get_or_select_template
    return self.get_template(template_name_or_list, parent, globals)
           ~~~~~~~~~~~~~~~~~^^^^^^^^^^^^^^^^^^^^^^^^^^^^^^^^^^^^^^^^
  File "/home/lpkd3153/virtualenv/yamaguchipwt/3.13/lib/python3.13/site-packages/jinja2/environment.py", line 1016, in get_template
    return self._load_template(name, globals)
           ~~~~~~~~~~~~~~~~~~~^^^^^^^^^^^^^^^
  File "/home/lpkd3153/virtualenv/yamaguchipwt/3.13/lib/python3.13/site-packages/jinja2/environment.py", line 975, in _load_template
    template = self.loader.load(self, name, self.make_globals(globals))
  File "/home/lpkd3153/virtualenv/yamaguchipwt/3.13/lib/python3.13/site-packages/jinja2/loaders.py", line 126, in load
    source, filename, uptodate = self.get_source(environment, name)
                                 ~~~~~~~~~~~~~~~^^^^^^^^^^^^^^^^^^^
  File "/home/lpkd3153/virtualenv/yamaguchipwt/3.13/lib/python3.13/site-packages/flask/templating.py", line 64, in get_source
    return self._get_source_fast(environment, template)
           ~~~~~~~~~~~~~~~~~~~~~^^^^^^^^^^^^^^^^^^^^^^^
  File "/home/lpkd3153/virtualenv/yamaguchipwt/3.13/lib/python3.13/site-packages/flask/templating.py", line 98, in _get_source_fast
    raise TemplateNotFound(template)
jinja2.exceptions.TemplateNotFound: certificate/view.html
[UID:1163][2788692] Child process with pid: 2789867 was killed by signal: 15, core dumped: no
[UID:1163][2788692] Child process with pid: 2792234 was killed by signal: 15, core dumped: no
[2026-01-22 18:01:20,632] ERROR in app: Exception on /certificate/42 [GET]
Traceback (most recent call last):
  File "/home/lpkd3153/virtualenv/yamaguchipwt/3.13/lib/python3.13/site-packages/flask/app.py", line 2190, in wsgi_app
    response = self.full_dispatch_request()
  File "/home/lpkd3153/virtualenv/yamaguchipwt/3.13/lib/python3.13/site-packages/flask/app.py", line 1486, in full_dispatch_request
    rv = self.handle_user_exception(e)
  File "/home/lpkd3153/virtualenv/yamaguchipwt/3.13/lib/python3.13/site-packages/flask/app.py", line 1484, in full_dispatch_request
    rv = self.dispatch_request()
  File "/home/lpkd3153/virtualenv/yamaguchipwt/3.13/lib/python3.13/site-packages/flask/app.py", line 1469, in dispatch_request
    return self.ensure_sync(self.view_functions[rule.endpoint])(**view_args)
           ~~~~~~~~~~~~~~~~~~~~~~~~~~~~~~~~~~~~~~~~~~~~~~~~~~~~^^^^^^^^^^^^^
  File "/home/lpkd3153/yamaguchipwt/utils/authentication.py", line 11, in wrapper
    return f(*args, **kwargs)
  File "/home/lpkd3153/yamaguchipwt/controllers/certificate_controller.py", line 30, in view_certificate
    # Untuk menampilkan detail satu sertifikat di template daftar, bungkus cert dalam list
  File "/home/lpkd3153/virtualenv/yamaguchipwt/3.13/lib/python3.13/site-packages/flask/templating.py", line 150, in render_template
    template = app.jinja_env.get_or_select_template(template_name_or_list)
  File "/home/lpkd3153/virtualenv/yamaguchipwt/3.13/lib/python3.13/site-packages/jinja2/environment.py", line 1087, in get_or_select_template
    return self.get_template(template_name_or_list, parent, globals)
           ~~~~~~~~~~~~~~~~~^^^^^^^^^^^^^^^^^^^^^^^^^^^^^^^^^^^^^^^^
  File "/home/lpkd3153/virtualenv/yamaguchipwt/3.13/lib/python3.13/site-packages/jinja2/environment.py", line 1016, in get_template
    return self._load_template(name, globals)
           ~~~~~~~~~~~~~~~~~~~^^^^^^^^^^^^^^^
  File "/home/lpkd3153/virtualenv/yamaguchipwt/3.13/lib/python3.13/site-packages/jinja2/environment.py", line 975, in _load_template
    template = self.loader.load(self, name, self.make_globals(globals))
  File "/home/lpkd3153/virtualenv/yamaguchipwt/3.13/lib/python3.13/site-packages/jinja2/loaders.py", line 126, in load
    source, filename, uptodate = self.get_source(environment, name)
                                 ~~~~~~~~~~~~~~~^^^^^^^^^^^^^^^^^^^
  File "/home/lpkd3153/virtualenv/yamaguchipwt/3.13/lib/python3.13/site-packages/flask/templating.py", line 64, in get_source
    return self._get_source_fast(environment, template)
           ~~~~~~~~~~~~~~~~~~~~~^^^^^^^^^^^^^^^^^^^^^^^
  File "/home/lpkd3153/virtualenv/yamaguchipwt/3.13/lib/python3.13/site-packages/flask/templating.py", line 98, in _get_source_fast
    raise TemplateNotFound(template)
jinja2.exceptions.TemplateNotFound: certificate/view.html
[UID:1163][2818054] Child process with pid: 2818386 was killed by signal: 15, core dumped: no
[UID:1163][2819553] Child process with pid: 2828282 was killed by signal: 15, core dumped: no
[UID:1163][2819553] Child process with pid: 2828538 was killed by signal: 15, core dumped: no
[UID:1163][2819553] Child process with pid: 2831642 was killed by signal: 15, core dumped: no
[UID:1163][2819553] Reached max children process limit: 6, extra: 2, current: 8, busy: 7, please increase LSAPI_CHILDREN.
[UID:1163][2819553] Child process with pid: 3391575 was killed by signal: 15, core dumped: no
[UID:1163][2819553] Child process with pid: 3391605 was killed by signal: 15, core dumped: no
[UID:1163][2819553] Child process with pid: 3396630 was killed by signal: 15, core dumped: no
[UID:1163][2819553] Child process with pid: 3397078 was killed by signal: 15, core dumped: no
[UID:1163][3488097] Child process with pid: 3488456 was killed by signal: 15, core dumped: no
[UID:1163][3489484] Child process with pid: 3734042 was killed by signal: 15, core dumped: no
[UID:1163][3489484] Child process with pid: 3734735 was killed by signal: 15, core dumped: no
[UID:1163][3489484] Child process with pid: 3740879 was killed by signal: 15, core dumped: no
[UID:1163][3489484] Child process with pid: 3741143 was killed by signal: 15, core dumped: no
[UID:1163][3489484] Child process with pid: 3741782 was killed by signal: 15, core dumped: no
[UID:1163][3489484] Child process with pid: 3741781 was killed by signal: 15, core dumped: no
[UID:1163][3489484] Child process with pid: 3742703 was killed by signal: 15, core dumped: no
[2026-01-22 20:52:50,936] ERROR in app: Exception on /forum [GET]
Traceback (most recent call last):
  File "/home/lpkd3153/virtualenv/yamaguchipwt/3.13/lib/python3.13/site-packages/flask/app.py", line 2190, in wsgi_app
    response = self.full_dispatch_request()
  File "/home/lpkd3153/virtualenv/yamaguchipwt/3.13/lib/python3.13/site-packages/flask/app.py", line 1486, in full_dispatch_request
    rv = self.handle_user_exception(e)
  File "/home/lpkd3153/virtualenv/yamaguchipwt/3.13/lib/python3.13/site-packages/flask/app.py", line 1484, in full_dispatch_request
    rv = self.dispatch_request()
  File "/home/lpkd3153/virtualenv/yamaguchipwt/3.13/lib/python3.13/site-packages/flask/app.py", line 1469, in dispatch_request
    return self.ensure_sync(self.view_functions[rule.endpoint])(**view_args)
           ~~~~~~~~~~~~~~~~~~~~~~~~~~~~~~~~~~~~~~~~~~~~~~~~~~~~^^^^^^^^^^^^^
  File "/home/lpkd3153/yamaguchipwt/utils/authentication.py", line 11, in wrapper
    return f(*args, **kwargs)
  File "/home/lpkd3153/yamaguchipwt/controllers/forum_controller.py", line 66, in forum
    return render_template('forum/index.html', posts=posts)
  File "/home/lpkd3153/virtualenv/yamaguchipwt/3.13/lib/python3.13/site-packages/flask/templating.py", line 151, in render_template
    return _render(app, template, context)
  File "/home/lpkd3153/virtualenv/yamaguchipwt/3.13/lib/python3.13/site-packages/flask/templating.py", line 132, in _render
    rv = template.render(context)
  File "/home/lpkd3153/virtualenv/yamaguchipwt/3.13/lib/python3.13/site-packages/jinja2/environment.py", line 1295, in render
    self.environment.handle_exception()
    ~~~~~~~~~~~~~~~~~~~~~~~~~~~~~~~~~^^
  File "/home/lpkd3153/virtualenv/yamaguchipwt/3.13/lib/python3.13/site-packages/jinja2/environment.py", line 942, in handle_exception
    raise rewrite_traceback_stack(source=source)
  File "/home/lpkd3153/yamaguchipwt/templates/forum/index.html", line 1, in top-level template code
    {% extends "navbar/base.html" %}
    ^^^^^^^^^^^^^^^^^^^^^^^^^
  File "/home/lpkd3153/yamaguchipwt/templates/navbar/base.html", line 7, in top-level template code
    <title>{% block title %}LPK Yamaguchi{% endblock %}</title>
    ^^^^^^^^^^^^^^^^^^^^^
  File "/home/lpkd3153/yamaguchipwt/templates/forum/index.html", line 3, in block 'title'
    {% block title %}Forum - {{ post.title or 'Postingan' }}{% endblock %}
    ^^^^^^^^^^^^^^^^^^^^^^^^^
  File "/home/lpkd3153/virtualenv/yamaguchipwt/3.13/lib/python3.13/site-packages/jinja2/environment.py", line 490, in getattr
    return getattr(obj, attribute)
jinja2.exceptions.UndefinedError: 'post' is undefined
[2026-01-22 20:55:33,104] ERROR in app: Exception on /forum [GET]
Traceback (most recent call last):
  File "/home/lpkd3153/virtualenv/yamaguchipwt/3.13/lib/python3.13/site-packages/flask/app.py", line 2190, in wsgi_app
    response = self.full_dispatch_request()
  File "/home/lpkd3153/virtualenv/yamaguchipwt/3.13/lib/python3.13/site-packages/flask/app.py", line 1486, in full_dispatch_request
    rv = self.handle_user_exception(e)
  File "/home/lpkd3153/virtualenv/yamaguchipwt/3.13/lib/python3.13/site-packages/flask/app.py", line 1484, in full_dispatch_request
    rv = self.dispatch_request()
  File "/home/lpkd3153/virtualenv/yamaguchipwt/3.13/lib/python3.13/site-packages/flask/app.py", line 1469, in dispatch_request
    return self.ensure_sync(self.view_functions[rule.endpoint])(**view_args)
           ~~~~~~~~~~~~~~~~~~~~~~~~~~~~~~~~~~~~~~~~~~~~~~~~~~~~^^^^^^^^^^^^^
  File "/home/lpkd3153/yamaguchipwt/utils/authentication.py", line 11, in wrapper
    return f(*args, **kwargs)
  File "/home/lpkd3153/yamaguchipwt/controllers/forum_controller.py", line 66, in forum
    return render_template('forum/index.html', posts=posts)
  File "/home/lpkd3153/virtualenv/yamaguchipwt/3.13/lib/python3.13/site-packages/flask/templating.py", line 151, in render_template
    return _render(app, template, context)
  File "/home/lpkd3153/virtualenv/yamaguchipwt/3.13/lib/python3.13/site-packages/flask/templating.py", line 132, in _render
    rv = template.render(context)
  File "/home/lpkd3153/virtualenv/yamaguchipwt/3.13/lib/python3.13/site-packages/jinja2/environment.py", line 1295, in render
    self.environment.handle_exception()
    ~~~~~~~~~~~~~~~~~~~~~~~~~~~~~~~~~^^
  File "/home/lpkd3153/virtualenv/yamaguchipwt/3.13/lib/python3.13/site-packages/jinja2/environment.py", line 942, in handle_exception
    raise rewrite_traceback_stack(source=source)
  File "/home/lpkd3153/yamaguchipwt/templates/forum/index.html", line 1, in top-level template code
    {% extends "navbar/base.html" %}
    ^^^^^^^^^^^^^^^^^^^^^^^^^
  File "/home/lpkd3153/yamaguchipwt/templates/navbar/base.html", line 7, in top-level template code
    <title>{% block title %}LPK Yamaguchi{% endblock %}</title>
    ^^^^^^^^^^^^^^^^^^^^^
  File "/home/lpkd3153/yamaguchipwt/templates/forum/index.html", line 3, in block 'title'
    {% block title %}Forum - {{ post.title or 'Postingan' }}{% endblock %}
    ^^^^^^^^^^^^^^^^^^^^^^^^^
  File "/home/lpkd3153/virtualenv/yamaguchipwt/3.13/lib/python3.13/site-packages/jinja2/environment.py", line 490, in getattr
    return getattr(obj, attribute)
jinja2.exceptions.UndefinedError: 'post' is undefined
[2026-01-22 20:55:34,311] ERROR in app: Exception on /forum [GET]
Traceback (most recent call last):
  File "/home/lpkd3153/virtualenv/yamaguchipwt/3.13/lib/python3.13/site-packages/flask/app.py", line 2190, in wsgi_app
    response = self.full_dispatch_request()
  File "/home/lpkd3153/virtualenv/yamaguchipwt/3.13/lib/python3.13/site-packages/flask/app.py", line 1486, in full_dispatch_request
    rv = self.handle_user_exception(e)
  File "/home/lpkd3153/virtualenv/yamaguchipwt/3.13/lib/python3.13/site-packages/flask/app.py", line 1484, in full_dispatch_request
    rv = self.dispatch_request()
  File "/home/lpkd3153/virtualenv/yamaguchipwt/3.13/lib/python3.13/site-packages/flask/app.py", line 1469, in dispatch_request
    return self.ensure_sync(self.view_functions[rule.endpoint])(**view_args)
           ~~~~~~~~~~~~~~~~~~~~~~~~~~~~~~~~~~~~~~~~~~~~~~~~~~~~^^^^^^^^^^^^^
  File "/home/lpkd3153/yamaguchipwt/utils/authentication.py", line 11, in wrapper
    return f(*args, **kwargs)
  File "/home/lpkd3153/yamaguchipwt/controllers/forum_controller.py", line 66, in forum
    return render_template('forum/index.html', posts=posts)
  File "/home/lpkd3153/virtualenv/yamaguchipwt/3.13/lib/python3.13/site-packages/flask/templating.py", line 151, in render_template
    return _render(app, template, context)
  File "/home/lpkd3153/virtualenv/yamaguchipwt/3.13/lib/python3.13/site-packages/flask/templating.py", line 132, in _render
    rv = template.render(context)
  File "/home/lpkd3153/virtualenv/yamaguchipwt/3.13/lib/python3.13/site-packages/jinja2/environment.py", line 1295, in render
    self.environment.handle_exception()
    ~~~~~~~~~~~~~~~~~~~~~~~~~~~~~~~~~^^
  File "/home/lpkd3153/virtualenv/yamaguchipwt/3.13/lib/python3.13/site-packages/jinja2/environment.py", line 942, in handle_exception
    raise rewrite_traceback_stack(source=source)
  File "/home/lpkd3153/yamaguchipwt/templates/forum/index.html", line 1, in top-level template code
    {% extends "navbar/base.html" %}
    ^^^^^^^^^^^^^^^^^^^^^^^^^
  File "/home/lpkd3153/yamaguchipwt/templates/navbar/base.html", line 7, in top-level template code
    <title>{% block title %}LPK Yamaguchi{% endblock %}</title>
    ^^^^^^^^^^^^^^^^^^^^^
  File "/home/lpkd3153/yamaguchipwt/templates/forum/index.html", line 3, in block 'title'
    {% block title %}Forum - {{ post.title or 'Postingan' }}{% endblock %}
    ^^^^^^^^^^^^^^^^^^^^^^^^^
  File "/home/lpkd3153/virtualenv/yamaguchipwt/3.13/lib/python3.13/site-packages/jinja2/environment.py", line 490, in getattr
    return getattr(obj, attribute)
jinja2.exceptions.UndefinedError: 'post' is undefined
[2026-01-22 20:55:35,278] ERROR in app: Exception on /forum [GET]
Traceback (most recent call last):
  File "/home/lpkd3153/virtualenv/yamaguchipwt/3.13/lib/python3.13/site-packages/flask/app.py", line 2190, in wsgi_app
    response = self.full_dispatch_request()
  File "/home/lpkd3153/virtualenv/yamaguchipwt/3.13/lib/python3.13/site-packages/flask/app.py", line 1486, in full_dispatch_request
    rv = self.handle_user_exception(e)
  File "/home/lpkd3153/virtualenv/yamaguchipwt/3.13/lib/python3.13/site-packages/flask/app.py", line 1484, in full_dispatch_request
    rv = self.dispatch_request()
  File "/home/lpkd3153/virtualenv/yamaguchipwt/3.13/lib/python3.13/site-packages/flask/app.py", line 1469, in dispatch_request
    return self.ensure_sync(self.view_functions[rule.endpoint])(**view_args)
           ~~~~~~~~~~~~~~~~~~~~~~~~~~~~~~~~~~~~~~~~~~~~~~~~~~~~^^^^^^^^^^^^^
  File "/home/lpkd3153/yamaguchipwt/utils/authentication.py", line 11, in wrapper
    return f(*args, **kwargs)
  File "/home/lpkd3153/yamaguchipwt/controllers/forum_controller.py", line 66, in forum
    return render_template('forum/index.html', posts=posts)
  File "/home/lpkd3153/virtualenv/yamaguchipwt/3.13/lib/python3.13/site-packages/flask/templating.py", line 151, in render_template
    return _render(app, template, context)
  File "/home/lpkd3153/virtualenv/yamaguchipwt/3.13/lib/python3.13/site-packages/flask/templating.py", line 132, in _render
    rv = template.render(context)
  File "/home/lpkd3153/virtualenv/yamaguchipwt/3.13/lib/python3.13/site-packages/jinja2/environment.py", line 1295, in render
    self.environment.handle_exception()
    ~~~~~~~~~~~~~~~~~~~~~~~~~~~~~~~~~^^
  File "/home/lpkd3153/virtualenv/yamaguchipwt/3.13/lib/python3.13/site-packages/jinja2/environment.py", line 942, in handle_exception
    raise rewrite_traceback_stack(source=source)
  File "/home/lpkd3153/yamaguchipwt/templates/forum/index.html", line 1, in top-level template code
    {% extends "navbar/base.html" %}
    ^^^^^^^^^^^^^^^^^^^^^^^^^
  File "/home/lpkd3153/yamaguchipwt/templates/navbar/base.html", line 7, in top-level template code
    <title>{% block title %}LPK Yamaguchi{% endblock %}</title>
    ^^^^^^^^^^^^^^^^^^^^^
  File "/home/lpkd3153/yamaguchipwt/templates/forum/index.html", line 3, in block 'title'
    {% block title %}Forum - {{ post.title or 'Postingan' }}{% endblock %}
    ^^^^^^^^^^^^^^^^^^^^^^^^^
  File "/home/lpkd3153/virtualenv/yamaguchipwt/3.13/lib/python3.13/site-packages/jinja2/environment.py", line 490, in getattr
    return getattr(obj, attribute)
jinja2.exceptions.UndefinedError: 'post' is undefined
[2026-01-22 20:55:47,341] ERROR in app: Exception on /forum [GET]
Traceback (most recent call last):
  File "/home/lpkd3153/virtualenv/yamaguchipwt/3.13/lib/python3.13/site-packages/flask/app.py", line 2190, in wsgi_app
    response = self.full_dispatch_request()
  File "/home/lpkd3153/virtualenv/yamaguchipwt/3.13/lib/python3.13/site-packages/flask/app.py", line 1486, in full_dispatch_request
    rv = self.handle_user_exception(e)
  File "/home/lpkd3153/virtualenv/yamaguchipwt/3.13/lib/python3.13/site-packages/flask/app.py", line 1484, in full_dispatch_request
    rv = self.dispatch_request()
  File "/home/lpkd3153/virtualenv/yamaguchipwt/3.13/lib/python3.13/site-packages/flask/app.py", line 1469, in dispatch_request
    return self.ensure_sync(self.view_functions[rule.endpoint])(**view_args)
           ~~~~~~~~~~~~~~~~~~~~~~~~~~~~~~~~~~~~~~~~~~~~~~~~~~~~^^^^^^^^^^^^^
  File "/home/lpkd3153/yamaguchipwt/utils/authentication.py", line 11, in wrapper
    return f(*args, **kwargs)
  File "/home/lpkd3153/yamaguchipwt/controllers/forum_controller.py", line 66, in forum
    return render_template('forum/index.html', posts=posts)
  File "/home/lpkd3153/virtualenv/yamaguchipwt/3.13/lib/python3.13/site-packages/flask/templating.py", line 151, in render_template
    return _render(app, template, context)
  File "/home/lpkd3153/virtualenv/yamaguchipwt/3.13/lib/python3.13/site-packages/flask/templating.py", line 132, in _render
    rv = template.render(context)
  File "/home/lpkd3153/virtualenv/yamaguchipwt/3.13/lib/python3.13/site-packages/jinja2/environment.py", line 1295, in render
    self.environment.handle_exception()
    ~~~~~~~~~~~~~~~~~~~~~~~~~~~~~~~~~^^
  File "/home/lpkd3153/virtualenv/yamaguchipwt/3.13/lib/python3.13/site-packages/jinja2/environment.py", line 942, in handle_exception
    raise rewrite_traceback_stack(source=source)
  File "/home/lpkd3153/yamaguchipwt/templates/forum/index.html", line 1, in top-level template code
    {% extends "navbar/base.html" %}
    ^^^^^^^^^^^^^^^^^^^^^^^^^
  File "/home/lpkd3153/yamaguchipwt/templates/navbar/base.html", line 7, in top-level template code
    <title>{% block title %}LPK Yamaguchi{% endblock %}</title>
    ^^^^^^^^^^^^^^^^^^^^^
  File "/home/lpkd3153/yamaguchipwt/templates/forum/index.html", line 3, in block 'title'
    {% block title %}Forum - {{ post.title or 'Postingan' }}{% endblock %}
    ^^^^^^^^^^^^^^^^^^^^^^^^^
  File "/home/lpkd3153/virtualenv/yamaguchipwt/3.13/lib/python3.13/site-packages/jinja2/environment.py", line 490, in getattr
    return getattr(obj, attribute)
jinja2.exceptions.UndefinedError: 'post' is undefined
[2026-01-22 20:56:46,132] ERROR in app: Exception on /forum [GET]
Traceback (most recent call last):
  File "/home/lpkd3153/virtualenv/yamaguchipwt/3.13/lib/python3.13/site-packages/flask/app.py", line 2190, in wsgi_app
    response = self.full_dispatch_request()
  File "/home/lpkd3153/virtualenv/yamaguchipwt/3.13/lib/python3.13/site-packages/flask/app.py", line 1486, in full_dispatch_request
    rv = self.handle_user_exception(e)
  File "/home/lpkd3153/virtualenv/yamaguchipwt/3.13/lib/python3.13/site-packages/flask/app.py", line 1484, in full_dispatch_request
    rv = self.dispatch_request()
  File "/home/lpkd3153/virtualenv/yamaguchipwt/3.13/lib/python3.13/site-packages/flask/app.py", line 1469, in dispatch_request
    return self.ensure_sync(self.view_functions[rule.endpoint])(**view_args)
           ~~~~~~~~~~~~~~~~~~~~~~~~~~~~~~~~~~~~~~~~~~~~~~~~~~~~^^^^^^^^^^^^^
  File "/home/lpkd3153/yamaguchipwt/utils/authentication.py", line 11, in wrapper
    return f(*args, **kwargs)
  File "/home/lpkd3153/yamaguchipwt/controllers/forum_controller.py", line 66, in forum
    return render_template('forum/index.html', posts=posts)
  File "/home/lpkd3153/virtualenv/yamaguchipwt/3.13/lib/python3.13/site-packages/flask/templating.py", line 151, in render_template
    return _render(app, template, context)
  File "/home/lpkd3153/virtualenv/yamaguchipwt/3.13/lib/python3.13/site-packages/flask/templating.py", line 132, in _render
    rv = template.render(context)
  File "/home/lpkd3153/virtualenv/yamaguchipwt/3.13/lib/python3.13/site-packages/jinja2/environment.py", line 1295, in render
    self.environment.handle_exception()
    ~~~~~~~~~~~~~~~~~~~~~~~~~~~~~~~~~^^
  File "/home/lpkd3153/virtualenv/yamaguchipwt/3.13/lib/python3.13/site-packages/jinja2/environment.py", line 942, in handle_exception
    raise rewrite_traceback_stack(source=source)
  File "/home/lpkd3153/yamaguchipwt/templates/forum/index.html", line 1, in top-level template code
    {% extends "navbar/base.html" %}
    ^^^^^^^^^^^^^^^^^^^^^^^^^
  File "/home/lpkd3153/yamaguchipwt/templates/navbar/base.html", line 7, in top-level template code
    <title>{% block title %}LPK Yamaguchi{% endblock %}</title>
    ^^^^^^^^^^^^^^^^^^^^^
  File "/home/lpkd3153/yamaguchipwt/templates/forum/index.html", line 3, in block 'title'
    {% block title %}Forum Diskusi - LPK Yamaguchi{% endblock %}
    ^^^^^^^^^^^^^^^^^^^^^^^^^
  File "/home/lpkd3153/virtualenv/yamaguchipwt/3.13/lib/python3.13/site-packages/jinja2/environment.py", line 490, in getattr
    return getattr(obj, attribute)
jinja2.exceptions.UndefinedError: 'post' is undefined
[2026-01-22 20:57:05,396] ERROR in app: Exception on /forum [GET]
Traceback (most recent call last):
  File "/home/lpkd3153/virtualenv/yamaguchipwt/3.13/lib/python3.13/site-packages/flask/app.py", line 2190, in wsgi_app
    response = self.full_dispatch_request()
  File "/home/lpkd3153/virtualenv/yamaguchipwt/3.13/lib/python3.13/site-packages/flask/app.py", line 1486, in full_dispatch_request
    rv = self.handle_user_exception(e)
  File "/home/lpkd3153/virtualenv/yamaguchipwt/3.13/lib/python3.13/site-packages/flask/app.py", line 1484, in full_dispatch_request
    rv = self.dispatch_request()
  File "/home/lpkd3153/virtualenv/yamaguchipwt/3.13/lib/python3.13/site-packages/flask/app.py", line 1469, in dispatch_request
    return self.ensure_sync(self.view_functions[rule.endpoint])(**view_args)
           ~~~~~~~~~~~~~~~~~~~~~~~~~~~~~~~~~~~~~~~~~~~~~~~~~~~~^^^^^^^^^^^^^
  File "/home/lpkd3153/yamaguchipwt/utils/authentication.py", line 11, in wrapper
    return f(*args, **kwargs)
  File "/home/lpkd3153/yamaguchipwt/controllers/forum_controller.py", line 66, in forum
    return render_template('forum/index.html', posts=posts)
  File "/home/lpkd3153/virtualenv/yamaguchipwt/3.13/lib/python3.13/site-packages/flask/templating.py", line 151, in render_template
    return _render(app, template, context)
  File "/home/lpkd3153/virtualenv/yamaguchipwt/3.13/lib/python3.13/site-packages/flask/templating.py", line 132, in _render
    rv = template.render(context)
  File "/home/lpkd3153/virtualenv/yamaguchipwt/3.13/lib/python3.13/site-packages/jinja2/environment.py", line 1295, in render
    self.environment.handle_exception()
    ~~~~~~~~~~~~~~~~~~~~~~~~~~~~~~~~~^^
  File "/home/lpkd3153/virtualenv/yamaguchipwt/3.13/lib/python3.13/site-packages/jinja2/environment.py", line 942, in handle_exception
    raise rewrite_traceback_stack(source=source)
  File "/home/lpkd3153/yamaguchipwt/templates/forum/index.html", line 1, in top-level template code
    {% extends "navbar/base.html" %}
    ^^^^^^^^^^^^^^^^^^^^^^^^^
  File "/home/lpkd3153/yamaguchipwt/templates/navbar/base.html", line 7, in top-level template code
    <title>{% block title %}LPK Yamaguchi{% endblock %}</title>
    ^^^^^^^^^^^^^^^^^^^^^
  File "/home/lpkd3153/yamaguchipwt/templates/forum/index.html", line 3, in block 'title'
    {% block title %}Forum Diskusi - LPK Yamaguchi{% endblock %}
    ^^^^^^^^^^^^^^^^^^^^^^^^^
  File "/home/lpkd3153/virtualenv/yamaguchipwt/3.13/lib/python3.13/site-packages/jinja2/environment.py", line 490, in getattr
    return getattr(obj, attribute)
jinja2.exceptions.UndefinedError: 'post' is undefined
[2026-01-22 20:59:34,828] ERROR in app: Exception on /forum [GET]
Traceback (most recent call last):
  File "/home/lpkd3153/virtualenv/yamaguchipwt/3.13/lib/python3.13/site-packages/flask/app.py", line 2190, in wsgi_app
    response = self.full_dispatch_request()
  File "/home/lpkd3153/virtualenv/yamaguchipwt/3.13/lib/python3.13/site-packages/flask/app.py", line 1486, in full_dispatch_request
    rv = self.handle_user_exception(e)
  File "/home/lpkd3153/virtualenv/yamaguchipwt/3.13/lib/python3.13/site-packages/flask/app.py", line 1484, in full_dispatch_request
    rv = self.dispatch_request()
  File "/home/lpkd3153/virtualenv/yamaguchipwt/3.13/lib/python3.13/site-packages/flask/app.py", line 1469, in dispatch_request
    return self.ensure_sync(self.view_functions[rule.endpoint])(**view_args)
           ~~~~~~~~~~~~~~~~~~~~~~~~~~~~~~~~~~~~~~~~~~~~~~~~~~~~^^^^^^^^^^^^^
  File "/home/lpkd3153/yamaguchipwt/utils/authentication.py", line 11, in wrapper
    return f(*args, **kwargs)
  File "/home/lpkd3153/yamaguchipwt/controllers/forum_controller.py", line 66, in forum
    return render_template('forum/index.html', posts=posts)
  File "/home/lpkd3153/virtualenv/yamaguchipwt/3.13/lib/python3.13/site-packages/flask/templating.py", line 150, in render_template
    template = app.jinja_env.get_or_select_template(template_name_or_list)
  File "/home/lpkd3153/virtualenv/yamaguchipwt/3.13/lib/python3.13/site-packages/jinja2/environment.py", line 1087, in get_or_select_template
    return self.get_template(template_name_or_list, parent, globals)
           ~~~~~~~~~~~~~~~~~^^^^^^^^^^^^^^^^^^^^^^^^^^^^^^^^^^^^^^^^
  File "/home/lpkd3153/virtualenv/yamaguchipwt/3.13/lib/python3.13/site-packages/jinja2/environment.py", line 1016, in get_template
    return self._load_template(name, globals)
           ~~~~~~~~~~~~~~~~~~~^^^^^^^^^^^^^^^
  File "/home/lpkd3153/virtualenv/yamaguchipwt/3.13/lib/python3.13/site-packages/jinja2/environment.py", line 975, in _load_template
    template = self.loader.load(self, name, self.make_globals(globals))
  File "/home/lpkd3153/virtualenv/yamaguchipwt/3.13/lib/python3.13/site-packages/jinja2/loaders.py", line 126, in load
    source, filename, uptodate = self.get_source(environment, name)
                                 ~~~~~~~~~~~~~~~^^^^^^^^^^^^^^^^^^^
  File "/home/lpkd3153/virtualenv/yamaguchipwt/3.13/lib/python3.13/site-packages/flask/templating.py", line 64, in get_source
    return self._get_source_fast(environment, template)
           ~~~~~~~~~~~~~~~~~~~~~^^^^^^^^^^^^^^^^^^^^^^^
  File "/home/lpkd3153/virtualenv/yamaguchipwt/3.13/lib/python3.13/site-packages/flask/templating.py", line 95, in _get_source_fast
    return loader.get_source(environment, template)
           ~~~~~~~~~~~~~~~~~^^^^^^^^^^^^^^^^^^^^^^^
  File "/home/lpkd3153/virtualenv/yamaguchipwt/3.13/lib/python3.13/site-packages/jinja2/loaders.py", line 215, in get_source
    contents = f.read()
  File "<frozen codecs>", line 325, in decode
UnicodeDecodeError: 'utf-8' codec can't decode byte 0x95 in position 3086: invalid start byte
[UID:1163][569618] Child process with pid: 643170 was killed by signal: 15, core dumped: no
[UID:1163][569618] Child process with pid: 644209 was killed by signal: 15, core dumped: no
[UID:1163][569618] Child process with pid: 633034 was killed by signal: 15, core dumped: no
[UID:1163][569618] Child process with pid: 632347 was killed by signal: 15, core dumped: no
[UID:1163][647418] packetLen < 0
[UID:1163][569618] Reached max children process limit: 6, extra: 2, current: 8, busy: 7, please increase LSAPI_CHILDREN.
[UID:1163][569618] Reached max children process limit: 6, extra: 2, current: 8, busy: 8, please increase LSAPI_CHILDREN.
[UID:1163][569618] Reached max children process limit: 6, extra: 2, current: 8, busy: 8, please increase LSAPI_CHILDREN.
[UID:1163][569618] Reached max children process limit: 6, extra: 2, current: 8, busy: 8, please increase LSAPI_CHILDREN.
[UID:1163][569618] Reached max children process limit: 6, extra: 2, current: 8, busy: 8, please increase LSAPI_CHILDREN.
[UID:1163][569618] Reached max children process limit: 6, extra: 2, current: 8, busy: 8, please increase LSAPI_CHILDREN.
[UID:1163][569618] Reached max children process limit: 6, extra: 2, current: 8, busy: 8, please increase LSAPI_CHILDREN.
[UID:1163][569618] Reached max children process limit: 6, extra: 2, current: 8, busy: 8, please increase LSAPI_CHILDREN.
[UID:1163][569618] Reached max children process limit: 6, extra: 2, current: 8, busy: 8, please increase LSAPI_CHILDREN.
[UID:1163][569618] Reached max children process limit: 6, extra: 2, current: 8, busy: 8, please increase LSAPI_CHILDREN.
[UID:1163][569618] Reached max children process limit: 6, extra: 2, current: 8, busy: 8, please increase LSAPI_CHILDREN.
[UID:1163][569618] Reached max children process limit: 6, extra: 2, current: 8, busy: 7, please increase LSAPI_CHILDREN.
[UID:1163][569618] Reached max children process limit: 6, extra: 2, current: 8, busy: 8, please increase LSAPI_CHILDREN.
[UID:1163][569618] Child process with pid: 723966 was killed by signal: 15, core dumped: no
[UID:1163][569618] Child process with pid: 724251 was killed by signal: 15, core dumped: no
[UID:1163][569618] Child process with pid: 725734 was killed by signal: 15, core dumped: no
[UID:1163][569618] Child process with pid: 724856 was killed by signal: 15, core dumped: no
[UID:1163][569618] Child process with pid: 726057 was killed by signal: 15, core dumped: no
[UID:1163][569618] Child process with pid: 727995 was killed by signal: 15, core dumped: no
[UID:1163][569618] Child process with pid: 727998 was killed by signal: 15, core dumped: no
[UID:1163][569618] Child process with pid: 728181 was killed by signal: 15, core dumped: no
[UID:1163][569618] Child process with pid: 770435 was killed by signal: 15, core dumped: no
[UID:1163][569618] Child process with pid: 770497 was killed by signal: 15, core dumped: no
[UID:1163][569618] Child process with pid: 770646 was killed by signal: 15, core dumped: no
[UID:1163][772674] Child process with pid: 773065 was killed by signal: 15, core dumped: no
[UID:1163][774524] Child process with pid: 774712 was killed by signal: 15, core dumped: no
[UID:1163][774524] Child process with pid: 775598 was killed by signal: 15, core dumped: no
[UID:1163][774524] Child process with pid: 776032 was killed by signal: 15, core dumped: no
[UID:1163][774524] Child process with pid: 776060 was killed by signal: 15, core dumped: no
[UID:1163][774524] Child process with pid: 776324 was killed by signal: 15, core dumped: no
[UID:1163][774524] Child process with pid: 776355 was killed by signal: 15, core dumped: no
[UID:1163][774524] Child process with pid: 776709 was killed by signal: 15, core dumped: no
[UID:1163][774524] Child process with pid: 776731 was killed by signal: 15, core dumped: no
[UID:1163][774524] Child process with pid: 776964 was killed by signal: 15, core dumped: no
[UID:1163][774524] Child process with pid: 776987 was killed by signal: 15, core dumped: no
[UID:1163][774524] Child process with pid: 777122 was killed by signal: 15, core dumped: no
[UID:1163][774524] Child process with pid: 777137 was killed by signal: 15, core dumped: no
[UID:1163][774524] Child process with pid: 777295 was killed by signal: 15, core dumped: no
[UID:1163][774524] Child process with pid: 777312 was killed by signal: 15, core dumped: no
[UID:1163][774524] Child process with pid: 777472 was killed by signal: 15, core dumped: no
[UID:1163][774524] Child process with pid: 777499 was killed by signal: 15, core dumped: no
[UID:1163][774524] Child process with pid: 777776 was killed by signal: 15, core dumped: no
[UID:1163][774524] Child process with pid: 777815 was killed by signal: 15, core dumped: no
[UID:1163][774524] Child process with pid: 778092 was killed by signal: 15, core dumped: no
[UID:1163][774524] Child process with pid: 778127 was killed by signal: 15, core dumped: no
[UID:1163][774524] Child process with pid: 778337 was killed by signal: 15, core dumped: no
[UID:1163][774524] Child process with pid: 778381 was killed by signal: 15, core dumped: no
[UID:1163][774524] Child process with pid: 778545 was killed by signal: 15, core dumped: no
[UID:1163][774524] Child process with pid: 778547 was killed by signal: 15, core dumped: no
[UID:1163][774524] Child process with pid: 781442 was killed by signal: 15, core dumped: no
[UID:1163][774524] Child process with pid: 782334 was killed by signal: 15, core dumped: no
[UID:1163][774524] Child process with pid: 782529 was killed by signal: 15, core dumped: no
[UID:1163][774524] Child process with pid: 783264 was killed by signal: 15, core dumped: no
[UID:1163][774524] Child process with pid: 783392 was killed by signal: 15, core dumped: no
[UID:1163][774524] Child process with pid: 783518 was killed by signal: 15, core dumped: no
[UID:1163][774524] Child process with pid: 783625 was killed by signal: 15, core dumped: no
[UID:1163][774524] Child process with pid: 783784 was killed by signal: 15, core dumped: no
[UID:1163][774524] Child process with pid: 783901 was killed by signal: 15, core dumped: no
[UID:1163][774524] Child process with pid: 783990 was killed by signal: 15, core dumped: no
[UID:1163][774524] Child process with pid: 784032 was killed by signal: 15, core dumped: no
[UID:1163][774524] Child process with pid: 784305 was killed by signal: 15, core dumped: no
[UID:1163][774524] Child process with pid: 790455 was killed by signal: 15, core dumped: no
[UID:1163][774524] Child process with pid: 791099 was killed by signal: 15, core dumped: no
[UID:1163][774524] Child process with pid: 791288 was killed by signal: 15, core dumped: no
[UID:1163][774524] Reached max children process limit: 6, extra: 2, current: 8, busy: 8, please increase LSAPI_CHILDREN.
[UID:1163][774524] Child process with pid: 791707 was killed by signal: 15, core dumped: no
[UID:1163][774524] Child process with pid: 791731 was killed by signal: 15, core dumped: no
[UID:1163][774524] Child process with pid: 792885 was killed by signal: 15, core dumped: no
[UID:1163][774524] Child process with pid: 793118 was killed by signal: 15, core dumped: no
[UID:1163][774524] Child process with pid: 793150 was killed by signal: 15, core dumped: no
[UID:1163][774524] Child process with pid: 793180 was killed by signal: 15, core dumped: no
[UID:1163][774524] Child process with pid: 793198 was killed by signal: 15, core dumped: no
[UID:1163][774524] Child process with pid: 793220 was killed by signal: 15, core dumped: no
[UID:1163][774524] Child process with pid: 793235 was killed by signal: 15, core dumped: no
[UID:1163][774524] Child process with pid: 793257 was killed by signal: 15, core dumped: no
[UID:1163][774524] Child process with pid: 793272 was killed by signal: 15, core dumped: no
[UID:1163][774524] Child process with pid: 793295 was killed by signal: 15, core dumped: no
[UID:1163][774524] Child process with pid: 793318 was killed by signal: 15, core dumped: no
[UID:1163][774524] Child process with pid: 793373 was killed by signal: 15, core dumped: no
[UID:1163][774524] Child process with pid: 793389 was killed by signal: 15, core dumped: no
[UID:1163][774524] Child process with pid: 793409 was killed by signal: 15, core dumped: no
[UID:1163][774524] Child process with pid: 793423 was killed by signal: 15, core dumped: no
[UID:1163][774524] Child process with pid: 793455 was killed by signal: 15, core dumped: no
[UID:1163][774524] Child process with pid: 793473 was killed by signal: 15, core dumped: no
[UID:1163][774524] Child process with pid: 793477 was killed by signal: 15, core dumped: no
[UID:1163][774524] Child process with pid: 793498 was killed by signal: 15, core dumped: no
[UID:1163][774524] Child process with pid: 793505 was killed by signal: 15, core dumped: no
[UID:1163][774524] Child process with pid: 793525 was killed by signal: 15, core dumped: no
[UID:1163][774524] Child process with pid: 793593 was killed by signal: 15, core dumped: no
[UID:1163][774524] Child process with pid: 793577 was killed by signal: 15, core dumped: no
[UID:1163][774524] Child process with pid: 793707 was killed by signal: 15, core dumped: no
[UID:1163][774524] Child process with pid: 793843 was killed by signal: 15, core dumped: no
[UID:1163][774524] Child process with pid: 793963 was killed by signal: 15, core dumped: no
[UID:1163][774524] Child process with pid: 794028 was killed by signal: 15, core dumped: no
[UID:1163][774524] Child process with pid: 794319 was killed by signal: 15, core dumped: no
[UID:1163][774524] Child process with pid: 794369 was killed by signal: 15, core dumped: no
[UID:1163][774524] Child process with pid: 794433 was killed by signal: 15, core dumped: no
[UID:1163][774524] Child process with pid: 794489 was killed by signal: 15, core dumped: no
[UID:1163][774524] Child process with pid: 794577 was killed by signal: 15, core dumped: no
[UID:1163][774524] Child process with pid: 794661 was killed by signal: 15, core dumped: no
[UID:1163][774524] Child process with pid: 794679 was killed by signal: 15, core dumped: no
[UID:1163][774524] Child process with pid: 795348 was killed by signal: 15, core dumped: no
[UID:1163][774524] Child process with pid: 795512 was killed by signal: 15, core dumped: no
[UID:1163][774524] Child process with pid: 795893 was killed by signal: 15, core dumped: no
[UID:1163][774524] Child process with pid: 795973 was killed by signal: 15, core dumped: no
[UID:1163][774524] Child process with pid: 796239 was killed by signal: 15, core dumped: no
[UID:1163][774524] Child process with pid: 796289 was killed by signal: 15, core dumped: no
[UID:1163][774524] Child process with pid: 821306 was killed by signal: 15, core dumped: no
[UID:1163][774524] Child process with pid: 821662 was killed by signal: 15, core dumped: no
[UID:1163][774524] Child process with pid: 822854 was killed by signal: 15, core dumped: no
[UID:1163][774524] Child process with pid: 823130 was killed by signal: 15, core dumped: no
[UID:1163][774524] Child process with pid: 822856 was killed by signal: 15, core dumped: no
[UID:1163][774524] Child process with pid: 824558 was killed by signal: 15, core dumped: no
[UID:1163][774524] Child process with pid: 826058 was killed by signal: 15, core dumped: no
[UID:1163][774524] Child process with pid: 826931 was killed by signal: 15, core dumped: no
[UID:1163][774524] Child process with pid: 826962 was killed by signal: 15, core dumped: no
[UID:1163][774524] Child process with pid: 827019 was killed by signal: 15, core dumped: no
[UID:1163][774524] Child process with pid: 827050 was killed by signal: 15, core dumped: no
[UID:1163][774524] Child process with pid: 827136 was killed by signal: 15, core dumped: no
[UID:1163][774524] Child process with pid: 827152 was killed by signal: 15, core dumped: no
[UID:1163][774524] Child process with pid: 827189 was killed by signal: 15, core dumped: no
[UID:1163][774524] Child process with pid: 827191 was killed by signal: 15, core dumped: no
[UID:1163][774524] Child process with pid: 827234 was killed by signal: 15, core dumped: no
[UID:1163][774524] Child process with pid: 827237 was killed by signal: 15, core dumped: no
[UID:1163][774524] Child process with pid: 827252 was killed by signal: 15, core dumped: no
[UID:1163][774524] Child process with pid: 840208 was killed by signal: 15, core dumped: no
[UID:1163][774524] Child process with pid: 931813 was killed by signal: 15, core dumped: no
[UID:1163][774524] Child process with pid: 933846 was killed by signal: 15, core dumped: no
[UID:1163][774524] Child process with pid: 1124848 was killed by signal: 15, core dumped: no
[UID:1163][774524] Child process with pid: 1125265 was killed by signal: 15, core dumped: no
[UID:1163][774524] Child process with pid: 1171494 was killed by signal: 15, core dumped: no
[UID:1163][774524] Child process with pid: 1172122 was killed by signal: 15, core dumped: no
OSError: LSAPI: File error
[UID:1163][774524] Child process with pid: 1269343 was killed by signal: 15, core dumped: no
[UID:1163][774524] Child process with pid: 1269367 was killed by signal: 15, core dumped: no
[UID:1163][774524] Child process with pid: 1269341 was killed by signal: 15, core dumped: no
[UID:1163][2294429] Child process with pid: 2294888 was killed by signal: 15, core dumped: no
[UID:1163][2294429] Child process with pid: 2294911 was killed by signal: 15, core dumped: no
[UID:1163][2294429] Child process with pid: 2296258 was killed by signal: 15, core dumped: no
[UID:1163][2294429] Child process with pid: 2296488 was killed by signal: 15, core dumped: no
[UID:1163][2294429] Child process with pid: 2296500 was killed by signal: 15, core dumped: no
[UID:1163][2294429] Child process with pid: 2296632 was killed by signal: 15, core dumped: no
[UID:1163][2294429] Child process with pid: 2296639 was killed by signal: 15, core dumped: no
[UID:1163][2294429] Child process with pid: 2296747 was killed by signal: 15, core dumped: no
[UID:1163][2294429] Child process with pid: 2296756 was killed by signal: 15, core dumped: no
[UID:1163][2294429] Child process with pid: 2296870 was killed by signal: 15, core dumped: no
[UID:1163][2294429] Child process with pid: 2296873 was killed by signal: 15, core dumped: no
[UID:1163][2294429] Child process with pid: 2296988 was killed by signal: 15, core dumped: no
[UID:1163][2294429] Child process with pid: 2297009 was killed by signal: 15, core dumped: no
[UID:1163][2294429] Child process with pid: 2297120 was killed by signal: 15, core dumped: no
[UID:1163][2294429] Child process with pid: 2297145 was killed by signal: 15, core dumped: no
[UID:1163][2294429] Child process with pid: 2297223 was killed by signal: 15, core dumped: no
[UID:1163][2294429] Child process with pid: 2297256 was killed by signal: 15, core dumped: no
[UID:1163][2294429] Child process with pid: 2297422 was killed by signal: 15, core dumped: no
[UID:1163][2294429] Child process with pid: 2297451 was killed by signal: 15, core dumped: no
[UID:1163][2294429] Child process with pid: 2297760 was killed by signal: 15, core dumped: no
[UID:1163][2294429] Child process with pid: 2298006 was killed by signal: 15, core dumped: no
[UID:1163][2294429] Child process with pid: 2298749 was killed by signal: 15, core dumped: no
[UID:1163][2294429] Child process with pid: 2299012 was killed by signal: 15, core dumped: no
[UID:1163][2294429] Child process with pid: 2299059 was killed by signal: 15, core dumped: no
[UID:1163][2294429] Child process with pid: 2299209 was killed by signal: 15, core dumped: no
[UID:1163][2294429] Child process with pid: 2299261 was killed by signal: 15, core dumped: no
[UID:1163][2294429] Child process with pid: 2299345 was killed by signal: 15, core dumped: no
[UID:1163][2294429] Child process with pid: 2299421 was killed by signal: 15, core dumped: no
[UID:1163][2294429] Child process with pid: 2300161 was killed by signal: 15, core dumped: no
[UID:1163][2294429] Child process with pid: 2300248 was killed by signal: 15, core dumped: no
[UID:1163][2294429] Child process with pid: 2300470 was killed by signal: 15, core dumped: no
[UID:1163][2294429] Child process with pid: 2300547 was killed by signal: 15, core dumped: no
[UID:1163][2294429] Child process with pid: 2300797 was killed by signal: 15, core dumped: no
[UID:1163][2294429] Child process with pid: 2305660 was killed by signal: 15, core dumped: no
[UID:1163][2294429] Child process with pid: 2306799 was killed by signal: 15, core dumped: no
[UID:1163][2294429] Child process with pid: 2307950 was killed by signal: 15, core dumped: no
[UID:1163][2294429] Child process with pid: 2308162 was killed by signal: 15, core dumped: no
[UID:1163][2294429] Child process with pid: 2308423 was killed by signal: 15, core dumped: no
[UID:1163][2294429] Child process with pid: 2308656 was killed by signal: 15, core dumped: no
[UID:1163][2294429] Child process with pid: 2308817 was killed by signal: 15, core dumped: no
[UID:1163][2294429] Child process with pid: 2309015 was killed by signal: 15, core dumped: no
[UID:1163][2294429] Child process with pid: 2309452 was killed by signal: 15, core dumped: no
[UID:1163][2294429] Child process with pid: 2309580 was killed by signal: 15, core dumped: no
[UID:1163][2294429] Child process with pid: 2309680 was killed by signal: 15, core dumped: no
[UID:1163][2294429] Child process with pid: 2309683 was killed by signal: 15, core dumped: no
[UID:1163][2294429] Child process with pid: 2309760 was killed by signal: 15, core dumped: no
[UID:1163][2294429] Child process with pid: 2309771 was killed by signal: 15, core dumped: no
[UID:1163][2294429] Child process with pid: 2309836 was killed by signal: 15, core dumped: no
[UID:1163][2294429] Child process with pid: 2309841 was killed by signal: 15, core dumped: no
[UID:1163][2484497] Child process with pid: 2484828 was killed by signal: 15, core dumped: no
[UID:1163][2484497] Child process with pid: 2484909 was killed by signal: 15, core dumped: no
[UID:1163][2487161] Child process with pid: 2526312 was killed by signal: 15, core dumped: no
[UID:1163][2761509] Child process with pid: 2761803 was killed by signal: 15, core dumped: no
[UID:1163][3028204] Child process with pid: 3028542 was killed by signal: 15, core dumped: no
OSError: LSAPI: File error
[UID:1163][1738940] Child process with pid: 1739151 was killed by signal: 15, core dumped: no
[UID:1163][1738940] Child process with pid: 1740694 was killed by signal: 15, core dumped: no
[2026-01-23 13:20:56,066] ERROR in app: Exception on /teacher/bank/assignment/ [GET]
Traceback (most recent call last):
  File "/home/lpkd3153/virtualenv/yamaguchipwt/3.13/lib/python3.13/site-packages/flask/app.py", line 2190, in wsgi_app
    response = self.full_dispatch_request()
  File "/home/lpkd3153/virtualenv/yamaguchipwt/3.13/lib/python3.13/site-packages/flask/app.py", line 1486, in full_dispatch_request
    rv = self.handle_user_exception(e)
  File "/home/lpkd3153/virtualenv/yamaguchipwt/3.13/lib/python3.13/site-packages/flask/app.py", line 1484, in full_dispatch_request
    rv = self.dispatch_request()
  File "/home/lpkd3153/virtualenv/yamaguchipwt/3.13/lib/python3.13/site-packages/flask/app.py", line 1469, in dispatch_request
    return self.ensure_sync(self.view_functions[rule.endpoint])(**view_args)
           ~~~~~~~~~~~~~~~~~~~~~~~~~~~~~~~~~~~~~~~~~~~~~~~~~~~~^^^^^^^^^^^^^
  File "/home/lpkd3153/yamaguchipwt/utils/authentication.py", line 11, in wrapper
    return f(*args, **kwargs)
  File "/home/lpkd3153/yamaguchipwt/utils/authentication.py", line 47, in wrapper
    return f(*args, **kwargs)
  File "/home/lpkd3153/yamaguchipwt/controllers/question_bank_controller.py", line 507, in assignment_banks_index
    return render_template('teacher/question_bank/assignment_banks_index.html', banks=banks)
  File "/home/lpkd3153/virtualenv/yamaguchipwt/3.13/lib/python3.13/site-packages/flask/templating.py", line 151, in render_template
    return _render(app, template, context)
  File "/home/lpkd3153/virtualenv/yamaguchipwt/3.13/lib/python3.13/site-packages/flask/templating.py", line 132, in _render
    rv = template.render(context)
  File "/home/lpkd3153/virtualenv/yamaguchipwt/3.13/lib/python3.13/site-packages/jinja2/environment.py", line 1295, in render
    self.environment.handle_exception()
    ~~~~~~~~~~~~~~~~~~~~~~~~~~~~~~~~~^^
  File "/home/lpkd3153/virtualenv/yamaguchipwt/3.13/lib/python3.13/site-packages/jinja2/environment.py", line 942, in handle_exception
    raise rewrite_traceback_stack(source=source)
  File "/home/lpkd3153/yamaguchipwt/templates/teacher/question_bank/assignment_banks_index.html", line 1, in top-level template code
    {% extends "navbar/base.html" %}
    ^^^^^^^^^^^^^^^^^^^^^^^^^
  File "/home/lpkd3153/yamaguchipwt/templates/navbar/base.html", line 417, in top-level template code
    {% block content %}{% endblock %}
    ^^^^^^^^^^^^^^^^^
  File "/home/lpkd3153/yamaguchipwt/templates/teacher/question_bank/assignment_banks_index.html", line 199, in block 'content'
    <input type="text" name="name" value="{{ bank.name }}" class="form-control" required>
    ^^^^^^^^^^^^^^^^^
  File "/home/lpkd3153/virtualenv/yamaguchipwt/3.13/lib/python3.13/site-packages/jinja2/environment.py", line 490, in getattr
    return getattr(obj, attribute)
jinja2.exceptions.UndefinedError: 'bank' is undefined
[2026-01-23 13:21:04,899] ERROR in app: Exception on /teacher/bank/assignment/ [GET]
Traceback (most recent call last):
  File "/home/lpkd3153/virtualenv/yamaguchipwt/3.13/lib/python3.13/site-packages/flask/app.py", line 2190, in wsgi_app
    response = self.full_dispatch_request()
  File "/home/lpkd3153/virtualenv/yamaguchipwt/3.13/lib/python3.13/site-packages/flask/app.py", line 1486, in full_dispatch_request
    rv = self.handle_user_exception(e)
  File "/home/lpkd3153/virtualenv/yamaguchipwt/3.13/lib/python3.13/site-packages/flask/app.py", line 1484, in full_dispatch_request
    rv = self.dispatch_request()
  File "/home/lpkd3153/virtualenv/yamaguchipwt/3.13/lib/python3.13/site-packages/flask/app.py", line 1469, in dispatch_request
    return self.ensure_sync(self.view_functions[rule.endpoint])(**view_args)
           ~~~~~~~~~~~~~~~~~~~~~~~~~~~~~~~~~~~~~~~~~~~~~~~~~~~~^^^^^^^^^^^^^
  File "/home/lpkd3153/yamaguchipwt/utils/authentication.py", line 11, in wrapper
    return f(*args, **kwargs)
  File "/home/lpkd3153/yamaguchipwt/utils/authentication.py", line 47, in wrapper
    return f(*args, **kwargs)
  File "/home/lpkd3153/yamaguchipwt/controllers/question_bank_controller.py", line 507, in assignment_banks_index
    return render_template('teacher/question_bank/assignment_banks_index.html', banks=banks)
  File "/home/lpkd3153/virtualenv/yamaguchipwt/3.13/lib/python3.13/site-packages/flask/templating.py", line 151, in render_template
    return _render(app, template, context)
  File "/home/lpkd3153/virtualenv/yamaguchipwt/3.13/lib/python3.13/site-packages/flask/templating.py", line 132, in _render
    rv = template.render(context)
  File "/home/lpkd3153/virtualenv/yamaguchipwt/3.13/lib/python3.13/site-packages/jinja2/environment.py", line 1295, in render
    self.environment.handle_exception()
    ~~~~~~~~~~~~~~~~~~~~~~~~~~~~~~~~~^^
  File "/home/lpkd3153/virtualenv/yamaguchipwt/3.13/lib/python3.13/site-packages/jinja2/environment.py", line 942, in handle_exception
    raise rewrite_traceback_stack(source=source)
  File "/home/lpkd3153/yamaguchipwt/templates/teacher/question_bank/assignment_banks_index.html", line 1, in top-level template code
    {% extends "navbar/base.html" %}
    ^^^^^^^^^^^^^^^^^^^^^^^^^
  File "/home/lpkd3153/yamaguchipwt/templates/navbar/base.html", line 417, in top-level template code
    {% block content %}{% endblock %}
    ^^^^^^^^^^^^^^^^^
  File "/home/lpkd3153/yamaguchipwt/templates/teacher/question_bank/assignment_banks_index.html", line 199, in block 'content'
    <input type="text" name="name" value="{{ bank.name }}" class="form-control" required>
    ^^^^^^^^^^^^^^^^^
  File "/home/lpkd3153/virtualenv/yamaguchipwt/3.13/lib/python3.13/site-packages/jinja2/environment.py", line 490, in getattr
    return getattr(obj, attribute)
jinja2.exceptions.UndefinedError: 'bank' is undefined
[UID:1163][2282517] Child process with pid: 2443524 was killed by signal: 15, core dumped: no
[UID:1163][2282517] Child process with pid: 2443531 was killed by signal: 15, core dumped: no
[UID:1163][2547822] Child process with pid: 2646328 was killed by signal: 15, core dumped: no
[UID:1163][2547822] Child process with pid: 2646344 was killed by signal: 15, core dumped: no
[UID:1163][3016074] Child process with pid: 3016875 was killed by signal: 15, core dumped: no
[UID:1163][3016074] Child process with pid: 3016977 was killed by signal: 15, core dumped: no
[UID:1163][3773084] Child process with pid: 3773477 was killed by signal: 15, core dumped: no
[UID:1163][3773084] Child process with pid: 3773553 was killed by signal: 15, core dumped: no
[UID:1163][3773084] Child process with pid: 3873660 was killed by signal: 15, core dumped: no
[UID:1163][3873713] Child process with pid: 3873971 was killed by signal: 15, core dumped: no
[UID:1163][4099482] Child process with pid: 4099921 was killed by signal: 15, core dumped: no
[UID:1163][4099482] Child process with pid: 4099958 was killed by signal: 15, core dumped: no
[UID:1163][353329] Child process with pid: 353696 was killed by signal: 15, core dumped: no
[UID:1163][353329] Child process with pid: 353782 was killed by signal: 15, core dumped: no
[UID:1163][637464] Child process with pid: 789182 was killed by signal: 15, core dumped: no
[UID:1163][2604439] Child process with pid: 2604859 was killed by signal: 15, core dumped: no
[UID:1163][2604439] Child process with pid: 2604866 was killed by signal: 15, core dumped: no
[UID:1163][2622282] Child process with pid: 2622604 was killed by signal: 15, core dumped: no
[UID:1163][2622282] Child process with pid: 2622655 was killed by signal: 15, core dumped: no
[UID:1163][2622282] Child process with pid: 2623784 was killed by signal: 15, core dumped: no
[UID:1163][2622282] Child process with pid: 2624043 was killed by signal: 15, core dumped: no
[UID:1163][2622282] Child process with pid: 2624092 was killed by signal: 15, core dumped: no
[UID:1163][2622282] Child process with pid: 2624112 was killed by signal: 15, core dumped: no
[UID:1163][2622282] Child process with pid: 2624206 was killed by signal: 15, core dumped: no
[UID:1163][2622282] Child process with pid: 2624214 was killed by signal: 15, core dumped: no
[UID:1163][2622282] Child process with pid: 2624295 was killed by signal: 15, core dumped: no
[UID:1163][2622282] Child process with pid: 2624313 was killed by signal: 15, core dumped: no
[UID:1163][2622282] Child process with pid: 2624357 was killed by signal: 15, core dumped: no
[UID:1163][2622282] Child process with pid: 2624369 was killed by signal: 15, core dumped: no
[UID:1163][2622282] Child process with pid: 2624481 was killed by signal: 15, core dumped: no
[UID:1163][2622282] Child process with pid: 2624495 was killed by signal: 15, core dumped: no
[UID:1163][2622282] Child process with pid: 2624523 was killed by signal: 15, core dumped: no
[UID:1163][2622282] Child process with pid: 2624531 was killed by signal: 15, core dumped: no
[UID:1163][2622282] Child process with pid: 2624587 was killed by signal: 15, core dumped: no
[UID:1163][2622282] Child process with pid: 2624598 was killed by signal: 15, core dumped: no
[UID:1163][2622282] Child process with pid: 2624622 was killed by signal: 15, core dumped: no
[UID:1163][2622282] Child process with pid: 2624636 was killed by signal: 15, core dumped: no
[UID:1163][2991554] Child process with pid: 3018713 was killed by signal: 15, core dumped: no
[UID:1163][2991554] Child process with pid: 3019139 was killed by signal: 15, core dumped: no
[UID:1163][3024346] Child process with pid: 3024463 was killed by signal: 15, core dumped: no
[UID:1163][3024904] Child process with pid: 3025000 was killed by signal: 15, core dumped: no
[UID:1163][3024904] Child process with pid: 3025016 was killed by signal: 15, core dumped: no
[UID:1163][3024904] Child process with pid: 3025135 was killed by signal: 15, core dumped: no
[UID:1163][3024904] Child process with pid: 3025142 was killed by signal: 15, core dumped: no
[UID:1163][3024904] Child process with pid: 3025175 was killed by signal: 15, core dumped: no
[UID:1163][3024904] Child process with pid: 3025188 was killed by signal: 15, core dumped: no
[UID:1163][3024904] Child process with pid: 3025232 was killed by signal: 15, core dumped: no
[UID:1163][3024904] Child process with pid: 3025244 was killed by signal: 15, core dumped: no
[UID:1163][3024904] Child process with pid: 3025280 was killed by signal: 15, core dumped: no
[UID:1163][3024904] Child process with pid: 3025290 was killed by signal: 15, core dumped: no
[UID:1163][3024904] Child process with pid: 3025317 was killed by signal: 15, core dumped: no
[UID:1163][3024904] Child process with pid: 3025330 was killed by signal: 15, core dumped: no
[UID:1163][3024904] Child process with pid: 3025360 was killed by signal: 15, core dumped: no
[UID:1163][3024904] Child process with pid: 3025370 was killed by signal: 15, core dumped: no
[UID:1163][3024904] Child process with pid: 3025410 was killed by signal: 15, core dumped: no
[UID:1163][3024904] Child process with pid: 3025441 was killed by signal: 15, core dumped: no
[UID:1163][3024904] Child process with pid: 3025454 was killed by signal: 15, core dumped: no
[UID:1163][3024904] Child process with pid: 3025482 was killed by signal: 15, core dumped: no
[UID:1163][3024904] Child process with pid: 3025486 was killed by signal: 15, core dumped: no
[UID:1163][3024904] Child process with pid: 3025529 was killed by signal: 15, core dumped: no
[UID:1163][3024904] Child process with pid: 3025537 was killed by signal: 15, core dumped: no
[UID:1163][3024904] Child process with pid: 3025563 was killed by signal: 15, core dumped: no
[UID:1163][3024904] Child process with pid: 3025564 was killed by signal: 15, core dumped: no
[UID:1163][3024904] Child process with pid: 3025598 was killed by signal: 15, core dumped: no
[UID:1163][3024904] Child process with pid: 3025601 was killed by signal: 15, core dumped: no
[UID:1163][3024904] Child process with pid: 3025646 was killed by signal: 15, core dumped: no
[UID:1163][3024904] Child process with pid: 3025652 was killed by signal: 15, core dumped: no
[UID:1163][3024904] Child process with pid: 3025678 was killed by signal: 15, core dumped: no
[UID:1163][3024904] Child process with pid: 3025693 was killed by signal: 15, core dumped: no
[UID:1163][3024904] Child process with pid: 3025732 was killed by signal: 15, core dumped: no
[UID:1163][3024904] Child process with pid: 3025736 was killed by signal: 15, core dumped: no
[UID:1163][3024904] Child process with pid: 3025786 was killed by signal: 15, core dumped: no
[UID:1163][3024904] Child process with pid: 3025795 was killed by signal: 15, core dumped: no
[UID:1163][3024904] Child process with pid: 3025852 was killed by signal: 15, core dumped: no
[UID:1163][3024904] Child process with pid: 3025870 was killed by signal: 15, core dumped: no
[UID:1163][3024904] Child process with pid: 3025926 was killed by signal: 15, core dumped: no
[UID:1163][3024904] Child process with pid: 3026033 was killed by signal: 15, core dumped: no
[UID:1163][3024904] Child process with pid: 3026295 was killed by signal: 15, core dumped: no
[UID:1163][3024904] Child process with pid: 3026407 was killed by signal: 15, core dumped: no
[UID:1163][3024904] Child process with pid: 3028921 was killed by signal: 15, core dumped: no
[UID:1163][3024904] Child process with pid: 3030324 was killed by signal: 15, core dumped: no
[UID:1163][3024904] Child process with pid: 3030433 was killed by signal: 15, core dumped: no
[UID:1163][3024904] Child process with pid: 3030561 was killed by signal: 15, core dumped: no
[UID:1163][3024904] Child process with pid: 3030646 was killed by signal: 15, core dumped: no
[UID:1163][3024904] Child process with pid: 3030712 was killed by signal: 15, core dumped: no
[UID:1163][3024904] Child process with pid: 3030814 was killed by signal: 15, core dumped: no
[UID:1163][3024904] Child process with pid: 3030856 was killed by signal: 15, core dumped: no
[UID:1163][3024904] Child process with pid: 3030895 was killed by signal: 15, core dumped: no
[UID:1163][3024904] Child process with pid: 3030943 was killed by signal: 15, core dumped: no
[UID:1163][3024904] Child process with pid: 3031022 was killed by signal: 15, core dumped: no
[UID:1163][3024904] Child process with pid: 3031095 was killed by signal: 15, core dumped: no
[UID:1163][3024904] Child process with pid: 3031159 was killed by signal: 15, core dumped: no
[UID:1163][3024904] Child process with pid: 3031178 was killed by signal: 15, core dumped: no
[UID:1163][3024904] Child process with pid: 3031304 was killed by signal: 15, core dumped: no
[UID:1163][3024904] Child process with pid: 3031353 was killed by signal: 15, core dumped: no
[UID:1163][3024904] Child process with pid: 3031412 was killed by signal: 15, core dumped: no
[UID:1163][3024904] Child process with pid: 3031445 was killed by signal: 15, core dumped: no
[UID:1163][3024904] Child process with pid: 3031495 was killed by signal: 15, core dumped: no
[UID:1163][3024904] Child process with pid: 3031509 was killed by signal: 15, core dumped: no
[UID:1163][3024904] Child process with pid: 3031543 was killed by signal: 15, core dumped: no
[UID:1163][3024904] Child process with pid: 3031562 was killed by signal: 15, core dumped: no
[UID:1163][3024904] Child process with pid: 3031591 was killed by signal: 15, core dumped: no
[UID:1163][3024904] Child process with pid: 3031613 was killed by signal: 15, core dumped: no
[UID:1163][3024904] Child process with pid: 3031661 was killed by signal: 15, core dumped: no
[UID:1163][3024904] Child process with pid: 3031668 was killed by signal: 15, core dumped: no
[UID:1163][3024904] Child process with pid: 3031701 was killed by signal: 15, core dumped: no
[UID:1163][3024904] Child process with pid: 3031724 was killed by signal: 15, core dumped: no
[UID:1163][3024904] Child process with pid: 3031767 was killed by signal: 15, core dumped: no
[UID:1163][3024904] Child process with pid: 3031769 was killed by signal: 15, core dumped: no
[UID:1163][3024904] Child process with pid: 3031810 was killed by signal: 15, core dumped: no
[UID:1163][3024904] Child process with pid: 3031852 was killed by signal: 15, core dumped: no
[UID:1163][3024904] Child process with pid: 3031903 was killed by signal: 15, core dumped: no
[UID:1163][3024904] Child process with pid: 3031918 was killed by signal: 15, core dumped: no
[UID:1163][3024904] Child process with pid: 3031968 was killed by signal: 15, core dumped: no
[UID:1163][3024904] Child process with pid: 3031987 was killed by signal: 15, core dumped: no
[UID:1163][3024904] Child process with pid: 3032105 was killed by signal: 15, core dumped: no
[UID:1163][3024904] Child process with pid: 3053668 was killed by signal: 15, core dumped: no
[UID:1163][3079948] Child process with pid: 3080169 was killed by signal: 15, core dumped: no
[UID:1163][3079948] Child process with pid: 3080185 was killed by signal: 15, core dumped: no
[UID:1163][3079948] Child process with pid: 3080212 was killed by signal: 15, core dumped: no
[UID:1163][3079948] Child process with pid: 3081238 was killed by signal: 15, core dumped: no
[UID:1163][3079948] Child process with pid: 3081348 was killed by signal: 15, core dumped: no
[UID:1163][3079948] Child process with pid: 3081379 was killed by signal: 15, core dumped: no
[UID:1163][3079948] Child process with pid: 3081412 was killed by signal: 15, core dumped: no
[UID:1163][3079948] Child process with pid: 3081430 was killed by signal: 15, core dumped: no
[UID:1163][3079948] Child process with pid: 3081470 was killed by signal: 15, core dumped: no
[UID:1163][3079948] Child process with pid: 3081491 was killed by signal: 15, core dumped: no
[UID:1163][3079948] Child process with pid: 3081536 was killed by signal: 15, core dumped: no
[UID:1163][3079948] Child process with pid: 3081548 was killed by signal: 15, core dumped: no
[UID:1163][3079948] Child process with pid: 3081607 was killed by signal: 15, core dumped: no
[UID:1163][3079948] Child process with pid: 3081611 was killed by signal: 15, core dumped: no
[UID:1163][3079948] Child process with pid: 3081674 was killed by signal: 15, core dumped: no
[UID:1163][3079948] Child process with pid: 3081691 was killed by signal: 15, core dumped: no
[UID:1163][3079948] Child process with pid: 3081727 was killed by signal: 15, core dumped: no
[UID:1163][3079948] Child process with pid: 3081744 was killed by signal: 15, core dumped: no
[UID:1163][3079948] Child process with pid: 3081773 was killed by signal: 15, core dumped: no
[UID:1163][3079948] Child process with pid: 3081783 was killed by signal: 15, core dumped: no
[UID:1163][3079948] Child process with pid: 3081817 was killed by signal: 15, core dumped: no
[UID:1163][3079948] Child process with pid: 3081824 was killed by signal: 15, core dumped: no
[UID:1163][3079948] Child process with pid: 3081869 was killed by signal: 15, core dumped: no
[UID:1163][3079948] Child process with pid: 3081892 was killed by signal: 15, core dumped: no
[UID:1163][3079948] Child process with pid: 3081903 was killed by signal: 15, core dumped: no
[UID:1163][3079948] Child process with pid: 3081912 was killed by signal: 15, core dumped: no
[UID:1163][3079948] Child process with pid: 3082053 was killed by signal: 15, core dumped: no
[UID:1163][3079948] Child process with pid: 3082052 was killed by signal: 15, core dumped: no
[UID:1163][3079948] Child process with pid: 3082632 was killed by signal: 15, core dumped: no
[UID:1163][3079948] Child process with pid: 3082782 was killed by signal: 15, core dumped: no
[UID:1163][3079948] Child process with pid: 3082854 was killed by signal: 15, core dumped: no
[UID:1163][3079948] Child process with pid: 3082901 was killed by signal: 15, core dumped: no
[UID:1163][3079948] Child process with pid: 3082918 was killed by signal: 15, core dumped: no
[UID:1163][3079948] Child process with pid: 3082946 was killed by signal: 15, core dumped: no
[UID:1163][3079948] Child process with pid: 3082963 was killed by signal: 15, core dumped: no
[UID:1163][3079948] Child process with pid: 3082991 was killed by signal: 15, core dumped: no
[UID:1163][3079948] Child process with pid: 3083013 was killed by signal: 15, core dumped: no
[UID:1163][3079948] Child process with pid: 3083047 was killed by signal: 15, core dumped: no
[UID:1163][3079948] Child process with pid: 3083062 was killed by signal: 15, core dumped: no
[UID:1163][3079948] Child process with pid: 3083098 was killed by signal: 15, core dumped: no
[UID:1163][3079948] Child process with pid: 3083113 was killed by signal: 15, core dumped: no
[UID:1163][3079948] Child process with pid: 3083146 was killed by signal: 15, core dumped: no
[UID:1163][3079948] Child process with pid: 3083153 was killed by signal: 15, core dumped: no
[UID:1163][3079948] Child process with pid: 3083183 was killed by signal: 15, core dumped: no
[UID:1163][3079948] Child process with pid: 3083349 was killed by signal: 15, core dumped: no
[UID:1163][3079948] Child process with pid: 3083417 was killed by signal: 15, core dumped: no
[UID:1163][3079948] Child process with pid: 3083584 was killed by signal: 15, core dumped: no
[UID:1163][3079948] Child process with pid: 3084083 was killed by signal: 15, core dumped: no
[UID:1163][3079948] Child process with pid: 3084306 was killed by signal: 15, core dumped: no
[UID:1163][3079948] Child process with pid: 3084475 was killed by signal: 15, core dumped: no
[UID:1163][3079948] Child process with pid: 3084739 was killed by signal: 15, core dumped: no
[UID:1163][3079948] Child process with pid: 3084784 was killed by signal: 15, core dumped: no
[UID:1163][3079948] Child process with pid: 3084917 was killed by signal: 15, core dumped: no
[UID:1163][3079948] Child process with pid: 3084960 was killed by signal: 15, core dumped: no
[UID:1163][3079948] Child process with pid: 3085065 was killed by signal: 15, core dumped: no
[UID:1163][3079948] Child process with pid: 3085115 was killed by signal: 15, core dumped: no
[UID:1163][3079948] Child process with pid: 3085243 was killed by signal: 15, core dumped: no
[UID:1163][3079948] Child process with pid: 3085331 was killed by signal: 15, core dumped: no
[UID:1163][3079948] Child process with pid: 3085505 was killed by signal: 15, core dumped: no
[UID:1163][3079948] Child process with pid: 3085554 was killed by signal: 15, core dumped: no
[UID:1163][3079948] Child process with pid: 3085711 was killed by signal: 15, core dumped: no
[UID:1163][3079948] Child process with pid: 3085748 was killed by signal: 15, core dumped: no
[UID:1163][3079948] Child process with pid: 3085874 was killed by signal: 15, core dumped: no
[UID:1163][92239] Child process with pid: 114213 was killed by signal: 15, core dumped: no
[UID:1163][92239] Child process with pid: 114375 was killed by signal: 15, core dumped: no
[UID:1163][92239] Child process with pid: 124869 was killed by signal: 15, core dumped: no
[UID:1163][92239] Child process with pid: 141155 was killed by signal: 15, core dumped: no
[UID:1163][92239] Child process with pid: 141181 was killed by signal: 15, core dumped: no
[UID:1163][92239] Child process with pid: 141466 was killed by signal: 15, core dumped: no
[UID:1163][92239] Child process with pid: 141554 was killed by signal: 15, core dumped: no
[UID:1163][92239] Child process with pid: 141655 was killed by signal: 15, core dumped: no
[UID:1163][92239] Child process with pid: 141797 was killed by signal: 15, core dumped: no
[UID:1163][92239] Child process with pid: 141887 was killed by signal: 15, core dumped: no
[UID:1163][92239] Child process with pid: 141974 was killed by signal: 15, core dumped: no
[UID:1163][92239] Child process with pid: 142047 was killed by signal: 15, core dumped: no
[UID:1163][92239] Child process with pid: 142150 was killed by signal: 15, core dumped: no
[UID:1163][92239] Child process with pid: 142217 was killed by signal: 15, core dumped: no
[UID:1163][92239] Child process with pid: 142265 was killed by signal: 15, core dumped: no
[UID:1163][92239] Child process with pid: 142357 was killed by signal: 15, core dumped: no
[UID:1163][92239] Child process with pid: 142364 was killed by signal: 15, core dumped: no
[UID:1163][92239] Child process with pid: 142464 was killed by signal: 15, core dumped: no
[UID:1163][92239] Child process with pid: 142497 was killed by signal: 15, core dumped: no
[UID:1163][92239] Child process with pid: 142569 was killed by signal: 15, core dumped: no
[UID:1163][92239] Child process with pid: 142589 was killed by signal: 15, core dumped: no
[UID:1163][92239] Child process with pid: 142698 was killed by signal: 15, core dumped: no
[UID:1163][92239] Child process with pid: 142708 was killed by signal: 15, core dumped: no
[UID:1163][92239] Child process with pid: 142830 was killed by signal: 15, core dumped: no
[UID:1163][92239] Child process with pid: 142859 was killed by signal: 15, core dumped: no
[UID:1163][92239] Child process with pid: 143044 was killed by signal: 15, core dumped: no
[UID:1163][92239] Child process with pid: 143067 was killed by signal: 15, core dumped: no
[UID:1163][92239] Child process with pid: 143283 was killed by signal: 15, core dumped: no
[UID:1163][92239] Child process with pid: 143416 was killed by signal: 15, core dumped: no
[UID:1163][92239] Child process with pid: 143692 was killed by signal: 15, core dumped: no
[UID:1163][92239] Child process with pid: 143722 was killed by signal: 15, core dumped: no
[UID:1163][92239] Child process with pid: 144663 was killed by signal: 15, core dumped: no
[UID:1163][92239] Child process with pid: 315605 was killed by signal: 15, core dumped: no
[UID:1163][92239] Child process with pid: 318139 was killed by signal: 15, core dumped: no
[UID:1163][92239] Reached max children process limit: 6, extra: 2, current: 8, busy: 8, please increase LSAPI_CHILDREN.
[UID:1163][92239] Reached max children process limit: 6, extra: 2, current: 8, busy: 8, please increase LSAPI_CHILDREN.
[UID:1163][92239] Reached max children process limit: 6, extra: 2, current: 8, busy: 8, please increase LSAPI_CHILDREN.
[UID:1163][92239] Reached max children process limit: 6, extra: 2, current: 8, busy: 8, please increase LSAPI_CHILDREN.
[UID:1163][92239] Reached max children process limit: 6, extra: 2, current: 8, busy: 8, please increase LSAPI_CHILDREN.
[UID:1163][92239] Reached max children process limit: 6, extra: 2, current: 8, busy: 8, please increase LSAPI_CHILDREN.
[UID:1163][92239] Reached max children process limit: 6, extra: 2, current: 8, busy: 8, please increase LSAPI_CHILDREN.
[UID:1163][92239] Reached max children process limit: 6, extra: 2, current: 8, busy: 8, please increase LSAPI_CHILDREN.
[UID:1163][92239] Reached max children process limit: 6, extra: 2, current: 8, busy: 7, please increase LSAPI_CHILDREN.
[UID:1163][92239] Reached max children process limit: 6, extra: 2, current: 8, busy: 8, please increase LSAPI_CHILDREN.
[UID:1163][92239] Reached max children process limit: 6, extra: 2, current: 8, busy: 8, please increase LSAPI_CHILDREN.
[UID:1163][92239] Reached max children process limit: 6, extra: 2, current: 8, busy: 8, please increase LSAPI_CHILDREN.
[UID:1163][92239] Reached max children process limit: 6, extra: 2, current: 8, busy: 8, please increase LSAPI_CHILDREN.
[UID:1163][92239] Reached max children process limit: 6, extra: 2, current: 8, busy: 8, please increase LSAPI_CHILDREN.
[UID:1163][376028] packetLen < 0
[UID:1163][92239] Reached max children process limit: 6, extra: 2, current: 8, busy: 8, please increase LSAPI_CHILDREN.
[UID:1163][92239] Reached max children process limit: 6, extra: 2, current: 8, busy: 8, please increase LSAPI_CHILDREN.
[UID:1163][92239] Reached max children process limit: 6, extra: 2, current: 8, busy: 8, please increase LSAPI_CHILDREN.
[UID:1163][92239] Reached max children process limit: 6, extra: 2, current: 8, busy: 8, please increase LSAPI_CHILDREN.
[UID:1163][92239] Reached max children process limit: 6, extra: 2, current: 8, busy: 8, please increase LSAPI_CHILDREN.
[UID:1163][92239] Reached max children process limit: 6, extra: 2, current: 8, busy: 8, please increase LSAPI_CHILDREN.
[UID:1163][92239] Reached max children process limit: 6, extra: 2, current: 8, busy: 8, please increase LSAPI_CHILDREN.
[UID:1163][92239] Reached max children process limit: 6, extra: 2, current: 8, busy: 8, please increase LSAPI_CHILDREN.
[UID:1163][92239] Reached max children process limit: 6, extra: 2, current: 8, busy: 8, please increase LSAPI_CHILDREN.
[UID:1163][92239] Reached max children process limit: 6, extra: 2, current: 8, busy: 8, please increase LSAPI_CHILDREN.
[UID:1163][92239] Reached max children process limit: 6, extra: 2, current: 8, busy: 8, please increase LSAPI_CHILDREN.
[UID:1163][92239] Reached max children process limit: 6, extra: 2, current: 8, busy: 8, please increase LSAPI_CHILDREN.
[UID:1163][92239] Reached max children process limit: 6, extra: 2, current: 8, busy: 8, please increase LSAPI_CHILDREN.
[UID:1163][376378] packetLen < 0
[UID:1163][92239] Reached max children process limit: 6, extra: 2, current: 8, busy: 8, please increase LSAPI_CHILDREN.
[UID:1163][92239] Reached max children process limit: 6, extra: 2, current: 8, busy: 8, please increase LSAPI_CHILDREN.
[UID:1163][92239] Reached max children process limit: 6, extra: 2, current: 8, busy: 8, please increase LSAPI_CHILDREN.
[UID:1163][92239] Reached max children process limit: 6, extra: 2, current: 8, busy: 8, please increase LSAPI_CHILDREN.
[UID:1163][92239] Reached max children process limit: 6, extra: 2, current: 8, busy: 8, please increase LSAPI_CHILDREN.
[UID:1163][92239] Reached max children process limit: 6, extra: 2, current: 8, busy: 8, please increase LSAPI_CHILDREN.
[UID:1163][92239] Reached max children process limit: 6, extra: 2, current: 8, busy: 8, please increase LSAPI_CHILDREN.
[UID:1163][92239] Reached max children process limit: 6, extra: 2, current: 8, busy: 8, please increase LSAPI_CHILDREN.
[UID:1163][92239] Reached max children process limit: 6, extra: 2, current: 8, busy: 8, please increase LSAPI_CHILDREN.
[UID:1163][92239] Reached max children process limit: 6, extra: 2, current: 8, busy: 7, please increase LSAPI_CHILDREN.
[UID:1163][92239] Reached max children process limit: 6, extra: 2, current: 8, busy: 8, please increase LSAPI_CHILDREN.
[UID:1163][92239] Reached max children process limit: 6, extra: 2, current: 8, busy: 8, please increase LSAPI_CHILDREN.
[UID:1163][92239] Reached max children process limit: 6, extra: 2, current: 8, busy: 8, please increase LSAPI_CHILDREN.
[UID:1163][376614] packetLen < 0
[UID:1163][92239] Reached max children process limit: 6, extra: 2, current: 8, busy: 7, please increase LSAPI_CHILDREN.
[UID:1163][376614] packetLen < 0
[UID:1163][376614] packetLen < 0
[UID:1163][376615] packetLen < 0
[UID:1163][92239] Reached max children process limit: 6, extra: 2, current: 8, busy: 8, please increase LSAPI_CHILDREN.
[UID:1163][92239] Reached max children process limit: 6, extra: 2, current: 8, busy: 8, please increase LSAPI_CHILDREN.
[UID:1163][92239] Reached max children process limit: 6, extra: 2, current: 8, busy: 8, please increase LSAPI_CHILDREN.
[UID:1163][92239] Reached max children process limit: 6, extra: 2, current: 8, busy: 8, please increase LSAPI_CHILDREN.
[UID:1163][92239] Reached max children process limit: 6, extra: 2, current: 8, busy: 8, please increase LSAPI_CHILDREN.
[UID:1163][92239] Reached max children process limit: 6, extra: 2, current: 8, busy: 8, please increase LSAPI_CHILDREN.
[UID:1163][92239] Reached max children process limit: 6, extra: 2, current: 8, busy: 8, please increase LSAPI_CHILDREN.
[UID:1163][378846] packetLen < 0
[UID:1163][379109] packetLen < 0
[UID:1163][379109] packetLen < 0
[UID:1163][92239] Reached max children process limit: 6, extra: 2, current: 8, busy: 7, please increase LSAPI_CHILDREN.
[UID:1163][92239] Reached max children process limit: 6, extra: 2, current: 8, busy: 7, please increase LSAPI_CHILDREN.
[UID:1163][92239] Reached max children process limit: 6, extra: 2, current: 8, busy: 8, please increase LSAPI_CHILDREN.
[UID:1163][92239] Reached max children process limit: 6, extra: 2, current: 8, busy: 8, please increase LSAPI_CHILDREN.
[UID:1163][92239] Reached max children process limit: 6, extra: 2, current: 8, busy: 8, please increase LSAPI_CHILDREN.
[UID:1163][92239] Reached max children process limit: 6, extra: 2, current: 8, busy: 8, please increase LSAPI_CHILDREN.
[UID:1163][92239] Reached max children process limit: 6, extra: 2, current: 8, busy: 8, please increase LSAPI_CHILDREN.
[UID:1163][92239] Reached max children process limit: 6, extra: 2, current: 8, busy: 8, please increase LSAPI_CHILDREN.
[UID:1163][92239] Reached max children process limit: 6, extra: 2, current: 8, busy: 8, please increase LSAPI_CHILDREN.
[UID:1163][92239] Reached max children process limit: 6, extra: 2, current: 8, busy: 8, please increase LSAPI_CHILDREN.
[UID:1163][92239] Reached max children process limit: 6, extra: 2, current: 8, busy: 8, please increase LSAPI_CHILDREN.
[UID:1163][92239] Reached max children process limit: 6, extra: 2, current: 8, busy: 8, please increase LSAPI_CHILDREN.
[UID:1163][92239] Reached max children process limit: 6, extra: 2, current: 8, busy: 8, please increase LSAPI_CHILDREN.
[UID:1163][92239] Reached max children process limit: 6, extra: 2, current: 8, busy: 8, please increase LSAPI_CHILDREN.
[UID:1163][92239] Reached max children process limit: 6, extra: 2, current: 8, busy: 8, please increase LSAPI_CHILDREN.
[UID:1163][380389] packetLen < 0
[UID:1163][92239] Reached max children process limit: 6, extra: 2, current: 8, busy: 8, please increase LSAPI_CHILDREN.
[UID:1163][92239] Reached max children process limit: 6, extra: 2, current: 8, busy: 8, please increase LSAPI_CHILDREN.
[UID:1163][92239] Reached max children process limit: 6, extra: 2, current: 8, busy: 8, please increase LSAPI_CHILDREN.
[UID:1163][92239] Reached max children process limit: 6, extra: 2, current: 8, busy: 8, please increase LSAPI_CHILDREN.
[UID:1163][92239] Reached max children process limit: 6, extra: 2, current: 8, busy: 8, please increase LSAPI_CHILDREN.
[UID:1163][92239] Reached max children process limit: 6, extra: 2, current: 8, busy: 8, please increase LSAPI_CHILDREN.
[UID:1163][92239] Reached max children process limit: 6, extra: 2, current: 8, busy: 8, please increase LSAPI_CHILDREN.
[UID:1163][92239] Reached max children process limit: 6, extra: 2, current: 8, busy: 8, please increase LSAPI_CHILDREN.
[UID:1163][92239] Reached max children process limit: 6, extra: 2, current: 8, busy: 8, please increase LSAPI_CHILDREN.
[UID:1163][92239] Reached max children process limit: 6, extra: 2, current: 8, busy: 8, please increase LSAPI_CHILDREN.
[UID:1163][92239] Reached max children process limit: 6, extra: 2, current: 8, busy: 7, please increase LSAPI_CHILDREN.
[UID:1163][92239] Reached max children process limit: 6, extra: 2, current: 8, busy: 7, please increase LSAPI_CHILDREN.
[UID:1163][92239] Reached max children process limit: 6, extra: 2, current: 8, busy: 7, please increase LSAPI_CHILDREN.
[UID:1163][92239] Reached max children process limit: 6, extra: 2, current: 8, busy: 8, please increase LSAPI_CHILDREN.
[UID:1163][92239] Reached max children process limit: 6, extra: 2, current: 8, busy: 8, please increase LSAPI_CHILDREN.
[UID:1163][92239] Reached max children process limit: 6, extra: 2, current: 8, busy: 8, please increase LSAPI_CHILDREN.
[UID:1163][92239] Reached max children process limit: 6, extra: 2, current: 8, busy: 8, please increase LSAPI_CHILDREN.
[UID:1163][92239] Reached max children process limit: 6, extra: 2, current: 8, busy: 8, please increase LSAPI_CHILDREN.
[UID:1163][92239] Reached max children process limit: 6, extra: 2, current: 8, busy: 8, please increase LSAPI_CHILDREN.
[UID:1163][92239] Reached max children process limit: 6, extra: 2, current: 8, busy: 8, please increase LSAPI_CHILDREN.
[UID:1163][92239] Reached max children process limit: 6, extra: 2, current: 8, busy: 8, please increase LSAPI_CHILDREN.
[UID:1163][92239] Reached max children process limit: 6, extra: 2, current: 8, busy: 8, please increase LSAPI_CHILDREN.
[UID:1163][92239] Reached max children process limit: 6, extra: 2, current: 8, busy: 8, please increase LSAPI_CHILDREN.
[UID:1163][92239] Reached max children process limit: 6, extra: 2, current: 8, busy: 8, please increase LSAPI_CHILDREN.
[UID:1163][92239] Reached max children process limit: 6, extra: 2, current: 8, busy: 8, please increase LSAPI_CHILDREN.
[UID:1163][92239] Reached max children process limit: 6, extra: 2, current: 8, busy: 8, please increase LSAPI_CHILDREN.
[UID:1163][92239] Reached max children process limit: 6, extra: 2, current: 8, busy: 8, please increase LSAPI_CHILDREN.
[UID:1163][92239] Reached max children process limit: 6, extra: 2, current: 8, busy: 8, please increase LSAPI_CHILDREN.
[UID:1163][92239] Reached max children process limit: 6, extra: 2, current: 8, busy: 8, please increase LSAPI_CHILDREN.
[UID:1163][92239] Reached max children process limit: 6, extra: 2, current: 8, busy: 8, please increase LSAPI_CHILDREN.
[UID:1163][92239] Reached max children process limit: 6, extra: 2, current: 8, busy: 8, please increase LSAPI_CHILDREN.
[UID:1163][92239] Reached max children process limit: 6, extra: 2, current: 8, busy: 8, please increase LSAPI_CHILDREN.
[UID:1163][92239] Reached max children process limit: 6, extra: 2, current: 8, busy: 8, please increase LSAPI_CHILDREN.
[UID:1163][92239] Reached max children process limit: 6, extra: 2, current: 8, busy: 8, please increase LSAPI_CHILDREN.
[UID:1163][92239] Reached max children process limit: 6, extra: 2, current: 8, busy: 8, please increase LSAPI_CHILDREN.
[UID:1163][92239] Reached max children process limit: 6, extra: 2, current: 8, busy: 8, please increase LSAPI_CHILDREN.
[UID:1163][92239] Reached max children process limit: 6, extra: 2, current: 8, busy: 7, please increase LSAPI_CHILDREN.
[UID:1163][92239] Reached max children process limit: 6, extra: 2, current: 8, busy: 8, please increase LSAPI_CHILDREN.
[UID:1163][92239] Reached max children process limit: 6, extra: 2, current: 8, busy: 8, please increase LSAPI_CHILDREN.
[UID:1163][92239] Reached max children process limit: 6, extra: 2, current: 8, busy: 8, please increase LSAPI_CHILDREN.
[UID:1163][92239] Reached max children process limit: 6, extra: 2, current: 8, busy: 8, please increase LSAPI_CHILDREN.
[UID:1163][92239] Reached max children process limit: 6, extra: 2, current: 8, busy: 8, please increase LSAPI_CHILDREN.
[UID:1163][92239] Reached max children process limit: 6, extra: 2, current: 8, busy: 7, please increase LSAPI_CHILDREN.
[UID:1163][92239] Reached max children process limit: 6, extra: 2, current: 8, busy: 8, please increase LSAPI_CHILDREN.
[UID:1163][92239] Reached max children process limit: 6, extra: 2, current: 8, busy: 8, please increase LSAPI_CHILDREN.
[UID:1163][92239] Reached max children process limit: 6, extra: 2, current: 8, busy: 8, please increase LSAPI_CHILDREN.
[UID:1163][92239] Reached max children process limit: 6, extra: 2, current: 8, busy: 8, please increase LSAPI_CHILDREN.
[UID:1163][92239] Reached max children process limit: 6, extra: 2, current: 8, busy: 8, please increase LSAPI_CHILDREN.
[UID:1163][92239] Reached max children process limit: 6, extra: 2, current: 8, busy: 8, please increase LSAPI_CHILDREN.
[UID:1163][92239] Reached max children process limit: 6, extra: 2, current: 8, busy: 8, please increase LSAPI_CHILDREN.
[UID:1163][92239] Reached max children process limit: 6, extra: 2, current: 8, busy: 8, please increase LSAPI_CHILDREN.
[UID:1163][92239] Reached max children process limit: 6, extra: 2, current: 8, busy: 8, please increase LSAPI_CHILDREN.
[UID:1163][92239] Reached max children process limit: 6, extra: 2, current: 8, busy: 8, please increase LSAPI_CHILDREN.
[UID:1163][92239] Reached max children process limit: 6, extra: 2, current: 8, busy: 8, please increase LSAPI_CHILDREN.
[UID:1163][92239] Reached max children process limit: 6, extra: 2, current: 8, busy: 7, please increase LSAPI_CHILDREN.
[UID:1163][92239] Reached max children process limit: 6, extra: 2, current: 8, busy: 8, please increase LSAPI_CHILDREN.
[UID:1163][92239] Reached max children process limit: 6, extra: 2, current: 8, busy: 8, please increase LSAPI_CHILDREN.
[UID:1163][92239] Reached max children process limit: 6, extra: 2, current: 8, busy: 8, please increase LSAPI_CHILDREN.
[UID:1163][92239] Reached max children process limit: 6, extra: 2, current: 8, busy: 8, please increase LSAPI_CHILDREN.
[UID:1163][92239] Reached max children process limit: 6, extra: 2, current: 8, busy: 8, please increase LSAPI_CHILDREN.
[UID:1163][92239] Reached max children process limit: 6, extra: 2, current: 8, busy: 8, please increase LSAPI_CHILDREN.
[UID:1163][92239] Reached max children process limit: 6, extra: 2, current: 8, busy: 8, please increase LSAPI_CHILDREN.
[UID:1163][92239] Reached max children process limit: 6, extra: 2, current: 8, busy: 8, please increase LSAPI_CHILDREN.
[UID:1163][92239] Reached max children process limit: 6, extra: 2, current: 8, busy: 8, please increase LSAPI_CHILDREN.
[UID:1163][92239] Reached max children process limit: 6, extra: 2, current: 8, busy: 7, please increase LSAPI_CHILDREN.
[UID:1163][92239] Reached max children process limit: 6, extra: 2, current: 8, busy: 8, please increase LSAPI_CHILDREN.
[UID:1163][92239] Reached max children process limit: 6, extra: 2, current: 8, busy: 8, please increase LSAPI_CHILDREN.
[UID:1163][92239] Reached max children process limit: 6, extra: 2, current: 8, busy: 8, please increase LSAPI_CHILDREN.
[UID:1163][92239] Reached max children process limit: 6, extra: 2, current: 8, busy: 8, please increase LSAPI_CHILDREN.
[UID:1163][92239] Reached max children process limit: 6, extra: 2, current: 8, busy: 8, please increase LSAPI_CHILDREN.
[UID:1163][92239] Reached max children process limit: 6, extra: 2, current: 8, busy: 8, please increase LSAPI_CHILDREN.
[UID:1163][92239] Reached max children process limit: 6, extra: 2, current: 8, busy: 8, please increase LSAPI_CHILDREN.
[UID:1163][92239] Reached max children process limit: 6, extra: 2, current: 8, busy: 8, please increase LSAPI_CHILDREN.
[UID:1163][92239] Reached max children process limit: 6, extra: 2, current: 8, busy: 8, please increase LSAPI_CHILDREN.
[UID:1163][92239] Reached max children process limit: 6, extra: 2, current: 8, busy: 8, please increase LSAPI_CHILDREN.
[UID:1163][92239] Reached max children process limit: 6, extra: 2, current: 8, busy: 8, please increase LSAPI_CHILDREN.
[UID:1163][92239] Reached max children process limit: 6, extra: 2, current: 8, busy: 8, please increase LSAPI_CHILDREN.
[UID:1163][92239] Reached max children process limit: 6, extra: 2, current: 8, busy: 8, please increase LSAPI_CHILDREN.
[UID:1163][92239] Reached max children process limit: 6, extra: 2, current: 8, busy: 8, please increase LSAPI_CHILDREN.
[UID:1163][92239] Reached max children process limit: 6, extra: 2, current: 8, busy: 8, please increase LSAPI_CHILDREN.
[UID:1163][92239] Reached max children process limit: 6, extra: 2, current: 8, busy: 8, please increase LSAPI_CHILDREN.
[UID:1163][92239] Reached max children process limit: 6, extra: 2, current: 8, busy: 8, please increase LSAPI_CHILDREN.
[UID:1163][92239] Reached max children process limit: 6, extra: 2, current: 8, busy: 8, please increase LSAPI_CHILDREN.
[UID:1163][92239] Reached max children process limit: 6, extra: 2, current: 8, busy: 8, please increase LSAPI_CHILDREN.
[UID:1163][92239] Reached max children process limit: 6, extra: 2, current: 8, busy: 8, please increase LSAPI_CHILDREN.
[UID:1163][92239] Reached max children process limit: 6, extra: 2, current: 8, busy: 8, please increase LSAPI_CHILDREN.
[UID:1163][92239] Reached max children process limit: 6, extra: 2, current: 8, busy: 8, please increase LSAPI_CHILDREN.
[UID:1163][92239] Reached max children process limit: 6, extra: 2, current: 8, busy: 8, please increase LSAPI_CHILDREN.
[UID:1163][92239] Reached max children process limit: 6, extra: 2, current: 8, busy: 8, please increase LSAPI_CHILDREN.
[UID:1163][92239] Reached max children process limit: 6, extra: 2, current: 8, busy: 7, please increase LSAPI_CHILDREN.
[UID:1163][92239] Reached max children process limit: 6, extra: 2, current: 8, busy: 8, please increase LSAPI_CHILDREN.
[UID:1163][92239] Child process with pid: 380823 was killed by signal: 15, core dumped: no
[UID:1163][382340] packetLen < 0
[UID:1163][92239] Child process with pid: 382072 was killed by signal: 15, core dumped: no
[UID:1163][383529] packetLen < 0
[UID:1163][383658] packetLen < 0
[UID:1163][383658] packetLen < 0
[UID:1163][383463] packetLen < 0
[UID:1163][383463] packetLen < 0
[UID:1163][383529] packetLen < 0
[UID:1163][92239] Reached max children process limit: 6, extra: 2, current: 8, busy: 8, please increase LSAPI_CHILDREN.
[UID:1163][92239] Reached max children process limit: 6, extra: 2, current: 8, busy: 8, please increase LSAPI_CHILDREN.
[UID:1163][92239] Reached max children process limit: 6, extra: 2, current: 8, busy: 8, please increase LSAPI_CHILDREN.
[UID:1163][92239] Reached max children process limit: 6, extra: 2, current: 8, busy: 8, please increase LSAPI_CHILDREN.
[UID:1163][92239] Reached max children process limit: 6, extra: 2, current: 8, busy: 8, please increase LSAPI_CHILDREN.
[UID:1163][92239] Reached max children process limit: 6, extra: 2, current: 8, busy: 8, please increase LSAPI_CHILDREN.
[UID:1163][92239] Reached max children process limit: 6, extra: 2, current: 8, busy: 8, please increase LSAPI_CHILDREN.
[UID:1163][92239] Reached max children process limit: 6, extra: 2, current: 8, busy: 8, please increase LSAPI_CHILDREN.
[UID:1163][92239] Reached max children process limit: 6, extra: 2, current: 8, busy: 8, please increase LSAPI_CHILDREN.
[UID:1163][92239] Reached max children process limit: 6, extra: 2, current: 8, busy: 8, please increase LSAPI_CHILDREN.
[UID:1163][92239] Reached max children process limit: 6, extra: 2, current: 8, busy: 8, please increase LSAPI_CHILDREN.
[UID:1163][92239] Reached max children process limit: 6, extra: 2, current: 8, busy: 8, please increase LSAPI_CHILDREN.
[UID:1163][92239] Reached max children process limit: 6, extra: 2, current: 8, busy: 8, please increase LSAPI_CHILDREN.
[UID:1163][92239] Reached max children process limit: 6, extra: 2, current: 8, busy: 8, please increase LSAPI_CHILDREN.
[UID:1163][92239] Reached max children process limit: 6, extra: 2, current: 8, busy: 8, please increase LSAPI_CHILDREN.
[UID:1163][92239] Reached max children process limit: 6, extra: 2, current: 8, busy: 7, please increase LSAPI_CHILDREN.
[UID:1163][92239] Reached max children process limit: 6, extra: 2, current: 8, busy: 8, please increase LSAPI_CHILDREN.
[UID:1163][92239] Reached max children process limit: 6, extra: 2, current: 8, busy: 8, please increase LSAPI_CHILDREN.
[UID:1163][92239] Reached max children process limit: 6, extra: 2, current: 8, busy: 7, please increase LSAPI_CHILDREN.
[UID:1163][92239] Reached max children process limit: 6, extra: 2, current: 8, busy: 7, please increase LSAPI_CHILDREN.
[UID:1163][92239] Reached max children process limit: 6, extra: 2, current: 8, busy: 8, please increase LSAPI_CHILDREN.
[UID:1163][92239] Reached max children process limit: 6, extra: 2, current: 8, busy: 8, please increase LSAPI_CHILDREN.
[UID:1163][92239] Reached max children process limit: 6, extra: 2, current: 8, busy: 8, please increase LSAPI_CHILDREN.
[UID:1163][92239] Reached max children process limit: 6, extra: 2, current: 8, busy: 8, please increase LSAPI_CHILDREN.
[UID:1163][92239] Reached max children process limit: 6, extra: 2, current: 8, busy: 8, please increase LSAPI_CHILDREN.
[UID:1163][92239] Reached max children process limit: 6, extra: 2, current: 8, busy: 8, please increase LSAPI_CHILDREN.
[UID:1163][92239] Reached max children process limit: 6, extra: 2, current: 8, busy: 8, please increase LSAPI_CHILDREN.
[UID:1163][92239] Reached max children process limit: 6, extra: 2, current: 8, busy: 7, please increase LSAPI_CHILDREN.
[UID:1163][92239] Reached max children process limit: 6, extra: 2, current: 8, busy: 8, please increase LSAPI_CHILDREN.
[UID:1163][92239] Reached max children process limit: 6, extra: 2, current: 8, busy: 8, please increase LSAPI_CHILDREN.
[UID:1163][92239] Reached max children process limit: 6, extra: 2, current: 8, busy: 8, please increase LSAPI_CHILDREN.
[UID:1163][92239] Reached max children process limit: 6, extra: 2, current: 8, busy: 8, please increase LSAPI_CHILDREN.
[UID:1163][92239] Reached max children process limit: 6, extra: 2, current: 8, busy: 8, please increase LSAPI_CHILDREN.
[UID:1163][92239] Reached max children process limit: 6, extra: 2, current: 8, busy: 8, please increase LSAPI_CHILDREN.
[UID:1163][92239] Reached max children process limit: 6, extra: 2, current: 8, busy: 8, please increase LSAPI_CHILDREN.
[UID:1163][92239] Reached max children process limit: 6, extra: 2, current: 8, busy: 8, please increase LSAPI_CHILDREN.
[UID:1163][92239] Reached max children process limit: 6, extra: 2, current: 8, busy: 8, please increase LSAPI_CHILDREN.
[UID:1163][92239] Reached max children process limit: 6, extra: 2, current: 8, busy: 8, please increase LSAPI_CHILDREN.
[UID:1163][92239] Reached max children process limit: 6, extra: 2, current: 8, busy: 8, please increase LSAPI_CHILDREN.
[UID:1163][92239] Reached max children process limit: 6, extra: 2, current: 8, busy: 7, please increase LSAPI_CHILDREN.
[UID:1163][92239] Reached max children process limit: 6, extra: 2, current: 8, busy: 7, please increase LSAPI_CHILDREN.
[UID:1163][92239] Reached max children process limit: 6, extra: 2, current: 8, busy: 8, please increase LSAPI_CHILDREN.
[UID:1163][92239] Reached max children process limit: 6, extra: 2, current: 8, busy: 7, please increase LSAPI_CHILDREN.
[UID:1163][92239] Reached max children process limit: 6, extra: 2, current: 8, busy: 8, please increase LSAPI_CHILDREN.
[UID:1163][92239] Reached max children process limit: 6, extra: 2, current: 8, busy: 8, please increase LSAPI_CHILDREN.
[UID:1163][92239] Reached max children process limit: 6, extra: 2, current: 8, busy: 8, please increase LSAPI_CHILDREN.
[UID:1163][92239] Reached max children process limit: 6, extra: 2, current: 8, busy: 8, please increase LSAPI_CHILDREN.
[UID:1163][92239] Reached max children process limit: 6, extra: 2, current: 8, busy: 8, please increase LSAPI_CHILDREN.
[UID:1163][92239] Reached max children process limit: 6, extra: 2, current: 8, busy: 8, please increase LSAPI_CHILDREN.
[UID:1163][92239] Reached max children process limit: 6, extra: 2, current: 8, busy: 8, please increase LSAPI_CHILDREN.
[UID:1163][92239] Reached max children process limit: 6, extra: 2, current: 8, busy: 8, please increase LSAPI_CHILDREN.
[UID:1163][92239] Reached max children process limit: 6, extra: 2, current: 8, busy: 8, please increase LSAPI_CHILDREN.
[UID:1163][92239] Reached max children process limit: 6, extra: 2, current: 8, busy: 8, please increase LSAPI_CHILDREN.
[UID:1163][92239] Reached max children process limit: 6, extra: 2, current: 8, busy: 8, please increase LSAPI_CHILDREN.
[UID:1163][92239] Reached max children process limit: 6, extra: 2, current: 8, busy: 8, please increase LSAPI_CHILDREN.
[UID:1163][92239] Reached max children process limit: 6, extra: 2, current: 8, busy: 8, please increase LSAPI_CHILDREN.
[UID:1163][92239] Reached max children process limit: 6, extra: 2, current: 8, busy: 8, please increase LSAPI_CHILDREN.
[UID:1163][92239] Reached max children process limit: 6, extra: 2, current: 8, busy: 8, please increase LSAPI_CHILDREN.
[UID:1163][92239] Reached max children process limit: 6, extra: 2, current: 8, busy: 8, please increase LSAPI_CHILDREN.
[UID:1163][92239] Reached max children process limit: 6, extra: 2, current: 8, busy: 8, please increase LSAPI_CHILDREN.
[UID:1163][92239] Reached max children process limit: 6, extra: 2, current: 8, busy: 8, please increase LSAPI_CHILDREN.
[UID:1163][92239] Reached max children process limit: 6, extra: 2, current: 8, busy: 8, please increase LSAPI_CHILDREN.
[UID:1163][92239] Reached max children process limit: 6, extra: 2, current: 8, busy: 8, please increase LSAPI_CHILDREN.
[UID:1163][92239] Reached max children process limit: 6, extra: 2, current: 8, busy: 8, please increase LSAPI_CHILDREN.
[UID:1163][92239] Reached max children process limit: 6, extra: 2, current: 8, busy: 7, please increase LSAPI_CHILDREN.
[UID:1163][92239] Reached max children process limit: 6, extra: 2, current: 8, busy: 8, please increase LSAPI_CHILDREN.
[UID:1163][92239] Reached max children process limit: 6, extra: 2, current: 8, busy: 8, please increase LSAPI_CHILDREN.
[UID:1163][92239] Reached max children process limit: 6, extra: 2, current: 8, busy: 8, please increase LSAPI_CHILDREN.
[UID:1163][92239] Reached max children process limit: 6, extra: 2, current: 8, busy: 8, please increase LSAPI_CHILDREN.
[UID:1163][92239] Reached max children process limit: 6, extra: 2, current: 8, busy: 8, please increase LSAPI_CHILDREN.
[UID:1163][92239] Reached max children process limit: 6, extra: 2, current: 8, busy: 7, please increase LSAPI_CHILDREN.
[UID:1163][92239] Reached max children process limit: 6, extra: 2, current: 8, busy: 8, please increase LSAPI_CHILDREN.
[UID:1163][92239] Reached max children process limit: 6, extra: 2, current: 8, busy: 8, please increase LSAPI_CHILDREN.
[UID:1163][92239] Reached max children process limit: 6, extra: 2, current: 8, busy: 7, please increase LSAPI_CHILDREN.
[UID:1163][92239] Reached max children process limit: 6, extra: 2, current: 8, busy: 8, please increase LSAPI_CHILDREN.
[UID:1163][92239] Reached max children process limit: 6, extra: 2, current: 8, busy: 8, please increase LSAPI_CHILDREN.
[UID:1163][92239] Reached max children process limit: 6, extra: 2, current: 8, busy: 8, please increase LSAPI_CHILDREN.
[UID:1163][92239] Reached max children process limit: 6, extra: 2, current: 8, busy: 8, please increase LSAPI_CHILDREN.
[UID:1163][92239] Reached max children process limit: 6, extra: 2, current: 8, busy: 8, please increase LSAPI_CHILDREN.
[UID:1163][92239] Reached max children process limit: 6, extra: 2, current: 8, busy: 8, please increase LSAPI_CHILDREN.
[UID:1163][92239] Reached max children process limit: 6, extra: 2, current: 8, busy: 8, please increase LSAPI_CHILDREN.
[UID:1163][92239] Reached max children process limit: 6, extra: 2, current: 8, busy: 8, please increase LSAPI_CHILDREN.
[UID:1163][92239] Reached max children process limit: 6, extra: 2, current: 8, busy: 8, please increase LSAPI_CHILDREN.
[UID:1163][92239] Reached max children process limit: 6, extra: 2, current: 8, busy: 8, please increase LSAPI_CHILDREN.
[UID:1163][92239] Reached max children process limit: 6, extra: 2, current: 8, busy: 8, please increase LSAPI_CHILDREN.
[UID:1163][92239] Reached max children process limit: 6, extra: 2, current: 8, busy: 8, please increase LSAPI_CHILDREN.
[UID:1163][92239] Reached max children process limit: 6, extra: 2, current: 8, busy: 8, please increase LSAPI_CHILDREN.
[UID:1163][92239] Reached max children process limit: 6, extra: 2, current: 8, busy: 8, please increase LSAPI_CHILDREN.
[UID:1163][92239] Reached max children process limit: 6, extra: 2, current: 8, busy: 8, please increase LSAPI_CHILDREN.
[UID:1163][92239] Reached max children process limit: 6, extra: 2, current: 8, busy: 8, please increase LSAPI_CHILDREN.
[UID:1163][92239] Reached max children process limit: 6, extra: 2, current: 8, busy: 8, please increase LSAPI_CHILDREN.
[UID:1163][92239] Reached max children process limit: 6, extra: 2, current: 8, busy: 8, please increase LSAPI_CHILDREN.
[UID:1163][92239] Reached max children process limit: 6, extra: 2, current: 8, busy: 8, please increase LSAPI_CHILDREN.
[UID:1163][92239] Reached max children process limit: 6, extra: 2, current: 8, busy: 8, please increase LSAPI_CHILDREN.
[UID:1163][92239] Reached max children process limit: 6, extra: 2, current: 8, busy: 8, please increase LSAPI_CHILDREN.
[UID:1163][92239] Reached max children process limit: 6, extra: 2, current: 8, busy: 8, please increase LSAPI_CHILDREN.
[UID:1163][92239] Reached max children process limit: 6, extra: 2, current: 8, busy: 8, please increase LSAPI_CHILDREN.
[UID:1163][92239] Reached max children process limit: 6, extra: 2, current: 8, busy: 8, please increase LSAPI_CHILDREN.
[UID:1163][92239] Reached max children process limit: 6, extra: 2, current: 8, busy: 8, please increase LSAPI_CHILDREN.
[UID:1163][92239] Reached max children process limit: 6, extra: 2, current: 8, busy: 8, please increase LSAPI_CHILDREN.
[UID:1163][92239] Reached max children process limit: 6, extra: 2, current: 8, busy: 8, please increase LSAPI_CHILDREN.
[UID:1163][92239] Reached max children process limit: 6, extra: 2, current: 8, busy: 8, please increase LSAPI_CHILDREN.
[UID:1163][92239] Reached max children process limit: 6, extra: 2, current: 8, busy: 8, please increase LSAPI_CHILDREN.
[UID:1163][92239] Reached max children process limit: 6, extra: 2, current: 8, busy: 7, please increase LSAPI_CHILDREN.
[UID:1163][92239] Reached max children process limit: 6, extra: 2, current: 8, busy: 7, please increase LSAPI_CHILDREN.
[UID:1163][92239] Reached max children process limit: 6, extra: 2, current: 8, busy: 8, please increase LSAPI_CHILDREN.
[UID:1163][92239] Reached max children process limit: 6, extra: 2, current: 8, busy: 7, please increase LSAPI_CHILDREN.
[UID:1163][92239] Reached max children process limit: 6, extra: 2, current: 8, busy: 8, please increase LSAPI_CHILDREN.
[UID:1163][92239] Reached max children process limit: 6, extra: 2, current: 8, busy: 8, please increase LSAPI_CHILDREN.
[UID:1163][92239] Reached max children process limit: 6, extra: 2, current: 8, busy: 7, please increase LSAPI_CHILDREN.
[UID:1163][92239] Reached max children process limit: 6, extra: 2, current: 8, busy: 8, please increase LSAPI_CHILDREN.
[UID:1163][92239] Reached max children process limit: 6, extra: 2, current: 8, busy: 8, please increase LSAPI_CHILDREN.
[UID:1163][92239] Reached max children process limit: 6, extra: 2, current: 8, busy: 8, please increase LSAPI_CHILDREN.
[UID:1163][92239] Reached max children process limit: 6, extra: 2, current: 8, busy: 8, please increase LSAPI_CHILDREN.
[UID:1163][92239] Reached max children process limit: 6, extra: 2, current: 8, busy: 8, please increase LSAPI_CHILDREN.
[UID:1163][92239] Reached max children process limit: 6, extra: 2, current: 8, busy: 8, please increase LSAPI_CHILDREN.
[UID:1163][92239] Reached max children process limit: 6, extra: 2, current: 8, busy: 8, please increase LSAPI_CHILDREN.
[UID:1163][92239] Reached max children process limit: 6, extra: 2, current: 8, busy: 8, please increase LSAPI_CHILDREN.
[UID:1163][92239] Reached max children process limit: 6, extra: 2, current: 8, busy: 8, please increase LSAPI_CHILDREN.
[UID:1163][92239] Reached max children process limit: 6, extra: 2, current: 8, busy: 8, please increase LSAPI_CHILDREN.
[UID:1163][92239] Reached max children process limit: 6, extra: 2, current: 8, busy: 8, please increase LSAPI_CHILDREN.
[UID:1163][92239] Reached max children process limit: 6, extra: 2, current: 8, busy: 8, please increase LSAPI_CHILDREN.
[UID:1163][92239] Reached max children process limit: 6, extra: 2, current: 8, busy: 8, please increase LSAPI_CHILDREN.
[UID:1163][92239] Reached max children process limit: 6, extra: 2, current: 8, busy: 8, please increase LSAPI_CHILDREN.
[UID:1163][92239] Reached max children process limit: 6, extra: 2, current: 8, busy: 8, please increase LSAPI_CHILDREN.
[UID:1163][92239] Reached max children process limit: 6, extra: 2, current: 8, busy: 8, please increase LSAPI_CHILDREN.
[UID:1163][92239] Reached max children process limit: 6, extra: 2, current: 8, busy: 8, please increase LSAPI_CHILDREN.
[UID:1163][92239] Reached max children process limit: 6, extra: 2, current: 8, busy: 7, please increase LSAPI_CHILDREN.
[UID:1163][92239] Reached max children process limit: 6, extra: 2, current: 8, busy: 8, please increase LSAPI_CHILDREN.
[UID:1163][92239] Reached max children process limit: 6, extra: 2, current: 8, busy: 8, please increase LSAPI_CHILDREN.
[UID:1163][92239] Reached max children process limit: 6, extra: 2, current: 8, busy: 8, please increase LSAPI_CHILDREN.
[UID:1163][92239] Reached max children process limit: 6, extra: 2, current: 8, busy: 7, please increase LSAPI_CHILDREN.
[UID:1163][92239] Reached max children process limit: 6, extra: 2, current: 8, busy: 7, please increase LSAPI_CHILDREN.
[UID:1163][92239] Reached max children process limit: 6, extra: 2, current: 8, busy: 8, please increase LSAPI_CHILDREN.
[UID:1163][92239] Reached max children process limit: 6, extra: 2, current: 8, busy: 8, please increase LSAPI_CHILDREN.
[UID:1163][92239] Reached max children process limit: 6, extra: 2, current: 8, busy: 8, please increase LSAPI_CHILDREN.
[UID:1163][92239] Reached max children process limit: 6, extra: 2, current: 8, busy: 8, please increase LSAPI_CHILDREN.
[UID:1163][92239] Reached max children process limit: 6, extra: 2, current: 8, busy: 8, please increase LSAPI_CHILDREN.
[UID:1163][92239] Reached max children process limit: 6, extra: 2, current: 8, busy: 8, please increase LSAPI_CHILDREN.
[UID:1163][92239] Reached max children process limit: 6, extra: 2, current: 8, busy: 8, please increase LSAPI_CHILDREN.
[UID:1163][92239] Reached max children process limit: 6, extra: 2, current: 8, busy: 8, please increase LSAPI_CHILDREN.
[UID:1163][92239] Reached max children process limit: 6, extra: 2, current: 8, busy: 8, please increase LSAPI_CHILDREN.
[UID:1163][92239] Reached max children process limit: 6, extra: 2, current: 8, busy: 8, please increase LSAPI_CHILDREN.
[UID:1163][92239] Reached max children process limit: 6, extra: 2, current: 8, busy: 8, please increase LSAPI_CHILDREN.
[UID:1163][92239] Reached max children process limit: 6, extra: 2, current: 8, busy: 8, please increase LSAPI_CHILDREN.
[UID:1163][92239] Reached max children process limit: 6, extra: 2, current: 8, busy: 8, please increase LSAPI_CHILDREN.
[UID:1163][92239] Reached max children process limit: 6, extra: 2, current: 8, busy: 8, please increase LSAPI_CHILDREN.
[UID:1163][92239] Reached max children process limit: 6, extra: 2, current: 8, busy: 8, please increase LSAPI_CHILDREN.
[UID:1163][92239] Reached max children process limit: 6, extra: 2, current: 8, busy: 8, please increase LSAPI_CHILDREN.
[UID:1163][92239] Reached max children process limit: 6, extra: 2, current: 8, busy: 8, please increase LSAPI_CHILDREN.
[UID:1163][92239] Reached max children process limit: 6, extra: 2, current: 8, busy: 8, please increase LSAPI_CHILDREN.
[UID:1163][92239] Reached max children process limit: 6, extra: 2, current: 8, busy: 8, please increase LSAPI_CHILDREN.
[UID:1163][92239] Reached max children process limit: 6, extra: 2, current: 8, busy: 8, please increase LSAPI_CHILDREN.
[UID:1163][92239] Reached max children process limit: 6, extra: 2, current: 8, busy: 8, please increase LSAPI_CHILDREN.
[UID:1163][92239] Reached max children process limit: 6, extra: 2, current: 8, busy: 8, please increase LSAPI_CHILDREN.
[UID:1163][92239] Reached max children process limit: 6, extra: 2, current: 8, busy: 8, please increase LSAPI_CHILDREN.
[UID:1163][92239] Reached max children process limit: 6, extra: 2, current: 8, busy: 8, please increase LSAPI_CHILDREN.
[UID:1163][92239] Reached max children process limit: 6, extra: 2, current: 8, busy: 8, please increase LSAPI_CHILDREN.
[UID:1163][92239] Reached max children process limit: 6, extra: 2, current: 8, busy: 8, please increase LSAPI_CHILDREN.
[UID:1163][92239] Reached max children process limit: 6, extra: 2, current: 8, busy: 8, please increase LSAPI_CHILDREN.
[UID:1163][92239] Reached max children process limit: 6, extra: 2, current: 8, busy: 8, please increase LSAPI_CHILDREN.
[UID:1163][92239] Reached max children process limit: 6, extra: 2, current: 8, busy: 8, please increase LSAPI_CHILDREN.
[UID:1163][92239] Reached max children process limit: 6, extra: 2, current: 8, busy: 8, please increase LSAPI_CHILDREN.
[UID:1163][92239] Reached max children process limit: 6, extra: 2, current: 8, busy: 8, please increase LSAPI_CHILDREN.
[UID:1163][92239] Reached max children process limit: 6, extra: 2, current: 8, busy: 8, please increase LSAPI_CHILDREN.
[UID:1163][92239] Reached max children process limit: 6, extra: 2, current: 8, busy: 8, please increase LSAPI_CHILDREN.
[UID:1163][92239] Reached max children process limit: 6, extra: 2, current: 8, busy: 8, please increase LSAPI_CHILDREN.
[UID:1163][92239] Reached max children process limit: 6, extra: 2, current: 8, busy: 8, please increase LSAPI_CHILDREN.
[UID:1163][92239] Reached max children process limit: 6, extra: 2, current: 8, busy: 8, please increase LSAPI_CHILDREN.
[UID:1163][92239] Reached max children process limit: 6, extra: 2, current: 8, busy: 8, please increase LSAPI_CHILDREN.
[UID:1163][92239] Reached max children process limit: 6, extra: 2, current: 8, busy: 8, please increase LSAPI_CHILDREN.
[UID:1163][92239] Reached max children process limit: 6, extra: 2, current: 8, busy: 8, please increase LSAPI_CHILDREN.
[UID:1163][92239] Reached max children process limit: 6, extra: 2, current: 8, busy: 8, please increase LSAPI_CHILDREN.
[UID:1163][92239] Reached max children process limit: 6, extra: 2, current: 8, busy: 7, please increase LSAPI_CHILDREN.
[UID:1163][92239] Reached max children process limit: 6, extra: 2, current: 8, busy: 8, please increase LSAPI_CHILDREN.
[UID:1163][92239] Reached max children process limit: 6, extra: 2, current: 8, busy: 8, please increase LSAPI_CHILDREN.
[UID:1163][92239] Reached max children process limit: 6, extra: 2, current: 8, busy: 8, please increase LSAPI_CHILDREN.
[UID:1163][92239] Reached max children process limit: 6, extra: 2, current: 8, busy: 7, please increase LSAPI_CHILDREN.
[UID:1163][92239] Reached max children process limit: 6, extra: 2, current: 8, busy: 8, please increase LSAPI_CHILDREN.
[UID:1163][92239] Reached max children process limit: 6, extra: 2, current: 8, busy: 8, please increase LSAPI_CHILDREN.
[UID:1163][92239] Reached max children process limit: 6, extra: 2, current: 8, busy: 8, please increase LSAPI_CHILDREN.
[UID:1163][92239] Reached max children process limit: 6, extra: 2, current: 8, busy: 8, please increase LSAPI_CHILDREN.
[UID:1163][92239] Reached max children process limit: 6, extra: 2, current: 8, busy: 8, please increase LSAPI_CHILDREN.
[UID:1163][92239] Reached max children process limit: 6, extra: 2, current: 8, busy: 8, please increase LSAPI_CHILDREN.
[UID:1163][92239] Reached max children process limit: 6, extra: 2, current: 8, busy: 8, please increase LSAPI_CHILDREN.
[UID:1163][92239] Reached max children process limit: 6, extra: 2, current: 8, busy: 8, please increase LSAPI_CHILDREN.
[UID:1163][92239] Reached max children process limit: 6, extra: 2, current: 8, busy: 8, please increase LSAPI_CHILDREN.
[UID:1163][92239] Reached max children process limit: 6, extra: 2, current: 8, busy: 8, please increase LSAPI_CHILDREN.
[UID:1163][92239] Reached max children process limit: 6, extra: 2, current: 8, busy: 8, please increase LSAPI_CHILDREN.
[UID:1163][92239] Reached max children process limit: 6, extra: 2, current: 8, busy: 8, please increase LSAPI_CHILDREN.
[UID:1163][92239] Reached max children process limit: 6, extra: 2, current: 8, busy: 8, please increase LSAPI_CHILDREN.
[UID:1163][92239] Reached max children process limit: 6, extra: 2, current: 8, busy: 8, please increase LSAPI_CHILDREN.
[UID:1163][92239] Reached max children process limit: 6, extra: 2, current: 8, busy: 8, please increase LSAPI_CHILDREN.
[UID:1163][92239] Reached max children process limit: 6, extra: 2, current: 8, busy: 8, please increase LSAPI_CHILDREN.
[UID:1163][92239] Reached max children process limit: 6, extra: 2, current: 8, busy: 8, please increase LSAPI_CHILDREN.
[UID:1163][92239] Reached max children process limit: 6, extra: 2, current: 8, busy: 8, please increase LSAPI_CHILDREN.
[UID:1163][92239] Reached max children process limit: 6, extra: 2, current: 8, busy: 8, please increase LSAPI_CHILDREN.
[UID:1163][92239] Reached max children process limit: 6, extra: 2, current: 8, busy: 8, please increase LSAPI_CHILDREN.
[UID:1163][92239] Reached max children process limit: 6, extra: 2, current: 8, busy: 8, please increase LSAPI_CHILDREN.
[UID:1163][92239] Reached max children process limit: 6, extra: 2, current: 8, busy: 8, please increase LSAPI_CHILDREN.
[UID:1163][92239] Reached max children process limit: 6, extra: 2, current: 8, busy: 8, please increase LSAPI_CHILDREN.
[UID:1163][92239] Reached max children process limit: 6, extra: 2, current: 8, busy: 8, please increase LSAPI_CHILDREN.
[UID:1163][92239] Reached max children process limit: 6, extra: 2, current: 8, busy: 8, please increase LSAPI_CHILDREN.
[UID:1163][92239] Reached max children process limit: 6, extra: 2, current: 8, busy: 8, please increase LSAPI_CHILDREN.
[UID:1163][92239] Reached max children process limit: 6, extra: 2, current: 8, busy: 8, please increase LSAPI_CHILDREN.
[UID:1163][92239] Reached max children process limit: 6, extra: 2, current: 8, busy: 8, please increase LSAPI_CHILDREN.
[UID:1163][92239] Reached max children process limit: 6, extra: 2, current: 8, busy: 8, please increase LSAPI_CHILDREN.
[UID:1163][92239] Reached max children process limit: 6, extra: 2, current: 8, busy: 8, please increase LSAPI_CHILDREN.
[UID:1163][92239] Reached max children process limit: 6, extra: 2, current: 8, busy: 8, please increase LSAPI_CHILDREN.
[UID:1163][92239] Reached max children process limit: 6, extra: 2, current: 8, busy: 8, please increase LSAPI_CHILDREN.
[UID:1163][92239] Reached max children process limit: 6, extra: 2, current: 8, busy: 8, please increase LSAPI_CHILDREN.
[UID:1163][92239] Reached max children process limit: 6, extra: 2, current: 8, busy: 7, please increase LSAPI_CHILDREN.
[UID:1163][92239] Reached max children process limit: 6, extra: 2, current: 8, busy: 7, please increase LSAPI_CHILDREN.
[UID:1163][92239] Reached max children process limit: 6, extra: 2, current: 8, busy: 8, please increase LSAPI_CHILDREN.
[UID:1163][92239] Reached max children process limit: 6, extra: 2, current: 8, busy: 8, please increase LSAPI_CHILDREN.
[UID:1163][92239] Reached max children process limit: 6, extra: 2, current: 8, busy: 8, please increase LSAPI_CHILDREN.
[UID:1163][92239] Reached max children process limit: 6, extra: 2, current: 8, busy: 8, please increase LSAPI_CHILDREN.
[UID:1163][92239] Reached max children process limit: 6, extra: 2, current: 8, busy: 8, please increase LSAPI_CHILDREN.
[UID:1163][92239] Reached max children process limit: 6, extra: 2, current: 8, busy: 8, please increase LSAPI_CHILDREN.
[UID:1163][92239] Reached max children process limit: 6, extra: 2, current: 8, busy: 8, please increase LSAPI_CHILDREN.
[UID:1163][92239] Reached max children process limit: 6, extra: 2, current: 8, busy: 8, please increase LSAPI_CHILDREN.
[UID:1163][92239] Reached max children process limit: 6, extra: 2, current: 8, busy: 8, please increase LSAPI_CHILDREN.
[UID:1163][92239] Reached max children process limit: 6, extra: 2, current: 8, busy: 8, please increase LSAPI_CHILDREN.
[UID:1163][92239] Reached max children process limit: 6, extra: 2, current: 8, busy: 7, please increase LSAPI_CHILDREN.
[UID:1163][92239] Reached max children process limit: 6, extra: 2, current: 8, busy: 8, please increase LSAPI_CHILDREN.
[UID:1163][92239] Child process with pid: 402484 was killed by signal: 15, core dumped: no
[UID:1163][1659354] Child process with pid: 1659421 was killed by signal: 15, core dumped: no
[UID:1163][1659354] Child process with pid: 1659430 was killed by signal: 15, core dumped: no
[UID:1163][1659354] Child process with pid: 1659449 was killed by signal: 15, core dumped: no
[UID:1163][1659354] Child process with pid: 1659467 was killed by signal: 15, core dumped: no
[UID:1163][1659354] Child process with pid: 1659511 was killed by signal: 15, core dumped: no
[UID:1163][1921471] Child process with pid: 1921635 was killed by signal: 15, core dumped: no
[UID:1163][1921471] Child process with pid: 1921644 was killed by signal: 15, core dumped: no
[UID:1163][161596] Child process with pid: 363017 was killed by signal: 15, core dumped: no
[UID:1163][161596] Child process with pid: 363067 was killed by signal: 15, core dumped: no
[UID:1163][161596] Child process with pid: 364606 was killed by signal: 15, core dumped: no
[UID:1163][161596] Child process with pid: 364870 was killed by signal: 15, core dumped: no
[UID:1163][161596] Child process with pid: 364914 was killed by signal: 15, core dumped: no
[UID:1163][161596] Child process with pid: 365203 was killed by signal: 15, core dumped: no
[UID:1163][161596] Child process with pid: 365218 was killed by signal: 15, core dumped: no
[UID:1163][161596] Child process with pid: 365325 was killed by signal: 15, core dumped: no
[UID:1163][161596] Child process with pid: 365328 was killed by signal: 15, core dumped: no
[UID:1163][161596] Child process with pid: 365385 was killed by signal: 15, core dumped: no
[UID:1163][161596] Child process with pid: 365392 was killed by signal: 15, core dumped: no
[UID:1163][161596] Child process with pid: 365480 was killed by signal: 15, core dumped: no
[UID:1163][161596] Child process with pid: 365487 was killed by signal: 15, core dumped: no
[UID:1163][161596] Child process with pid: 365591 was killed by signal: 15, core dumped: no
[UID:1163][161596] Child process with pid: 365628 was killed by signal: 15, core dumped: no
[UID:1163][161596] Child process with pid: 365724 was killed by signal: 15, core dumped: no
[UID:1163][161596] Child process with pid: 365737 was killed by signal: 15, core dumped: no
[UID:1163][161596] Child process with pid: 365784 was killed by signal: 15, core dumped: no
[UID:1163][161596] Child process with pid: 365788 was killed by signal: 15, core dumped: no
[UID:1163][161596] Child process with pid: 365850 was killed by signal: 15, core dumped: no
[UID:1163][161596] Child process with pid: 365882 was killed by signal: 15, core dumped: no
[UID:1163][161596] Child process with pid: 365917 was killed by signal: 15, core dumped: no
[UID:1163][161596] Child process with pid: 365937 was killed by signal: 15, core dumped: no
[UID:1163][161596] Child process with pid: 365958 was killed by signal: 15, core dumped: no
[UID:1163][161596] Child process with pid: 365968 was killed by signal: 15, core dumped: no
[UID:1163][161596] Child process with pid: 366058 was killed by signal: 15, core dumped: no
[UID:1163][161596] Child process with pid: 366065 was killed by signal: 15, core dumped: no
[UID:1163][161596] Child process with pid: 366115 was killed by signal: 15, core dumped: no
[UID:1163][161596] Child process with pid: 366132 was killed by signal: 15, core dumped: no
[UID:1163][161596] Child process with pid: 366166 was killed by signal: 15, core dumped: no
[UID:1163][161596] Child process with pid: 366191 was killed by signal: 15, core dumped: no
[UID:1163][161596] Child process with pid: 366208 was killed by signal: 15, core dumped: no
[UID:1163][161596] Child process with pid: 366349 was killed by signal: 15, core dumped: no
[UID:1163][161596] Child process with pid: 366375 was killed by signal: 15, core dumped: no
[UID:1163][161596] Child process with pid: 366461 was killed by signal: 15, core dumped: no
[UID:1163][161596] Child process with pid: 366210 was killed by signal: 15, core dumped: no
[UID:1163][161596] Child process with pid: 366522 was killed by signal: 15, core dumped: no
[UID:1163][161596] Child process with pid: 366531 was killed by signal: 15, core dumped: no
[UID:1163][161596] Child process with pid: 366605 was killed by signal: 15, core dumped: no
[UID:1163][161596] Child process with pid: 366639 was killed by signal: 15, core dumped: no
[UID:1163][161596] Child process with pid: 366703 was killed by signal: 15, core dumped: no
[UID:1163][161596] Child process with pid: 366737 was killed by signal: 15, core dumped: no
[UID:1163][161596] Child process with pid: 366803 was killed by signal: 15, core dumped: no
[UID:1163][161596] Child process with pid: 366834 was killed by signal: 15, core dumped: no
[UID:1163][161596] Child process with pid: 366921 was killed by signal: 15, core dumped: no
[UID:1163][161596] Child process with pid: 366965 was killed by signal: 15, core dumped: no
[UID:1163][161596] Child process with pid: 367027 was killed by signal: 15, core dumped: no
[UID:1163][161596] Child process with pid: 367094 was killed by signal: 15, core dumped: no
[UID:1163][161596] Child process with pid: 367200 was killed by signal: 15, core dumped: no
[UID:1163][161596] Child process with pid: 367210 was killed by signal: 15, core dumped: no
[UID:1163][161596] Child process with pid: 367270 was killed by signal: 15, core dumped: no
[UID:1163][161596] Child process with pid: 367310 was killed by signal: 15, core dumped: no
[UID:1163][161596] Child process with pid: 367394 was killed by signal: 15, core dumped: no
[UID:1163][161596] Child process with pid: 367431 was killed by signal: 15, core dumped: no
[UID:1163][161596] Child process with pid: 367497 was killed by signal: 15, core dumped: no
[UID:1163][161596] Child process with pid: 367507 was killed by signal: 15, core dumped: no
[UID:1163][161596] Child process with pid: 367561 was killed by signal: 15, core dumped: no
[UID:1163][161596] Child process with pid: 367566 was killed by signal: 15, core dumped: no
[UID:1163][161596] Child process with pid: 367645 was killed by signal: 15, core dumped: no
[UID:1163][161596] Child process with pid: 367661 was killed by signal: 15, core dumped: no
[UID:1163][161596] Child process with pid: 367675 was killed by signal: 15, core dumped: no
[UID:1163][161596] Child process with pid: 367788 was killed by signal: 15, core dumped: no
[UID:1163][161596] Child process with pid: 367823 was killed by signal: 15, core dumped: no
[UID:1163][161596] Child process with pid: 367906 was killed by signal: 15, core dumped: no
[UID:1163][161596] Child process with pid: 367922 was killed by signal: 15, core dumped: no
[UID:1163][161596] Child process with pid: 367982 was killed by signal: 15, core dumped: no
[UID:1163][161596] Child process with pid: 368023 was killed by signal: 15, core dumped: no
[UID:1163][161596] Child process with pid: 368076 was killed by signal: 15, core dumped: no
[UID:1163][161596] Child process with pid: 368078 was killed by signal: 15, core dumped: no
[UID:1163][161596] Child process with pid: 368241 was killed by signal: 15, core dumped: no
[UID:1163][161596] Child process with pid: 368298 was killed by signal: 15, core dumped: no
[UID:1163][161596] Child process with pid: 368358 was killed by signal: 15, core dumped: no
[UID:1163][161596] Child process with pid: 368406 was killed by signal: 15, core dumped: no
[UID:1163][161596] Child process with pid: 368477 was killed by signal: 15, core dumped: no
[UID:1163][161596] Child process with pid: 368493 was killed by signal: 15, core dumped: no
[UID:1163][161596] Child process with pid: 368546 was killed by signal: 15, core dumped: no
[UID:1163][161596] Child process with pid: 368556 was killed by signal: 15, core dumped: no
[UID:1163][161596] Child process with pid: 368625 was killed by signal: 15, core dumped: no
[UID:1163][161596] Child process with pid: 368633 was killed by signal: 15, core dumped: no
[UID:1163][161596] Child process with pid: 368695 was killed by signal: 15, core dumped: no
[UID:1163][161596] Child process with pid: 368707 was killed by signal: 15, core dumped: no
[UID:1163][161596] Child process with pid: 368743 was killed by signal: 15, core dumped: no
[UID:1163][161596] Child process with pid: 368772 was killed by signal: 15, core dumped: no
[UID:1163][161596] Child process with pid: 368833 was killed by signal: 15, core dumped: no
[UID:1163][161596] Child process with pid: 368847 was killed by signal: 15, core dumped: no
[UID:1163][161596] Child process with pid: 368894 was killed by signal: 15, core dumped: no
[UID:1163][161596] Child process with pid: 368915 was killed by signal: 15, core dumped: no
[UID:1163][161596] Child process with pid: 368986 was killed by signal: 15, core dumped: no
[UID:1163][161596] Child process with pid: 369000 was killed by signal: 15, core dumped: no
[UID:1163][2249467] Child process with pid: 2249617 was killed by signal: 15, core dumped: no
[UID:1163][2249467] Child process with pid: 2249740 was killed by signal: 15, core dumped: no
[UID:1163][2249467] Child process with pid: 2345155 was killed by signal: 15, core dumped: no
[UID:1163][2249467] Child process with pid: 2345157 was killed by signal: 15, core dumped: no
[UID:1163][2249467] Child process with pid: 2346880 was killed by signal: 15, core dumped: no
[UID:1163][2249467] Child process with pid: 2346936 was killed by signal: 15, core dumped: no
[UID:1163][2249467] Child process with pid: 2348023 was killed by signal: 15, core dumped: no
[UID:1163][2249467] Child process with pid: 2347807 was killed by signal: 15, core dumped: no
[UID:1163][2249467] Child process with pid: 2348960 was killed by signal: 15, core dumped: no
[UID:1163][2249467] Child process with pid: 2349430 was killed by signal: 15, core dumped: no
[UID:1163][2249467] Child process with pid: 2349459 was killed by signal: 15, core dumped: no
[UID:1163][2249467] Child process with pid: 2349773 was killed by signal: 15, core dumped: no
[UID:1163][2249467] Child process with pid: 2349998 was killed by signal: 15, core dumped: no
[UID:1163][2249467] Child process with pid: 2350214 was killed by signal: 15, core dumped: no
[UID:1163][2249467] Child process with pid: 2350227 was killed by signal: 15, core dumped: no
[UID:1163][2249467] Child process with pid: 2350269 was killed by signal: 15, core dumped: no
[UID:1163][2249467] Child process with pid: 2350293 was killed by signal: 15, core dumped: no
[UID:1163][2249467] Child process with pid: 2348680 was killed by signal: 15, core dumped: no
[UID:1163][2249467] Child process with pid: 2350454 was killed by signal: 15, core dumped: no
[UID:1163][2249467] Child process with pid: 2350467 was killed by signal: 15, core dumped: no
[UID:1163][2249467] Child process with pid: 2350535 was killed by signal: 15, core dumped: no
[UID:1163][2249467] Child process with pid: 2350537 was killed by signal: 15, core dumped: no
[UID:1163][2249467] Child process with pid: 2350672 was killed by signal: 15, core dumped: no
[UID:1163][2249467] Child process with pid: 2350726 was killed by signal: 15, core dumped: no
[UID:1163][2249467] Child process with pid: 2350881 was killed by signal: 15, core dumped: no
[UID:1163][2249467] Child process with pid: 2350927 was killed by signal: 15, core dumped: no
[UID:1163][2249467] Child process with pid: 2351061 was killed by signal: 15, core dumped: no
[UID:1163][2249467] Child process with pid: 2351098 was killed by signal: 15, core dumped: no
[UID:1163][2249467] Child process with pid: 2351146 was killed by signal: 15, core dumped: no
[UID:1163][2249467] Child process with pid: 2351162 was killed by signal: 15, core dumped: no
[UID:1163][2249467] Child process with pid: 2351317 was killed by signal: 15, core dumped: no
[UID:1163][2249467] Child process with pid: 2351431 was killed by signal: 15, core dumped: no
[UID:1163][2249467] Child process with pid: 2348122 was killed by signal: 15, core dumped: no
[UID:1163][2249467] Child process with pid: 2351466 was killed by signal: 15, core dumped: no
[UID:1163][2249467] Child process with pid: 2351524 was killed by signal: 15, core dumped: no
[UID:1163][2249467] Child process with pid: 2351554 was killed by signal: 15, core dumped: no
[UID:1163][2249467] Child process with pid: 2351635 was killed by signal: 15, core dumped: no
[UID:1163][2249467] Child process with pid: 2351663 was killed by signal: 15, core dumped: no
[UID:1163][2249467] Child process with pid: 2351724 was killed by signal: 15, core dumped: no
[UID:1163][2249467] Child process with pid: 2351784 was killed by signal: 15, core dumped: no
[UID:1163][2249467] Child process with pid: 2351825 was killed by signal: 15, core dumped: no
[UID:1163][2249467] Child process with pid: 2351907 was killed by signal: 15, core dumped: no
[UID:1163][2249467] Child process with pid: 2351960 was killed by signal: 15, core dumped: no
[UID:1163][2249467] Child process with pid: 2351974 was killed by signal: 15, core dumped: no
[UID:1163][2249467] Child process with pid: 2352028 was killed by signal: 15, core dumped: no
[UID:1163][2249467] Child process with pid: 2352040 was killed by signal: 15, core dumped: no
[UID:1163][2249467] Child process with pid: 2352055 was killed by signal: 15, core dumped: no
[UID:1163][2249467] Child process with pid: 2352073 was killed by signal: 15, core dumped: no
[UID:1163][2249467] Child process with pid: 2357235 was killed by signal: 15, core dumped: no
[UID:1163][2249467] Child process with pid: 2357370 was killed by signal: 15, core dumped: no
[UID:1163][2249467] Child process with pid: 2357489 was killed by signal: 15, core dumped: no
[UID:1163][2249467] Child process with pid: 2357506 was killed by signal: 15, core dumped: no
[UID:1163][2249467] Child process with pid: 2357806 was killed by signal: 15, core dumped: no
[UID:1163][2249467] Child process with pid: 2357814 was killed by signal: 15, core dumped: no
[UID:1163][2496768] Child process with pid: 2497159 was killed by signal: 15, core dumped: no
[UID:1163][2496768] Child process with pid: 2497169 was killed by signal: 15, core dumped: no
[UID:1163][2496768] Child process with pid: 2699358 was killed by signal: 15, core dumped: no
[UID:1163][2496768] Child process with pid: 2699419 was killed by signal: 15, core dumped: no
[UID:1163][2496768] Child process with pid: 2701444 was killed by signal: 15, core dumped: no
[UID:1163][2496768] Child process with pid: 2702132 was killed by signal: 15, core dumped: no
[UID:1163][2496768] Child process with pid: 2702440 was killed by signal: 15, core dumped: no
[UID:1163][2496768] Child process with pid: 2702464 was killed by signal: 15, core dumped: no
[UID:1163][2496768] Child process with pid: 2703366 was killed by signal: 15, core dumped: no
[UID:1163][2496768] Child process with pid: 2704680 was killed by signal: 15, core dumped: no
[UID:1163][2496768] Child process with pid: 2705268 was killed by signal: 15, core dumped: no
[UID:1163][2496768] Child process with pid: 2705302 was killed by signal: 15, core dumped: no
[UID:1163][2496768] Child process with pid: 2705310 was killed by signal: 15, core dumped: no
[UID:1163][2496768] Child process with pid: 2705347 was killed by signal: 15, core dumped: no
[UID:1163][2496768] Child process with pid: 2705384 was killed by signal: 15, core dumped: no
[UID:1163][2496768] Child process with pid: 2708319 was killed by signal: 15, core dumped: no
[UID:1163][2496768] Reached max children process limit: 6, extra: 2, current: 8, busy: 7, please increase LSAPI_CHILDREN.
[UID:1163][2496768] Reached max children process limit: 6, extra: 2, current: 8, busy: 8, please increase LSAPI_CHILDREN.
[UID:1163][2496768] Reached max children process limit: 6, extra: 2, current: 8, busy: 8, please increase LSAPI_CHILDREN.
[UID:1163][2496768] Reached max children process limit: 6, extra: 2, current: 8, busy: 8, please increase LSAPI_CHILDREN.
[UID:1163][2496768] Reached max children process limit: 6, extra: 2, current: 8, busy: 8, please increase LSAPI_CHILDREN.
[UID:1163][2496768] Child process with pid: 2751802 was killed by signal: 15, core dumped: no
[UID:1163][2496768] Child process with pid: 2751459 was killed by signal: 15, core dumped: no
[UID:1163][2496768] Reached max children process limit: 6, extra: 2, current: 8, busy: 7, please increase LSAPI_CHILDREN.
[UID:1163][2496768] Child process with pid: 2751918 was killed by signal: 15, core dumped: no
[UID:1163][2496768] Child process with pid: 2751959 was killed by signal: 15, core dumped: no
[UID:1163][2496768] Child process with pid: 2752109 was killed by signal: 15, core dumped: no
[UID:1163][2496768] Child process with pid: 2752120 was killed by signal: 15, core dumped: no
[UID:1163][2496768] Child process with pid: 2752140 was killed by signal: 15, core dumped: no
[UID:1163][2496768] Child process with pid: 2752157 was killed by signal: 15, core dumped: no
[UID:1163][2496768] Child process with pid: 2752238 was killed by signal: 15, core dumped: no
[UID:1163][2496768] Child process with pid: 2752286 was killed by signal: 15, core dumped: no
[UID:1163][2496768] Child process with pid: 2752400 was killed by signal: 15, core dumped: no
[UID:1163][2496768] Child process with pid: 2752434 was killed by signal: 15, core dumped: no
[UID:1163][2496768] Child process with pid: 2752613 was killed by signal: 15, core dumped: no
[UID:1163][2496768] Child process with pid: 2752708 was killed by signal: 15, core dumped: no
[UID:1163][2496768] Child process with pid: 2752832 was killed by signal: 15, core dumped: no
[UID:1163][2753126] Child process with pid: 2753371 was killed by signal: 15, core dumped: no
[UID:1163][2753126] Child process with pid: 2753925 was killed by signal: 15, core dumped: no
[UID:1163][2753126] Child process with pid: 2756501 was killed by signal: 15, core dumped: no
[UID:1163][2753126] Child process with pid: 2756688 was killed by signal: 15, core dumped: no
[UID:1163][2753126] Child process with pid: 2756712 was killed by signal: 15, core dumped: no
[UID:1163][2753126] Child process with pid: 2756832 was killed by signal: 15, core dumped: no
[UID:1163][2753126] Child process with pid: 2771461 was killed by signal: 15, core dumped: no
[UID:1163][2753126] Child process with pid: 2775295 was killed by signal: 15, core dumped: no
[UID:1163][2753126] Child process with pid: 2776087 was killed by signal: 15, core dumped: no
[UID:1163][2753126] Child process with pid: 2771795 was killed by signal: 15, core dumped: no
[UID:1163][2753126] Child process with pid: 2834239 was killed by signal: 15, core dumped: no
[UID:1163][2753126] Child process with pid: 2838989 was killed by signal: 15, core dumped: no
[UID:1163][2753126] Child process with pid: 2839002 was killed by signal: 15, core dumped: no
[UID:1163][2753126] Child process with pid: 2839087 was killed by signal: 15, core dumped: no
[UID:1163][2753126] Child process with pid: 2839148 was killed by signal: 15, core dumped: no
[UID:1163][2753126] Child process with pid: 2839240 was killed by signal: 15, core dumped: no
[UID:1163][2753126] Child process with pid: 2839363 was killed by signal: 15, core dumped: no
[UID:1163][2753126] Child process with pid: 2839442 was killed by signal: 15, core dumped: no
[UID:1163][2753126] Child process with pid: 2839679 was killed by signal: 15, core dumped: no
[UID:1163][2753126] Child process with pid: 2874777 was killed by signal: 15, core dumped: no
[UID:1163][2753126] Child process with pid: 2875844 was killed by signal: 15, core dumped: no
[UID:1163][2753126] Child process with pid: 2887770 was killed by signal: 15, core dumped: no
[UID:1163][2753126] Child process with pid: 2974759 was killed by signal: 15, core dumped: no
[UID:1163][3961334] Child process with pid: 3961748 was killed by signal: 15, core dumped: no
[UID:1163][444682] Child process with pid: 498223 was killed by signal: 15, core dumped: no
[UID:1163][1428557] Child process with pid: 1428862 was killed by signal: 15, core dumped: no
[UID:1163][1428557] Child process with pid: 1428907 was killed by signal: 15, core dumped: no
[UID:1163][1638204] Child process with pid: 1638652 was killed by signal: 15, core dumped: no
[UID:1163][1638204] Child process with pid: 1638763 was killed by signal: 15, core dumped: no
[UID:1163][3317054] Child process with pid: 3374100 was killed by signal: 15, core dumped: no
[UID:1163][3317054] Child process with pid: 3374191 was killed by signal: 15, core dumped: no
[UID:1163][3579671] Child process with pid: 3579819 was killed by signal: 15, core dumped: no
[UID:1163][3579671] Child process with pid: 3579852 was killed by signal: 15, core dumped: no
[UID:1163][3721882] Child process with pid: 3722595 was killed by signal: 15, core dumped: no
[UID:1163][3721882] Child process with pid: 3722609 was killed by signal: 15, core dumped: no
[UID:1163][476792] Child process with pid: 477090 was killed by signal: 15, core dumped: no
[UID:1163][482093] Child process with pid: 482383 was killed by signal: 15, core dumped: no
[UID:1163][482093] Child process with pid: 482386 was killed by signal: 15, core dumped: no
[UID:1163][485183] Child process with pid: 485338 was killed by signal: 15, core dumped: no
[UID:1163][485183] Child process with pid: 485395 was killed by signal: 15, core dumped: no
[UID:1163][485183] Child process with pid: 485711 was killed by signal: 15, core dumped: no
[UID:1163][522309] Child process with pid: 522614 was killed by signal: 15, core dumped: no
[UID:1163][522309] Child process with pid: 522692 was killed by signal: 15, core dumped: no
[UID:1163][522309] Child process with pid: 526369 was killed by signal: 15, core dumped: no
[UID:1163][557800] Child process with pid: 557883 was killed by signal: 15, core dumped: no
[UID:1163][557800] Child process with pid: 558051 was killed by signal: 15, core dumped: no
[UID:1163][557800] Child process with pid: 558197 was killed by signal: 15, core dumped: no
[UID:1163][557800] Child process with pid: 558237 was killed by signal: 15, core dumped: no
[UID:1163][557800] Child process with pid: 558279 was killed by signal: 15, core dumped: no
[UID:1163][557800] Child process with pid: 558304 was killed by signal: 15, core dumped: no
[UID:1163][557800] Child process with pid: 558411 was killed by signal: 15, core dumped: no
[UID:1163][557800] Child process with pid: 558432 was killed by signal: 15, core dumped: no
[UID:1163][557800] Child process with pid: 558603 was killed by signal: 15, core dumped: no
[UID:1163][557800] Child process with pid: 558610 was killed by signal: 15, core dumped: no
[UID:1163][557800] Child process with pid: 558783 was killed by signal: 15, core dumped: no
[UID:1163][557800] Child process with pid: 560239 was killed by signal: 15, core dumped: no
[UID:1163][557800] Reached max children process limit: 6, extra: 2, current: 8, busy: 7, please increase LSAPI_CHILDREN.
[UID:1163][557800] Child process with pid: 560342 was killed by signal: 15, core dumped: no
[UID:1163][557800] Child process with pid: 561423 was killed by signal: 15, core dumped: no
[UID:1163][557800] Child process with pid: 561916 was killed by signal: 15, core dumped: no
[UID:1163][557800] Child process with pid: 560378 was killed by signal: 15, core dumped: no
[UID:1163][557800] Child process with pid: 562525 was killed by signal: 15, core dumped: no
[UID:1163][557800] Child process with pid: 562719 was killed by signal: 15, core dumped: no
[UID:1163][557800] Child process with pid: 562940 was killed by signal: 15, core dumped: no
[UID:1163][557800] Child process with pid: 563028 was killed by signal: 15, core dumped: no
[UID:1163][557800] Child process with pid: 563122 was killed by signal: 15, core dumped: no
[UID:1163][557800] Child process with pid: 563198 was killed by signal: 15, core dumped: no
[UID:1163][557800] Child process with pid: 563296 was killed by signal: 15, core dumped: no
[UID:1163][557800] Child process with pid: 563448 was killed by signal: 15, core dumped: no
[UID:1163][557800] Child process with pid: 563597 was killed by signal: 15, core dumped: no
[UID:1163][557800] Child process with pid: 563619 was killed by signal: 15, core dumped: no
[UID:1163][557800] Child process with pid: 563638 was killed by signal: 15, core dumped: no
[UID:1163][557800] Child process with pid: 563701 was killed by signal: 15, core dumped: no
[UID:1163][557800] Child process with pid: 563713 was killed by signal: 15, core dumped: no
[UID:1163][557800] Child process with pid: 563746 was killed by signal: 15, core dumped: no
[UID:1163][557800] Child process with pid: 563774 was killed by signal: 15, core dumped: no
[UID:1163][557800] Child process with pid: 563826 was killed by signal: 15, core dumped: no
[UID:1163][557800] Child process with pid: 563832 was killed by signal: 15, core dumped: no
[UID:1163][557800] Child process with pid: 563879 was killed by signal: 15, core dumped: no
[UID:1163][557800] Child process with pid: 563886 was killed by signal: 15, core dumped: no
[UID:1163][557800] Child process with pid: 563954 was killed by signal: 15, core dumped: no
[UID:1163][557800] Child process with pid: 564001 was killed by signal: 15, core dumped: no
[UID:1163][557800] Child process with pid: 610669 was killed by signal: 15, core dumped: no
[UID:1163][557800] Child process with pid: 686304 was killed by signal: 15, core dumped: no
[UID:1163][557800] Child process with pid: 824849 was killed by signal: 15, core dumped: no
[UID:1163][557800] Child process with pid: 825065 was killed by signal: 15, core dumped: no
[UID:1163][2928211] Child process with pid: 3044991 was killed by signal: 15, core dumped: no
[UID:1163][2928211] Child process with pid: 3046452 was killed by signal: 15, core dumped: no
[UID:1163][2928211] Child process with pid: 3046875 was killed by signal: 15, core dumped: no
[UID:1163][2928211] Child process with pid: 3046927 was killed by signal: 15, core dumped: no
[UID:1163][2928211] Child process with pid: 3046936 was killed by signal: 15, core dumped: no
[UID:1163][2928211] Child process with pid: 3046988 was killed by signal: 15, core dumped: no
[UID:1163][2928211] Child process with pid: 3046993 was killed by signal: 15, core dumped: no
[UID:1163][2928211] Child process with pid: 3047084 was killed by signal: 15, core dumped: no
[UID:1163][2928211] Child process with pid: 3047089 was killed by signal: 15, core dumped: no
[UID:1163][2928211] Child process with pid: 3047128 was killed by signal: 15, core dumped: no
[UID:1163][2928211] Child process with pid: 3047150 was killed by signal: 15, core dumped: no
[UID:1163][2928211] Child process with pid: 3047214 was killed by signal: 15, core dumped: no
[UID:1163][2928211] Child process with pid: 3047217 was killed by signal: 15, core dumped: no
[UID:1163][2928211] Child process with pid: 3047300 was killed by signal: 15, core dumped: no
[UID:1163][2928211] Child process with pid: 3047325 was killed by signal: 15, core dumped: no
[UID:1163][2928211] Child process with pid: 3047364 was killed by signal: 15, core dumped: no
[UID:1163][2928211] Child process with pid: 3047369 was killed by signal: 15, core dumped: no
[UID:1163][2928211] Child process with pid: 3047394 was killed by signal: 15, core dumped: no
[UID:1163][2928211] Child process with pid: 3047403 was killed by signal: 15, core dumped: no
[UID:1163][2928211] Child process with pid: 3047439 was killed by signal: 15, core dumped: no
[UID:1163][2928211] Child process with pid: 3047450 was killed by signal: 15, core dumped: no
[UID:1163][2928211] Child process with pid: 3047535 was killed by signal: 15, core dumped: no
[UID:1163][2928211] Child process with pid: 3047547 was killed by signal: 15, core dumped: no
[UID:1163][2928211] Child process with pid: 3047576 was killed by signal: 15, core dumped: no
[UID:1163][2928211] Child process with pid: 3047584 was killed by signal: 15, core dumped: no
[UID:1163][2928211] Child process with pid: 3047654 was killed by signal: 15, core dumped: no
[UID:1163][2928211] Child process with pid: 3047665 was killed by signal: 15, core dumped: no
[UID:1163][2928211] Child process with pid: 3047707 was killed by signal: 15, core dumped: no
[UID:1163][2928211] Child process with pid: 3047761 was killed by signal: 15, core dumped: no
[UID:1163][2928211] Child process with pid: 3047786 was killed by signal: 15, core dumped: no
[UID:1163][2928211] Child process with pid: 3047810 was killed by signal: 15, core dumped: no
[UID:1163][2928211] Child process with pid: 3047881 was killed by signal: 15, core dumped: no
[UID:1163][2928211] Child process with pid: 3047885 was killed by signal: 15, core dumped: no
[UID:1163][2928211] Child process with pid: 3048027 was killed by signal: 15, core dumped: no
[UID:1163][2928211] Child process with pid: 3048136 was killed by signal: 15, core dumped: no
[UID:1163][2928211] Child process with pid: 3048156 was killed by signal: 15, core dumped: no
[UID:1163][2928211] Child process with pid: 3048202 was killed by signal: 15, core dumped: no
[UID:1163][2928211] Child process with pid: 3049708 was killed by signal: 15, core dumped: no
[UID:1163][2928211] Child process with pid: 3100221 was killed by signal: 15, core dumped: no
[UID:1163][2928211] Child process with pid: 3100956 was killed by signal: 15, core dumped: no
[UID:1163][2928211] Child process with pid: 3101292 was killed by signal: 15, core dumped: no
[UID:1163][2928211] Child process with pid: 3101338 was killed by signal: 15, core dumped: no
[UID:1163][2928211] Child process with pid: 3101409 was killed by signal: 15, core dumped: no
[UID:1163][2928211] Child process with pid: 3101426 was killed by signal: 15, core dumped: no
[UID:1163][2928211] Child process with pid: 3101496 was killed by signal: 15, core dumped: no
[UID:1163][2928211] Child process with pid: 3101351 was killed by signal: 15, core dumped: no
[UID:1163][3143953] Child process with pid: 3197434 was killed by signal: 15, core dumped: no
[UID:1163][3143953] Child process with pid: 3197455 was killed by signal: 15, core dumped: no
[UID:1163][3143953] Child process with pid: 3198784 was killed by signal: 15, core dumped: no
[UID:1163][3143953] Child process with pid: 3199022 was killed by signal: 15, core dumped: no
[UID:1163][3143953] Child process with pid: 3201013 was killed by signal: 15, core dumped: no
[UID:1163][3379504] Child process with pid: 3379689 was killed by signal: 15, core dumped: no
[UID:1163][3379504] Child process with pid: 3379697 was killed by signal: 15, core dumped: no
[UID:1163][1874822] Child process with pid: 1875272 was killed by signal: 15, core dumped: no
[UID:1163][1874822] Child process with pid: 1875395 was killed by signal: 15, core dumped: no
[UID:1163][1874822] Reached max children process limit: 6, extra: 2, current: 8, busy: 7, please increase LSAPI_CHILDREN.
[UID:1163][1874822] Reached max children process limit: 6, extra: 2, current: 8, busy: 8, please increase LSAPI_CHILDREN.
[UID:1163][1874822] Reached max children process limit: 6, extra: 2, current: 8, busy: 8, please increase LSAPI_CHILDREN.
[UID:1163][1874822] Reached max children process limit: 6, extra: 2, current: 8, busy: 8, please increase LSAPI_CHILDREN.
[UID:1163][1874822] Reached max children process limit: 6, extra: 2, current: 8, busy: 8, please increase LSAPI_CHILDREN.
[UID:1163][1874822] Reached max children process limit: 6, extra: 2, current: 8, busy: 8, please increase LSAPI_CHILDREN.
[UID:1163][1874822] Reached max children process limit: 6, extra: 2, current: 8, busy: 8, please increase LSAPI_CHILDREN.
[UID:1163][1874822] Reached max children process limit: 6, extra: 2, current: 8, busy: 8, please increase LSAPI_CHILDREN.
[UID:1163][1874822] Reached max children process limit: 6, extra: 2, current: 8, busy: 7, please increase LSAPI_CHILDREN.
[UID:1163][1874822] Reached max children process limit: 6, extra: 2, current: 8, busy: 8, please increase LSAPI_CHILDREN.
[UID:1163][1874822] Reached max children process limit: 6, extra: 2, current: 8, busy: 8, please increase LSAPI_CHILDREN.
[UID:1163][1874822] Reached max children process limit: 6, extra: 2, current: 8, busy: 8, please increase LSAPI_CHILDREN.
[UID:1163][1874822] Reached max children process limit: 6, extra: 2, current: 8, busy: 8, please increase LSAPI_CHILDREN.
[UID:1163][1874822] Reached max children process limit: 6, extra: 2, current: 8, busy: 8, please increase LSAPI_CHILDREN.
[UID:1163][1874822] Child process with pid: 1887293 was killed by signal: 15, core dumped: no
[UID:1163][1874822] Child process with pid: 1887689 was killed by signal: 15, core dumped: no
[2026-01-25 18:14:00,937] ERROR in app: Exception on /admin/ [GET]
Traceback (most recent call last):
  File "/home/lpkd3153/virtualenv/yamaguchipwt/3.13/lib/python3.13/site-packages/flask/app.py", line 1484, in full_dispatch_request
    rv = self.dispatch_request()
  File "/home/lpkd3153/virtualenv/yamaguchipwt/3.13/lib/python3.13/site-packages/flask/app.py", line 1458, in dispatch_request
    self.raise_routing_exception(req)
    ~~~~~~~~~~~~~~~~~~~~~~~~~~~~^^^^^
  File "/home/lpkd3153/virtualenv/yamaguchipwt/3.13/lib/python3.13/site-packages/flask/app.py", line 1440, in raise_routing_exception
    raise request.routing_exception  # type: ignore
    ^^^^^^^^^^^^^^^^^^^^^^^^^^^^^^^
  File "/home/lpkd3153/virtualenv/yamaguchipwt/3.13/lib/python3.13/site-packages/flask/ctx.py", line 353, in match_request
    result = self.url_adapter.match(return_rule=True)  # type: ignore
  File "/home/lpkd3153/virtualenv/yamaguchipwt/3.13/lib/python3.13/site-packages/werkzeug/routing/map.py", line 655, in match
    raise NotFound() from None
werkzeug.exceptions.NotFound: 404 Not Found: The requested URL was not found on the server. If you entered the URL manually please check your spelling and try again.

During handling of the above exception, another exception occurred:

Traceback (most recent call last):
  File "/home/lpkd3153/virtualenv/yamaguchipwt/3.13/lib/python3.13/site-packages/flask/app.py", line 2190, in wsgi_app
    response = self.full_dispatch_request()
  File "/home/lpkd3153/virtualenv/yamaguchipwt/3.13/lib/python3.13/site-packages/flask/app.py", line 1486, in full_dispatch_request
    rv = self.handle_user_exception(e)
  File "/home/lpkd3153/virtualenv/yamaguchipwt/3.13/lib/python3.13/site-packages/flask/app.py", line 1341, in handle_user_exception
    return self.handle_http_exception(e)
           ~~~~~~~~~~~~~~~~~~~~~~~~~~^^^
  File "/home/lpkd3153/virtualenv/yamaguchipwt/3.13/lib/python3.13/site-packages/flask/app.py", line 1281, in handle_http_exception
    return self.ensure_sync(handler)(e)
           ~~~~~~~~~~~~~~~~~~~~~~~~~^^^
  File "/home/lpkd3153/yamaguchipwt/middleware/error_handler.py", line 10, in not_found
    return render_template('errors/404.html'), 404
           ~~~~~~~~~~~~~~~^^^^^^^^^^^^^^^^^^^
  File "/home/lpkd3153/virtualenv/yamaguchipwt/3.13/lib/python3.13/site-packages/flask/templating.py", line 151, in render_template
    return _render(app, template, context)
  File "/home/lpkd3153/virtualenv/yamaguchipwt/3.13/lib/python3.13/site-packages/flask/templating.py", line 132, in _render
    rv = template.render(context)
  File "/home/lpkd3153/virtualenv/yamaguchipwt/3.13/lib/python3.13/site-packages/jinja2/environment.py", line 1295, in render
    self.environment.handle_exception()
    ~~~~~~~~~~~~~~~~~~~~~~~~~~~~~~~~~^^
  File "/home/lpkd3153/virtualenv/yamaguchipwt/3.13/lib/python3.13/site-packages/jinja2/environment.py", line 942, in handle_exception
    raise rewrite_traceback_stack(source=source)
  File "/home/lpkd3153/yamaguchipwt/templates/errors/404.html", line 1, in top-level template code
    {% extends "navbar/base.html" %}
    ^^^^^^^^^^^^^^^^^^^^^^^^^
  File "/home/lpkd3153/yamaguchipwt/templates/navbar/base.html", line 316, in top-level template code
    <li><a href="{{ url_for('attendance.admin_attendance_report') }}" {% if 'attendance.admin' in
    ^^^^^^^^^
TypeError: argument of type 'NoneType' is not iterable
[ERROR] [UID:1163][1887780] wsgiAppHandler pApp->start_response() return NULL.
Traceback (most recent call last):
  File "/home/lpkd3153/virtualenv/yamaguchipwt/3.13/lib/python3.13/site-packages/flask/app.py", line 1484, in full_dispatch_request
    rv = self.dispatch_request()
  File "/home/lpkd3153/virtualenv/yamaguchipwt/3.13/lib/python3.13/site-packages/flask/app.py", line 1458, in dispatch_request
    self.raise_routing_exception(req)
    ~~~~~~~~~~~~~~~~~~~~~~~~~~~~^^^^^
  File "/home/lpkd3153/virtualenv/yamaguchipwt/3.13/lib/python3.13/site-packages/flask/app.py", line 1440, in raise_routing_exception
    raise request.routing_exception  # type: ignore
    ^^^^^^^^^^^^^^^^^^^^^^^^^^^^^^^
  File "/home/lpkd3153/virtualenv/yamaguchipwt/3.13/lib/python3.13/site-packages/flask/ctx.py", line 353, in match_request
    result = self.url_adapter.match(return_rule=True)  # type: ignore
  File "/home/lpkd3153/virtualenv/yamaguchipwt/3.13/lib/python3.13/site-packages/werkzeug/routing/map.py", line 655, in match
    raise NotFound() from None
werkzeug.exceptions.NotFound: 404 Not Found: The requested URL was not found on the server. If you entered the URL manually please check your spelling and try again.

During handling of the above exception, another exception occurred:

Traceback (most recent call last):
  File "/home/lpkd3153/virtualenv/yamaguchipwt/3.13/lib/python3.13/site-packages/flask/app.py", line 2190, in wsgi_app
    response = self.full_dispatch_request()
  File "/home/lpkd3153/virtualenv/yamaguchipwt/3.13/lib/python3.13/site-packages/flask/app.py", line 1486, in full_dispatch_request
    rv = self.handle_user_exception(e)
  File "/home/lpkd3153/virtualenv/yamaguchipwt/3.13/lib/python3.13/site-packages/flask/app.py", line 1341, in handle_user_exception
    return self.handle_http_exception(e)
           ~~~~~~~~~~~~~~~~~~~~~~~~~~^^^
  File "/home/lpkd3153/virtualenv/yamaguchipwt/3.13/lib/python3.13/site-packages/flask/app.py", line 1281, in handle_http_exception
    return self.ensure_sync(handler)(e)
           ~~~~~~~~~~~~~~~~~~~~~~~~~^^^
  File "/home/lpkd3153/yamaguchipwt/middleware/error_handler.py", line 10, in not_found
    return render_template('errors/404.html'), 404
           ~~~~~~~~~~~~~~~^^^^^^^^^^^^^^^^^^^
  File "/home/lpkd3153/virtualenv/yamaguchipwt/3.13/lib/python3.13/site-packages/flask/templating.py", line 151, in render_template
    return _render(app, template, context)
  File "/home/lpkd3153/virtualenv/yamaguchipwt/3.13/lib/python3.13/site-packages/flask/templating.py", line 132, in _render
    rv = template.render(context)
  File "/home/lpkd3153/virtualenv/yamaguchipwt/3.13/lib/python3.13/site-packages/jinja2/environment.py", line 1295, in render
    self.environment.handle_exception()
    ~~~~~~~~~~~~~~~~~~~~~~~~~~~~~~~~~^^
  File "/home/lpkd3153/virtualenv/yamaguchipwt/3.13/lib/python3.13/site-packages/jinja2/environment.py", line 942, in handle_exception
    raise rewrite_traceback_stack(source=source)
  File "/home/lpkd3153/yamaguchipwt/templates/errors/404.html", line 1, in top-level template code
    {% extends "navbar/base.html" %}
    ^^^^^^^^^^^^^^^^^^^^^^^^^
  File "/home/lpkd3153/yamaguchipwt/templates/navbar/base.html", line 316, in top-level template code
    <li><a href="{{ url_for('attendance.admin_attendance_report') }}" {% if 'attendance.admin' in
    ^^^^^^^^^
TypeError: argument of type 'NoneType' is not iterable

During handling of the above exception, another exception occurred:

Traceback (most recent call last):
  File "/home/lpkd3153/virtualenv/yamaguchipwt/3.13/lib/python3.13/site-packages/flask/app.py", line 2213, in __call__
    return self.wsgi_app(environ, start_response)
           ~~~~~~~~~~~~~^^^^^^^^^^^^^^^^^^^^^^^^^
  File "/home/lpkd3153/virtualenv/yamaguchipwt/3.13/lib/python3.13/site-packages/flask/app.py", line 2193, in wsgi_app
    response = self.handle_exception(e)
  File "/home/lpkd3153/virtualenv/yamaguchipwt/3.13/lib/python3.13/site-packages/flask/app.py", line 1399, in handle_exception
    server_error = self.ensure_sync(handler)(server_error)
  File "/home/lpkd3153/yamaguchipwt/middleware/error_handler.py", line 14, in internal_error
    return render_template('errors/500.html'), 500
           ~~~~~~~~~~~~~~~^^^^^^^^^^^^^^^^^^^
  File "/home/lpkd3153/virtualenv/yamaguchipwt/3.13/lib/python3.13/site-packages/flask/templating.py", line 151, in render_template
    return _render(app, template, context)
  File "/home/lpkd3153/virtualenv/yamaguchipwt/3.13/lib/python3.13/site-packages/flask/templating.py", line 132, in _render
    rv = template.render(context)
  File "/home/lpkd3153/virtualenv/yamaguchipwt/3.13/lib/python3.13/site-packages/jinja2/environment.py", line 1295, in render
    self.environment.handle_exception()
    ~~~~~~~~~~~~~~~~~~~~~~~~~~~~~~~~~^^
  File "/home/lpkd3153/virtualenv/yamaguchipwt/3.13/lib/python3.13/site-packages/jinja2/environment.py", line 942, in handle_exception
    raise rewrite_traceback_stack(source=source)
  File "/home/lpkd3153/yamaguchipwt/templates/errors/500.html", line 1, in top-level template code
    {% extends "navbar/base.html" %}
    ^^^^^^^^^^^^^^^^^^^^^^^^^
  File "/home/lpkd3153/yamaguchipwt/templates/navbar/base.html", line 316, in top-level template code
    <li><a href="{{ url_for('attendance.admin_attendance_report') }}" {% if 'attendance.admin' in
    ^^^^^^^^^
TypeError: argument of type 'NoneType' is not iterable
[2026-01-25 18:14:01,085] ERROR in app: Exception on /favicon.ico [GET]
Traceback (most recent call last):
  File "/home/lpkd3153/virtualenv/yamaguchipwt/3.13/lib/python3.13/site-packages/flask/app.py", line 1484, in full_dispatch_request
    rv = self.dispatch_request()
  File "/home/lpkd3153/virtualenv/yamaguchipwt/3.13/lib/python3.13/site-packages/flask/app.py", line 1458, in dispatch_request
    self.raise_routing_exception(req)
    ~~~~~~~~~~~~~~~~~~~~~~~~~~~~^^^^^
  File "/home/lpkd3153/virtualenv/yamaguchipwt/3.13/lib/python3.13/site-packages/flask/app.py", line 1440, in raise_routing_exception
    raise request.routing_exception  # type: ignore
    ^^^^^^^^^^^^^^^^^^^^^^^^^^^^^^^
  File "/home/lpkd3153/virtualenv/yamaguchipwt/3.13/lib/python3.13/site-packages/flask/ctx.py", line 353, in match_request
    result = self.url_adapter.match(return_rule=True)  # type: ignore
  File "/home/lpkd3153/virtualenv/yamaguchipwt/3.13/lib/python3.13/site-packages/werkzeug/routing/map.py", line 655, in match
    raise NotFound() from None
werkzeug.exceptions.NotFound: 404 Not Found: The requested URL was not found on the server. If you entered the URL manually please check your spelling and try again.

During handling of the above exception, another exception occurred:

Traceback (most recent call last):
  File "/home/lpkd3153/virtualenv/yamaguchipwt/3.13/lib/python3.13/site-packages/flask/app.py", line 2190, in wsgi_app
    response = self.full_dispatch_request()
  File "/home/lpkd3153/virtualenv/yamaguchipwt/3.13/lib/python3.13/site-packages/flask/app.py", line 1486, in full_dispatch_request
    rv = self.handle_user_exception(e)
  File "/home/lpkd3153/virtualenv/yamaguchipwt/3.13/lib/python3.13/site-packages/flask/app.py", line 1341, in handle_user_exception
    return self.handle_http_exception(e)
           ~~~~~~~~~~~~~~~~~~~~~~~~~~^^^
  File "/home/lpkd3153/virtualenv/yamaguchipwt/3.13/lib/python3.13/site-packages/flask/app.py", line 1281, in handle_http_exception
    return self.ensure_sync(handler)(e)
           ~~~~~~~~~~~~~~~~~~~~~~~~~^^^
  File "/home/lpkd3153/yamaguchipwt/middleware/error_handler.py", line 10, in not_found
    return render_template('errors/404.html'), 404
           ~~~~~~~~~~~~~~~^^^^^^^^^^^^^^^^^^^
  File "/home/lpkd3153/virtualenv/yamaguchipwt/3.13/lib/python3.13/site-packages/flask/templating.py", line 151, in render_template
    return _render(app, template, context)
  File "/home/lpkd3153/virtualenv/yamaguchipwt/3.13/lib/python3.13/site-packages/flask/templating.py", line 132, in _render
    rv = template.render(context)
  File "/home/lpkd3153/virtualenv/yamaguchipwt/3.13/lib/python3.13/site-packages/jinja2/environment.py", line 1295, in render
    self.environment.handle_exception()
    ~~~~~~~~~~~~~~~~~~~~~~~~~~~~~~~~~^^
  File "/home/lpkd3153/virtualenv/yamaguchipwt/3.13/lib/python3.13/site-packages/jinja2/environment.py", line 942, in handle_exception
    raise rewrite_traceback_stack(source=source)
  File "/home/lpkd3153/yamaguchipwt/templates/errors/404.html", line 1, in top-level template code
    {% extends "navbar/base.html" %}
    ^^^^^^^^^^^^^^^^^^^^^^^^^
  File "/home/lpkd3153/yamaguchipwt/templates/navbar/base.html", line 316, in top-level template code
    <li><a href="{{ url_for('attendance.admin_attendance_report') }}" {% if 'attendance.admin' in
    ^^^^^^^^^
TypeError: argument of type 'NoneType' is not iterable
[ERROR] [UID:1163][1887780] wsgiAppHandler pApp->start_response() return NULL.
Traceback (most recent call last):
  File "/home/lpkd3153/virtualenv/yamaguchipwt/3.13/lib/python3.13/site-packages/flask/app.py", line 1484, in full_dispatch_request
    rv = self.dispatch_request()
  File "/home/lpkd3153/virtualenv/yamaguchipwt/3.13/lib/python3.13/site-packages/flask/app.py", line 1458, in dispatch_request
    self.raise_routing_exception(req)
    ~~~~~~~~~~~~~~~~~~~~~~~~~~~~^^^^^
  File "/home/lpkd3153/virtualenv/yamaguchipwt/3.13/lib/python3.13/site-packages/flask/app.py", line 1440, in raise_routing_exception
    raise request.routing_exception  # type: ignore
    ^^^^^^^^^^^^^^^^^^^^^^^^^^^^^^^
  File "/home/lpkd3153/virtualenv/yamaguchipwt/3.13/lib/python3.13/site-packages/flask/ctx.py", line 353, in match_request
    result = self.url_adapter.match(return_rule=True)  # type: ignore
  File "/home/lpkd3153/virtualenv/yamaguchipwt/3.13/lib/python3.13/site-packages/werkzeug/routing/map.py", line 655, in match
    raise NotFound() from None
werkzeug.exceptions.NotFound: 404 Not Found: The requested URL was not found on the server. If you entered the URL manually please check your spelling and try again.

During handling of the above exception, another exception occurred:

Traceback (most recent call last):
  File "/home/lpkd3153/virtualenv/yamaguchipwt/3.13/lib/python3.13/site-packages/flask/app.py", line 2190, in wsgi_app
    response = self.full_dispatch_request()
  File "/home/lpkd3153/virtualenv/yamaguchipwt/3.13/lib/python3.13/site-packages/flask/app.py", line 1486, in full_dispatch_request
    rv = self.handle_user_exception(e)
  File "/home/lpkd3153/virtualenv/yamaguchipwt/3.13/lib/python3.13/site-packages/flask/app.py", line 1341, in handle_user_exception
    return self.handle_http_exception(e)
           ~~~~~~~~~~~~~~~~~~~~~~~~~~^^^
  File "/home/lpkd3153/virtualenv/yamaguchipwt/3.13/lib/python3.13/site-packages/flask/app.py", line 1281, in handle_http_exception
    return self.ensure_sync(handler)(e)
           ~~~~~~~~~~~~~~~~~~~~~~~~~^^^
  File "/home/lpkd3153/yamaguchipwt/middleware/error_handler.py", line 10, in not_found
    return render_template('errors/404.html'), 404
           ~~~~~~~~~~~~~~~^^^^^^^^^^^^^^^^^^^
  File "/home/lpkd3153/virtualenv/yamaguchipwt/3.13/lib/python3.13/site-packages/flask/templating.py", line 151, in render_template
    return _render(app, template, context)
  File "/home/lpkd3153/virtualenv/yamaguchipwt/3.13/lib/python3.13/site-packages/flask/templating.py", line 132, in _render
    rv = template.render(context)
  File "/home/lpkd3153/virtualenv/yamaguchipwt/3.13/lib/python3.13/site-packages/jinja2/environment.py", line 1295, in render
    self.environment.handle_exception()
    ~~~~~~~~~~~~~~~~~~~~~~~~~~~~~~~~~^^
  File "/home/lpkd3153/virtualenv/yamaguchipwt/3.13/lib/python3.13/site-packages/jinja2/environment.py", line 942, in handle_exception
    raise rewrite_traceback_stack(source=source)
  File "/home/lpkd3153/yamaguchipwt/templates/errors/404.html", line 1, in top-level template code
    {% extends "navbar/base.html" %}
    ^^^^^^^^^^^^^^^^^^^^^^^^^
  File "/home/lpkd3153/yamaguchipwt/templates/navbar/base.html", line 316, in top-level template code
    <li><a href="{{ url_for('attendance.admin_attendance_report') }}" {% if 'attendance.admin' in
    ^^^^^^^^^
TypeError: argument of type 'NoneType' is not iterable

During handling of the above exception, another exception occurred:

Traceback (most recent call last):
  File "/home/lpkd3153/virtualenv/yamaguchipwt/3.13/lib/python3.13/site-packages/flask/app.py", line 2213, in __call__
    return self.wsgi_app(environ, start_response)
           ~~~~~~~~~~~~~^^^^^^^^^^^^^^^^^^^^^^^^^
  File "/home/lpkd3153/virtualenv/yamaguchipwt/3.13/lib/python3.13/site-packages/flask/app.py", line 2193, in wsgi_app
    response = self.handle_exception(e)
  File "/home/lpkd3153/virtualenv/yamaguchipwt/3.13/lib/python3.13/site-packages/flask/app.py", line 1399, in handle_exception
    server_error = self.ensure_sync(handler)(server_error)
  File "/home/lpkd3153/yamaguchipwt/middleware/error_handler.py", line 14, in internal_error
    return render_template('errors/500.html'), 500
           ~~~~~~~~~~~~~~~^^^^^^^^^^^^^^^^^^^
  File "/home/lpkd3153/virtualenv/yamaguchipwt/3.13/lib/python3.13/site-packages/flask/templating.py", line 151, in render_template
    return _render(app, template, context)
  File "/home/lpkd3153/virtualenv/yamaguchipwt/3.13/lib/python3.13/site-packages/flask/templating.py", line 132, in _render
    rv = template.render(context)
  File "/home/lpkd3153/virtualenv/yamaguchipwt/3.13/lib/python3.13/site-packages/jinja2/environment.py", line 1295, in render
    self.environment.handle_exception()
    ~~~~~~~~~~~~~~~~~~~~~~~~~~~~~~~~~^^
  File "/home/lpkd3153/virtualenv/yamaguchipwt/3.13/lib/python3.13/site-packages/jinja2/environment.py", line 942, in handle_exception
    raise rewrite_traceback_stack(source=source)
  File "/home/lpkd3153/yamaguchipwt/templates/errors/500.html", line 1, in top-level template code
    {% extends "navbar/base.html" %}
    ^^^^^^^^^^^^^^^^^^^^^^^^^
  File "/home/lpkd3153/yamaguchipwt/templates/navbar/base.html", line 316, in top-level template code
    <li><a href="{{ url_for('attendance.admin_attendance_report') }}" {% if 'attendance.admin' in
    ^^^^^^^^^
TypeError: argument of type 'NoneType' is not iterable
[UID:1163][2023737] Child process with pid: 2024004 was killed by signal: 15, core dumped: no
[UID:1163][2023737] Child process with pid: 2024226 was killed by signal: 15, core dumped: no
[UID:1163][2023737] Child process with pid: 2025415 was killed by signal: 15, core dumped: no
[UID:1163][2023737] Child process with pid: 2025434 was killed by signal: 15, core dumped: no
[UID:1163][2023737] Child process with pid: 2025644 was killed by signal: 15, core dumped: no
[UID:1163][2023737] Child process with pid: 2025654 was killed by signal: 15, core dumped: no
[UID:1163][2023737] Child process with pid: 2025685 was killed by signal: 15, core dumped: no
[UID:1163][2023737] Child process with pid: 2025693 was killed by signal: 15, core dumped: no
[UID:1163][2023737] Child process with pid: 2025821 was killed by signal: 15, core dumped: no
[UID:1163][2023737] Child process with pid: 2025833 was killed by signal: 15, core dumped: no
[UID:1163][2023737] Child process with pid: 2025855 was killed by signal: 15, core dumped: no
[UID:1163][2023737] Child process with pid: 2025860 was killed by signal: 15, core dumped: no
[UID:1163][2023737] Child process with pid: 2025924 was killed by signal: 15, core dumped: no
[UID:1163][2023737] Child process with pid: 2025935 was killed by signal: 15, core dumped: no
[UID:1163][2023737] Child process with pid: 2025973 was killed by signal: 15, core dumped: no
[UID:1163][2023737] Child process with pid: 2025989 was killed by signal: 15, core dumped: no
[UID:1163][2023737] Child process with pid: 2026028 was killed by signal: 15, core dumped: no
[UID:1163][2023737] Child process with pid: 2026049 was killed by signal: 15, core dumped: no
[UID:1163][2023737] Child process with pid: 2026098 was killed by signal: 15, core dumped: no
[UID:1163][2023737] Child process with pid: 2026100 was killed by signal: 15, core dumped: no
[UID:1163][2023737] Child process with pid: 2026139 was killed by signal: 15, core dumped: no
[UID:1163][2023737] Child process with pid: 2026157 was killed by signal: 15, core dumped: no
[UID:1163][2023737] Child process with pid: 2026240 was killed by signal: 15, core dumped: no
[UID:1163][2023737] Child process with pid: 2026251 was killed by signal: 15, core dumped: no
[UID:1163][2023737] Child process with pid: 2026290 was killed by signal: 15, core dumped: no
[UID:1163][2023737] Child process with pid: 2026316 was killed by signal: 15, core dumped: no
[UID:1163][2023737] Child process with pid: 2026355 was killed by signal: 15, core dumped: no
[UID:1163][2023737] Child process with pid: 2026374 was killed by signal: 15, core dumped: no
[UID:1163][2023737] Child process with pid: 2026408 was killed by signal: 15, core dumped: no
[UID:1163][2023737] Child process with pid: 2026424 was killed by signal: 15, core dumped: no
[UID:1163][2023737] Child process with pid: 2026493 was killed by signal: 15, core dumped: no
[UID:1163][2023737] Child process with pid: 2026500 was killed by signal: 15, core dumped: no
[UID:1163][2023737] Child process with pid: 2026533 was killed by signal: 15, core dumped: no
[UID:1163][2023737] Child process with pid: 2026539 was killed by signal: 15, core dumped: no
[UID:1163][2023737] Child process with pid: 2026598 was killed by signal: 15, core dumped: no
[UID:1163][2023737] Child process with pid: 2026604 was killed by signal: 15, core dumped: no
[UID:1163][2023737] Child process with pid: 2026673 was killed by signal: 15, core dumped: no
[UID:1163][2023737] Child process with pid: 2026678 was killed by signal: 15, core dumped: no
[UID:1163][2023737] Child process with pid: 2026744 was killed by signal: 15, core dumped: no
[UID:1163][2023737] Child process with pid: 2026746 was killed by signal: 15, core dumped: no
[UID:1163][2023737] Child process with pid: 2026854 was killed by signal: 15, core dumped: no
[UID:1163][2023737] Child process with pid: 2026860 was killed by signal: 15, core dumped: no
[UID:1163][2023737] Child process with pid: 2026898 was killed by signal: 15, core dumped: no
[UID:1163][2023737] Child process with pid: 2026910 was killed by signal: 15, core dumped: no
[UID:1163][2023737] Child process with pid: 2026987 was killed by signal: 15, core dumped: no
[UID:1163][2023737] Child process with pid: 2026998 was killed by signal: 15, core dumped: no
[UID:1163][2023737] Child process with pid: 2027021 was killed by signal: 15, core dumped: no
[UID:1163][2023737] Child process with pid: 2027026 was killed by signal: 15, core dumped: no
[UID:1163][2023737] Child process with pid: 2027051 was killed by signal: 15, core dumped: no
[UID:1163][2023737] Child process with pid: 2027061 was killed by signal: 15, core dumped: no
[UID:1163][2023737] Child process with pid: 2027287 was killed by signal: 15, core dumped: no
[UID:1163][2023737] Child process with pid: 2027295 was killed by signal: 15, core dumped: no
[UID:1163][2023737] Child process with pid: 2027336 was killed by signal: 15, core dumped: no
[UID:1163][2023737] Child process with pid: 2027351 was killed by signal: 15, core dumped: no
[UID:1163][2023737] Child process with pid: 2027446 was killed by signal: 15, core dumped: no
[UID:1163][2023737] Child process with pid: 2027621 was killed by signal: 15, core dumped: no
[UID:1163][2023737] Child process with pid: 2028033 was killed by signal: 15, core dumped: no
[UID:1163][2023737] Child process with pid: 2028043 was killed by signal: 15, core dumped: no
[UID:1163][2023737] Child process with pid: 2028119 was killed by signal: 15, core dumped: no
[UID:1163][2023737] Child process with pid: 2028165 was killed by signal: 15, core dumped: no
[UID:1163][2023737] Child process with pid: 2028570 was killed by signal: 15, core dumped: no
[UID:1163][2023737] Child process with pid: 2028588 was killed by signal: 15, core dumped: no
[UID:1163][2023737] Child process with pid: 2028661 was killed by signal: 15, core dumped: no
[UID:1163][2023737] Child process with pid: 2028702 was killed by signal: 15, core dumped: no
[UID:1163][2023737] Child process with pid: 2028767 was killed by signal: 15, core dumped: no
[UID:1163][2023737] Child process with pid: 2028810 was killed by signal: 15, core dumped: no
[UID:1163][2023737] Child process with pid: 2028899 was killed by signal: 15, core dumped: no
[UID:1163][2023737] Child process with pid: 2028921 was killed by signal: 15, core dumped: no
[UID:1163][2023737] Child process with pid: 2028981 was killed by signal: 15, core dumped: no
[UID:1163][2023737] Child process with pid: 2029030 was killed by signal: 15, core dumped: no
[UID:1163][2023737] Child process with pid: 2029082 was killed by signal: 15, core dumped: no
[UID:1163][2023737] Child process with pid: 2029097 was killed by signal: 15, core dumped: no
[UID:1163][2023737] Child process with pid: 2029210 was killed by signal: 15, core dumped: no
[UID:1163][2023737] Child process with pid: 2029241 was killed by signal: 15, core dumped: no
[UID:1163][2023737] Child process with pid: 2029280 was killed by signal: 15, core dumped: no
[UID:1163][2023737] Child process with pid: 2029305 was killed by signal: 15, core dumped: no
[UID:1163][2023737] Child process with pid: 2029440 was killed by signal: 15, core dumped: no
[UID:1163][2023737] Child process with pid: 2150724 was killed by signal: 15, core dumped: no
[UID:1163][2023737] Child process with pid: 2157248 was killed by signal: 15, core dumped: no
[UID:1163][2023737] Child process with pid: 2151594 was killed by signal: 15, core dumped: no
[UID:1163][2023737] Child process with pid: 2157450 was killed by signal: 15, core dumped: no
[UID:1163][2023737] Child process with pid: 2159299 was killed by signal: 15, core dumped: no
[UID:1163][2023737] Child process with pid: 2159493 was killed by signal: 15, core dumped: no
[UID:1163][2023737] Child process with pid: 2159526 was killed by signal: 15, core dumped: no
[UID:1163][2023737] Child process with pid: 2159707 was killed by signal: 15, core dumped: no
[UID:1163][2023737] Child process with pid: 2159711 was killed by signal: 15, core dumped: no
[UID:1163][2023737] Child process with pid: 2159799 was killed by signal: 15, core dumped: no
[UID:1163][2023737] Child process with pid: 2159810 was killed by signal: 15, core dumped: no
[UID:1163][2023737] Child process with pid: 2160007 was killed by signal: 15, core dumped: no
[UID:1163][2023737] Child process with pid: 2160131 was killed by signal: 15, core dumped: no
[UID:1163][2023737] Child process with pid: 2160163 was killed by signal: 15, core dumped: no
[UID:1163][2023737] Child process with pid: 2160845 was killed by signal: 15, core dumped: no
[UID:1163][2023737] Child process with pid: 2161183 was killed by signal: 15, core dumped: no
[UID:1163][2023737] Child process with pid: 2164104 was killed by signal: 15, core dumped: no
[UID:1163][2023737] Child process with pid: 2164395 was killed by signal: 15, core dumped: no
[UID:1163][2023737] Child process with pid: 2164696 was killed by signal: 15, core dumped: no
[UID:1163][2023737] Child process with pid: 2165880 was killed by signal: 15, core dumped: no
[UID:1163][2023737] Child process with pid: 2166130 was killed by signal: 15, core dumped: no
[UID:1163][2023737] Child process with pid: 2166796 was killed by signal: 15, core dumped: no
[UID:1163][2023737] Child process with pid: 2167026 was killed by signal: 15, core dumped: no
[UID:1163][2023737] Child process with pid: 2167546 was killed by signal: 15, core dumped: no
[UID:1163][2023737] Child process with pid: 2167660 was killed by signal: 15, core dumped: no
[UID:1163][2023737] Child process with pid: 2167776 was killed by signal: 15, core dumped: no
[UID:1163][2023737] Child process with pid: 2167799 was killed by signal: 15, core dumped: no
[UID:1163][2023737] Child process with pid: 2168119 was killed by signal: 15, core dumped: no
[UID:1163][2023737] Child process with pid: 2168394 was killed by signal: 15, core dumped: no
[UID:1163][2023737] Child process with pid: 2168955 was killed by signal: 15, core dumped: no
[UID:1163][2023737] Child process with pid: 2169469 was killed by signal: 15, core dumped: no
[UID:1163][2023737] Child process with pid: 2169523 was killed by signal: 15, core dumped: no
[UID:1163][2023737] Child process with pid: 2194765 was killed by signal: 15, core dumped: no
[UID:1163][2023737] Child process with pid: 2194811 was killed by signal: 15, core dumped: no
[UID:1163][2023737] Child process with pid: 2195038 was killed by signal: 15, core dumped: no
[UID:1163][2023737] Child process with pid: 2195334 was killed by signal: 15, core dumped: no
[UID:1163][2023737] Child process with pid: 2198685 was killed by signal: 15, core dumped: no
[UID:1163][2023737] Child process with pid: 2199235 was killed by signal: 15, core dumped: no
[UID:1163][2023737] Child process with pid: 2258528 was killed by signal: 15, core dumped: no
[UID:1163][2023737] Child process with pid: 2259122 was killed by signal: 15, core dumped: no
[UID:1163][2023737] Child process with pid: 2259541 was killed by signal: 15, core dumped: no
[UID:1163][2023737] Child process with pid: 2259767 was killed by signal: 15, core dumped: no
[UID:1163][2023737] Child process with pid: 2259840 was killed by signal: 15, core dumped: no
[UID:1163][2023737] Child process with pid: 2259883 was killed by signal: 15, core dumped: no
[UID:1163][2023737] Child process with pid: 2260123 was killed by signal: 15, core dumped: no
[UID:1163][2023737] Child process with pid: 2260217 was killed by signal: 15, core dumped: no
[UID:1163][2023737] Child process with pid: 2286040 was killed by signal: 15, core dumped: no
[UID:1163][2023737] Child process with pid: 2286349 was killed by signal: 15, core dumped: no
[UID:1163][2023737] Child process with pid: 2296003 was killed by signal: 15, core dumped: no
[UID:1163][2023737] Child process with pid: 2296095 was killed by signal: 15, core dumped: no
[UID:1163][2023737] Child process with pid: 2296359 was killed by signal: 15, core dumped: no
[UID:1163][2023737] Child process with pid: 2296633 was killed by signal: 15, core dumped: no
[UID:1163][2023737] Child process with pid: 2296704 was killed by signal: 15, core dumped: no
[UID:1163][2023737] Child process with pid: 2413206 was killed by signal: 15, core dumped: no
[UID:1163][2023737] Child process with pid: 2462830 was killed by signal: 15, core dumped: no
[UID:1163][2023737] Child process with pid: 2548077 was killed by signal: 15, core dumped: no
[UID:1163][2023737] Child process with pid: 2613668 was killed by signal: 15, core dumped: no
[UID:1163][2023737] Child process with pid: 2615306 was killed by signal: 15, core dumped: no
[UID:1163][2023737] Child process with pid: 2615325 was killed by signal: 15, core dumped: no
[UID:1163][2023737] Child process with pid: 2615778 was killed by signal: 15, core dumped: no
[UID:1163][2023737] Child process with pid: 2615836 was killed by signal: 15, core dumped: no
[UID:1163][2023737] Child process with pid: 2624245 was killed by signal: 15, core dumped: no
[UID:1163][2023737] Child process with pid: 2624272 was killed by signal: 15, core dumped: no
[UID:1163][2023737] Child process with pid: 2624297 was killed by signal: 15, core dumped: no
[UID:1163][2023737] Child process with pid: 2627814 was killed by signal: 15, core dumped: no
[UID:1163][2023737] Child process with pid: 2632149 was killed by signal: 15, core dumped: no
[UID:1163][2023737] Child process with pid: 2632276 was killed by signal: 15, core dumped: no
[UID:1163][2023737] Child process with pid: 2632352 was killed by signal: 15, core dumped: no
[UID:1163][2023737] Child process with pid: 2643764 was killed by signal: 15, core dumped: no
[UID:1163][2023737] Child process with pid: 2642410 was killed by signal: 15, core dumped: no
[UID:1163][2023737] Child process with pid: 2645745 was killed by signal: 15, core dumped: no
[UID:1163][2023737] Child process with pid: 2644888 was killed by signal: 15, core dumped: no
[UID:1163][2023737] Child process with pid: 2645977 was killed by signal: 15, core dumped: no
[UID:1163][2023737] Child process with pid: 2644887 was killed by signal: 15, core dumped: no
[UID:1163][2023737] Child process with pid: 2648349 was killed by signal: 15, core dumped: no
[UID:1163][2023737] Child process with pid: 2652428 was killed by signal: 15, core dumped: no
[UID:1163][2023737] Child process with pid: 2718130 was killed by signal: 15, core dumped: no
[UID:1163][2023737] Child process with pid: 2718323 was killed by signal: 15, core dumped: no
[UID:1163][2023737] Child process with pid: 2720730 was killed by signal: 15, core dumped: no
[UID:1163][2023737] Child process with pid: 2718029 was killed by signal: 15, core dumped: no
[UID:1163][2023737] Child process with pid: 2721640 was killed by signal: 15, core dumped: no
[UID:1163][2023737] Child process with pid: 2721681 was killed by signal: 15, core dumped: no
[UID:1163][3060393] Child process with pid: 3100340 was killed by signal: 15, core dumped: no
[UID:1163][3060393] Child process with pid: 3100395 was killed by signal: 15, core dumped: no
[UID:1163][3060393] Child process with pid: 3113257 was killed by signal: 15, core dumped: no
[UID:1163][3060393] Child process with pid: 3113293 was killed by signal: 15, core dumped: no
[UID:1163][3060393] Child process with pid: 3114897 was killed by signal: 15, core dumped: no
[UID:1163][3060393] Child process with pid: 3115283 was killed by signal: 15, core dumped: no
[UID:1163][3060393] Child process with pid: 3115472 was killed by signal: 15, core dumped: no
[UID:1163][3060393] Child process with pid: 3115600 was killed by signal: 15, core dumped: no
[UID:1163][3060393] Child process with pid: 3115688 was killed by signal: 15, core dumped: no
[UID:1163][3060393] Child process with pid: 3115705 was killed by signal: 15, core dumped: no
[UID:1163][3060393] Child process with pid: 3115818 was killed by signal: 15, core dumped: no
[UID:1163][3060393] Child process with pid: 3115922 was killed by signal: 15, core dumped: no
[UID:1163][3060393] Child process with pid: 3115954 was killed by signal: 15, core dumped: no
[UID:1163][3060393] Child process with pid: 3140409 was killed by signal: 15, core dumped: no
[UID:1163][1341953] Child process with pid: 1436061 was killed by signal: 15, core dumped: no
[UID:1163][1341953] Child process with pid: 1436242 was killed by signal: 15, core dumped: no
[UID:1163][65198] Child process with pid: 65325 was killed by signal: 15, core dumped: no
[UID:1163][65198] Child process with pid: 65362 was killed by signal: 15, core dumped: no
[UID:1163][2617481] Child process with pid: 2617837 was killed by signal: 15, core dumped: no
[UID:1163][2617481] Child process with pid: 2620015 was killed by signal: 15, core dumped: no
[UID:1163][612931] Child process with pid: 613376 was killed by signal: 15, core dumped: no
[UID:1163][1150182] Child process with pid: 1285892 was killed by signal: 15, core dumped: no
[UID:1163][4178810] Child process with pid: 129095 was killed by signal: 15, core dumped: no
[UID:1163][4178810] Child process with pid: 129168 was killed by signal: 15, core dumped: no
[UID:1163][4178810] Child process with pid: 169289 was killed by signal: 15, core dumped: no
OSError: LSAPI: File error
OSError: LSAPI: File error
[UID:1163][4178810] Child process with pid: 169287 was killed by signal: 15, core dumped: no
[UID:1163][330364] Reached max children process limit: 6, extra: 2, current: 8, busy: 7, please increase LSAPI_CHILDREN.
[UID:1163][330364] Reached max children process limit: 6, extra: 2, current: 8, busy: 8, please increase LSAPI_CHILDREN.
[UID:1163][330364] Reached max children process limit: 6, extra: 2, current: 8, busy: 8, please increase LSAPI_CHILDREN.
[UID:1163][330364] Reached max children process limit: 6, extra: 2, current: 8, busy: 8, please increase LSAPI_CHILDREN.
[UID:1163][330364] Reached max children process limit: 6, extra: 2, current: 8, busy: 8, please increase LSAPI_CHILDREN.
[UID:1163][330364] Reached max children process limit: 6, extra: 2, current: 8, busy: 8, please increase LSAPI_CHILDREN.
[UID:1163][330364] Reached max children process limit: 6, extra: 2, current: 8, busy: 8, please increase LSAPI_CHILDREN.
[UID:1163][330364] Reached max children process limit: 6, extra: 2, current: 8, busy: 8, please increase LSAPI_CHILDREN.
[UID:1163][330364] Reached max children process limit: 6, extra: 2, current: 8, busy: 8, please increase LSAPI_CHILDREN.
[UID:1163][330364] Reached max children process limit: 6, extra: 2, current: 8, busy: 8, please increase LSAPI_CHILDREN.
[UID:1163][330364] Reached max children process limit: 6, extra: 2, current: 8, busy: 8, please increase LSAPI_CHILDREN.
[UID:1163][330364] Reached max children process limit: 6, extra: 2, current: 8, busy: 8, please increase LSAPI_CHILDREN.
[UID:1163][330364] Reached max children process limit: 6, extra: 2, current: 8, busy: 8, please increase LSAPI_CHILDREN.
[UID:1163][330364] Child process with pid: 411656 was killed by signal: 15, core dumped: no
[UID:1163][330364] Child process with pid: 411899 was killed by signal: 15, core dumped: no
[UID:1163][330364] Child process with pid: 419107 was killed by signal: 15, core dumped: no
[UID:1163][330364] Child process with pid: 425548 was killed by signal: 15, core dumped: no
[UID:1163][330364] Child process with pid: 425586 was killed by signal: 15, core dumped: no
[UID:1163][330364] Child process with pid: 498840 was killed by signal: 15, core dumped: no
[UID:1163][330364] Child process with pid: 499008 was killed by signal: 15, core dumped: no
[UID:1163][330364] Child process with pid: 668018 was killed by signal: 15, core dumped: no
[UID:1163][330364] Child process with pid: 668064 was killed by signal: 15, core dumped: no
[UID:1163][887408] Child process with pid: 896438 was killed by signal: 15, core dumped: no
[UID:1163][887408] Child process with pid: 898621 was killed by signal: 15, core dumped: no
[UID:1163][887408] Reached max children process limit: 6, extra: 2, current: 8, busy: 7, please increase LSAPI_CHILDREN.
[UID:1163][887408] Reached max children process limit: 6, extra: 2, current: 8, busy: 8, please increase LSAPI_CHILDREN.
[UID:1163][887408] Reached max children process limit: 6, extra: 2, current: 8, busy: 8, please increase LSAPI_CHILDREN.
[UID:1163][887408] Reached max children process limit: 6, extra: 2, current: 8, busy: 8, please increase LSAPI_CHILDREN.
[UID:1163][887408] Reached max children process limit: 6, extra: 2, current: 8, busy: 8, please increase LSAPI_CHILDREN.
[UID:1163][887408] Reached max children process limit: 6, extra: 2, current: 8, busy: 8, please increase LSAPI_CHILDREN.
[UID:1163][887408] Reached max children process limit: 6, extra: 2, current: 8, busy: 8, please increase LSAPI_CHILDREN.
[UID:1163][887408] Reached max children process limit: 6, extra: 2, current: 8, busy: 8, please increase LSAPI_CHILDREN.
[UID:1163][887408] Reached max children process limit: 6, extra: 2, current: 8, busy: 8, please increase LSAPI_CHILDREN.
[UID:1163][887408] Reached max children process limit: 6, extra: 2, current: 8, busy: 8, please increase LSAPI_CHILDREN.
[UID:1163][887408] Reached max children process limit: 6, extra: 2, current: 8, busy: 8, please increase LSAPI_CHILDREN.
[UID:1163][887408] Reached max children process limit: 6, extra: 2, current: 8, busy: 8, please increase LSAPI_CHILDREN.
[UID:1163][887408] Reached max children process limit: 6, extra: 2, current: 8, busy: 8, please increase LSAPI_CHILDREN.
[UID:1163][887408] Reached max children process limit: 6, extra: 2, current: 8, busy: 8, please increase LSAPI_CHILDREN.
[UID:1163][887408] Reached max children process limit: 6, extra: 2, current: 8, busy: 8, please increase LSAPI_CHILDREN.
[UID:1163][887408] Child process with pid: 903424 was killed by signal: 15, core dumped: no
[UID:1163][887408] Child process with pid: 903455 was killed by signal: 15, core dumped: no
[UID:1163][887408] Child process with pid: 896437 was killed by signal: 15, core dumped: no
[UID:1163][887408] Reached max children process limit: 6, extra: 2, current: 8, busy: 8, please increase LSAPI_CHILDREN.
[UID:1163][887408] Reached max children process limit: 6, extra: 2, current: 8, busy: 8, please increase LSAPI_CHILDREN.
[UID:1163][887408] Reached max children process limit: 6, extra: 2, current: 8, busy: 8, please increase LSAPI_CHILDREN.
[UID:1163][887408] Reached max children process limit: 6, extra: 2, current: 8, busy: 8, please increase LSAPI_CHILDREN.
[UID:1163][887408] Reached max children process limit: 6, extra: 2, current: 8, busy: 8, please increase LSAPI_CHILDREN.
[UID:1163][887408] Reached max children process limit: 6, extra: 2, current: 8, busy: 8, please increase LSAPI_CHILDREN.
[UID:1163][887408] Reached max children process limit: 6, extra: 2, current: 8, busy: 8, please increase LSAPI_CHILDREN.
[UID:1163][887408] Reached max children process limit: 6, extra: 2, current: 8, busy: 8, please increase LSAPI_CHILDREN.
[UID:1163][887408] Child process with pid: 906330 was killed by signal: 15, core dumped: no
[UID:1163][887408] Child process with pid: 906452 was killed by signal: 15, core dumped: no
[UID:1163][887408] Child process with pid: 903423 was killed by signal: 15, core dumped: no
[UID:1163][1027347] Child process with pid: 1027738 was killed by signal: 15, core dumped: no
[UID:1163][1027347] Child process with pid: 1027843 was killed by signal: 15, core dumped: no
[2026-01-27 13:45:15,871] ERROR in app: Exception on /teacher/bank/8/question/add [GET]
Traceback (most recent call last):
  File "/home/lpkd3153/virtualenv/yamaguchipwt/3.13/lib/python3.13/site-packages/flask/app.py", line 2190, in wsgi_app
    response = self.full_dispatch_request()
  File "/home/lpkd3153/virtualenv/yamaguchipwt/3.13/lib/python3.13/site-packages/flask/app.py", line 1486, in full_dispatch_request
    rv = self.handle_user_exception(e)
  File "/home/lpkd3153/virtualenv/yamaguchipwt/3.13/lib/python3.13/site-packages/flask/app.py", line 1484, in full_dispatch_request
    rv = self.dispatch_request()
  File "/home/lpkd3153/virtualenv/yamaguchipwt/3.13/lib/python3.13/site-packages/flask/app.py", line 1469, in dispatch_request
    return self.ensure_sync(self.view_functions[rule.endpoint])(**view_args)
           ~~~~~~~~~~~~~~~~~~~~~~~~~~~~~~~~~~~~~~~~~~~~~~~~~~~~^^^^^^^^^^^^^
  File "/home/lpkd3153/yamaguchipwt/utils/authentication.py", line 11, in wrapper
    return f(*args, **kwargs)
  File "/home/lpkd3153/yamaguchipwt/utils/authentication.py", line 47, in wrapper
    return f(*args, **kwargs)
  File "/home/lpkd3153/yamaguchipwt/controllers/question_bank_controller.py", line 226, in add_question
    return render_template('teacher/question_bank/add_question.html', bank=bank)
  File "/home/lpkd3153/virtualenv/yamaguchipwt/3.13/lib/python3.13/site-packages/flask/templating.py", line 151, in render_template
    return _render(app, template, context)
  File "/home/lpkd3153/virtualenv/yamaguchipwt/3.13/lib/python3.13/site-packages/flask/templating.py", line 132, in _render
    rv = template.render(context)
  File "/home/lpkd3153/virtualenv/yamaguchipwt/3.13/lib/python3.13/site-packages/jinja2/environment.py", line 1295, in render
    self.environment.handle_exception()
    ~~~~~~~~~~~~~~~~~~~~~~~~~~~~~~~~~^^
  File "/home/lpkd3153/virtualenv/yamaguchipwt/3.13/lib/python3.13/site-packages/jinja2/environment.py", line 942, in handle_exception
    raise rewrite_traceback_stack(source=source)
  File "/home/lpkd3153/yamaguchipwt/templates/teacher/question_bank/add_question.html", line 1, in top-level template code
    {% extends "navbar/base.html" %}
    ^^^^^^^^^^^^^^^^^^^^^^^^^
  File "/home/lpkd3153/yamaguchipwt/templates/navbar/base.html", line 7, in top-level template code
    <title>{% block title %}LPK Yamaguchi{% endblock %}</title>
    ^^^^^^^^^^^^^^^^^^^^^
  File "/home/lpkd3153/yamaguchipwt/templates/teacher/question_bank/add_question.html", line 3, in block 'title'
    {% block title %}Tambah Pertanyaan - {{ quiz.title }} - LPK Yamaguchi{% endblock %}
    ^^^^^^^^^^^^^^^^^^^^^^^^^
  File "/home/lpkd3153/virtualenv/yamaguchipwt/3.13/lib/python3.13/site-packages/jinja2/environment.py", line 490, in getattr
    return getattr(obj, attribute)
jinja2.exceptions.UndefinedError: 'quiz' is undefined
[UID:1163][1027347] Reached max children process limit: 6, extra: 2, current: 8, busy: 7, please increase LSAPI_CHILDREN.
[UID:1163][1027347] Reached max children process limit: 6, extra: 2, current: 8, busy: 8, please increase LSAPI_CHILDREN.
[UID:1163][1027347] Reached max children process limit: 6, extra: 2, current: 8, busy: 8, please increase LSAPI_CHILDREN.
[UID:1163][1027347] Reached max children process limit: 6, extra: 2, current: 8, busy: 8, please increase LSAPI_CHILDREN.
[UID:1163][1027347] Reached max children process limit: 6, extra: 2, current: 8, busy: 8, please increase LSAPI_CHILDREN.
[UID:1163][1027347] Reached max children process limit: 6, extra: 2, current: 8, busy: 8, please increase LSAPI_CHILDREN.
[UID:1163][1027347] Reached max children process limit: 6, extra: 2, current: 8, busy: 8, please increase LSAPI_CHILDREN.
[UID:1163][1027347] Reached max children process limit: 6, extra: 2, current: 8, busy: 8, please increase LSAPI_CHILDREN.
[UID:1163][1027347] Child process with pid: 1029568 was killed by signal: 15, core dumped: no
[UID:1163][1027347] Child process with pid: 1029693 was killed by signal: 15, core dumped: no
[UID:1163][1027347] Child process with pid: 1030073 was killed by signal: 15, core dumped: no
[UID:1163][1027347] Child process with pid: 1029258 was killed by signal: 15, core dumped: no
[2026-01-27 13:45:35,732] ERROR in app: Exception on /teacher/bank/8/question/add [GET]
Traceback (most recent call last):
  File "/home/lpkd3153/virtualenv/yamaguchipwt/3.13/lib/python3.13/site-packages/flask/app.py", line 2190, in wsgi_app
    response = self.full_dispatch_request()
  File "/home/lpkd3153/virtualenv/yamaguchipwt/3.13/lib/python3.13/site-packages/flask/app.py", line 1486, in full_dispatch_request
    rv = self.handle_user_exception(e)
  File "/home/lpkd3153/virtualenv/yamaguchipwt/3.13/lib/python3.13/site-packages/flask/app.py", line 1484, in full_dispatch_request
    rv = self.dispatch_request()
  File "/home/lpkd3153/virtualenv/yamaguchipwt/3.13/lib/python3.13/site-packages/flask/app.py", line 1469, in dispatch_request
    return self.ensure_sync(self.view_functions[rule.endpoint])(**view_args)
           ~~~~~~~~~~~~~~~~~~~~~~~~~~~~~~~~~~~~~~~~~~~~~~~~~~~~^^^^^^^^^^^^^
  File "/home/lpkd3153/yamaguchipwt/utils/authentication.py", line 11, in wrapper
    return f(*args, **kwargs)
  File "/home/lpkd3153/yamaguchipwt/utils/authentication.py", line 47, in wrapper
    return f(*args, **kwargs)
  File "/home/lpkd3153/yamaguchipwt/controllers/question_bank_controller.py", line 226, in add_question
    return render_template('teacher/question_bank/add_question.html', bank=bank)
  File "/home/lpkd3153/virtualenv/yamaguchipwt/3.13/lib/python3.13/site-packages/flask/templating.py", line 151, in render_template
    return _render(app, template, context)
  File "/home/lpkd3153/virtualenv/yamaguchipwt/3.13/lib/python3.13/site-packages/flask/templating.py", line 132, in _render
    rv = template.render(context)
  File "/home/lpkd3153/virtualenv/yamaguchipwt/3.13/lib/python3.13/site-packages/jinja2/environment.py", line 1295, in render
    self.environment.handle_exception()
    ~~~~~~~~~~~~~~~~~~~~~~~~~~~~~~~~~^^
  File "/home/lpkd3153/virtualenv/yamaguchipwt/3.13/lib/python3.13/site-packages/jinja2/environment.py", line 942, in handle_exception
    raise rewrite_traceback_stack(source=source)
  File "/home/lpkd3153/yamaguchipwt/templates/teacher/question_bank/add_question.html", line 1, in top-level template code
    {% extends "navbar/base.html" %}
    ^^^^^^^^^^^^^^^^^^^^^^^^^
  File "/home/lpkd3153/yamaguchipwt/templates/navbar/base.html", line 7, in top-level template code
    <title>{% block title %}LPK Yamaguchi{% endblock %}</title>
    ^^^^^^^^^^^^^^^^^^^^^
  File "/home/lpkd3153/yamaguchipwt/templates/teacher/question_bank/add_question.html", line 3, in block 'title'
    {% block title %}Tambah Pertanyaan - {{ quiz.title }} - LPK Yamaguchi{% endblock %}
    ^^^^^^^^^^^^^^^^^^^^^^^^^
  File "/home/lpkd3153/virtualenv/yamaguchipwt/3.13/lib/python3.13/site-packages/jinja2/environment.py", line 490, in getattr
    return getattr(obj, attribute)
jinja2.exceptions.UndefinedError: 'quiz' is undefined
[2026-01-27 13:45:54,003] ERROR in app: Exception on /teacher/bank/8/question/add [GET]
Traceback (most recent call last):
  File "/home/lpkd3153/virtualenv/yamaguchipwt/3.13/lib/python3.13/site-packages/flask/app.py", line 2190, in wsgi_app
    response = self.full_dispatch_request()
  File "/home/lpkd3153/virtualenv/yamaguchipwt/3.13/lib/python3.13/site-packages/flask/app.py", line 1486, in full_dispatch_request
    rv = self.handle_user_exception(e)
  File "/home/lpkd3153/virtualenv/yamaguchipwt/3.13/lib/python3.13/site-packages/flask/app.py", line 1484, in full_dispatch_request
    rv = self.dispatch_request()
  File "/home/lpkd3153/virtualenv/yamaguchipwt/3.13/lib/python3.13/site-packages/flask/app.py", line 1469, in dispatch_request
    return self.ensure_sync(self.view_functions[rule.endpoint])(**view_args)
           ~~~~~~~~~~~~~~~~~~~~~~~~~~~~~~~~~~~~~~~~~~~~~~~~~~~~^^^^^^^^^^^^^
  File "/home/lpkd3153/yamaguchipwt/utils/authentication.py", line 11, in wrapper
    return f(*args, **kwargs)
  File "/home/lpkd3153/yamaguchipwt/utils/authentication.py", line 47, in wrapper
    return f(*args, **kwargs)
  File "/home/lpkd3153/yamaguchipwt/controllers/question_bank_controller.py", line 226, in add_question
    return render_template('teacher/question_bank/add_question.html', bank=bank)
  File "/home/lpkd3153/virtualenv/yamaguchipwt/3.13/lib/python3.13/site-packages/flask/templating.py", line 151, in render_template
    return _render(app, template, context)
  File "/home/lpkd3153/virtualenv/yamaguchipwt/3.13/lib/python3.13/site-packages/flask/templating.py", line 132, in _render
    rv = template.render(context)
  File "/home/lpkd3153/virtualenv/yamaguchipwt/3.13/lib/python3.13/site-packages/jinja2/environment.py", line 1295, in render
    self.environment.handle_exception()
    ~~~~~~~~~~~~~~~~~~~~~~~~~~~~~~~~~^^
  File "/home/lpkd3153/virtualenv/yamaguchipwt/3.13/lib/python3.13/site-packages/jinja2/environment.py", line 942, in handle_exception
    raise rewrite_traceback_stack(source=source)
  File "/home/lpkd3153/yamaguchipwt/templates/teacher/question_bank/add_question.html", line 1, in top-level template code
    {% extends "navbar/base.html" %}
    ^^^^^^^^^^^^^^^^^^^^^^^^^
  File "/home/lpkd3153/yamaguchipwt/templates/navbar/base.html", line 7, in top-level template code
    <title>{% block title %}LPK Yamaguchi{% endblock %}</title>
    ^^^^^^^^^^^^^^^^^^^^^
  File "/home/lpkd3153/yamaguchipwt/templates/teacher/question_bank/add_question.html", line 3, in block 'title'
    {% block title %}Tambah Pertanyaan - {{ quiz.title }} - LPK Yamaguchi{% endblock %}
    ^^^^^^^^^^^^^^^^^^^^^^^^^
  File "/home/lpkd3153/virtualenv/yamaguchipwt/3.13/lib/python3.13/site-packages/jinja2/environment.py", line 490, in getattr
    return getattr(obj, attribute)
jinja2.exceptions.UndefinedError: 'quiz' is undefined
[2026-01-27 13:45:58,682] ERROR in app: Exception on /teacher/bank/9/question/add [GET]
Traceback (most recent call last):
  File "/home/lpkd3153/virtualenv/yamaguchipwt/3.13/lib/python3.13/site-packages/flask/app.py", line 2190, in wsgi_app
    response = self.full_dispatch_request()
  File "/home/lpkd3153/virtualenv/yamaguchipwt/3.13/lib/python3.13/site-packages/flask/app.py", line 1486, in full_dispatch_request
    rv = self.handle_user_exception(e)
  File "/home/lpkd3153/virtualenv/yamaguchipwt/3.13/lib/python3.13/site-packages/flask/app.py", line 1484, in full_dispatch_request
    rv = self.dispatch_request()
  File "/home/lpkd3153/virtualenv/yamaguchipwt/3.13/lib/python3.13/site-packages/flask/app.py", line 1469, in dispatch_request
    return self.ensure_sync(self.view_functions[rule.endpoint])(**view_args)
           ~~~~~~~~~~~~~~~~~~~~~~~~~~~~~~~~~~~~~~~~~~~~~~~~~~~~^^^^^^^^^^^^^
  File "/home/lpkd3153/yamaguchipwt/utils/authentication.py", line 11, in wrapper
    return f(*args, **kwargs)
  File "/home/lpkd3153/yamaguchipwt/utils/authentication.py", line 47, in wrapper
    return f(*args, **kwargs)
  File "/home/lpkd3153/yamaguchipwt/controllers/question_bank_controller.py", line 226, in add_question
    return render_template('teacher/question_bank/add_question.html', bank=bank)
  File "/home/lpkd3153/virtualenv/yamaguchipwt/3.13/lib/python3.13/site-packages/flask/templating.py", line 151, in render_template
    return _render(app, template, context)
  File "/home/lpkd3153/virtualenv/yamaguchipwt/3.13/lib/python3.13/site-packages/flask/templating.py", line 132, in _render
    rv = template.render(context)
  File "/home/lpkd3153/virtualenv/yamaguchipwt/3.13/lib/python3.13/site-packages/jinja2/environment.py", line 1295, in render
    self.environment.handle_exception()
    ~~~~~~~~~~~~~~~~~~~~~~~~~~~~~~~~~^^
  File "/home/lpkd3153/virtualenv/yamaguchipwt/3.13/lib/python3.13/site-packages/jinja2/environment.py", line 942, in handle_exception
    raise rewrite_traceback_stack(source=source)
  File "/home/lpkd3153/yamaguchipwt/templates/teacher/question_bank/add_question.html", line 1, in top-level template code
    {% extends "navbar/base.html" %}
    ^^^^^^^^^^^^^^^^^^^^^^^^^
  File "/home/lpkd3153/yamaguchipwt/templates/navbar/base.html", line 7, in top-level template code
    <title>{% block title %}LPK Yamaguchi{% endblock %}</title>
    ^^^^^^^^^^^^^^^^^^^^^
  File "/home/lpkd3153/yamaguchipwt/templates/teacher/question_bank/add_question.html", line 3, in block 'title'
    {% block title %}Tambah Pertanyaan - {{ quiz.title }} - LPK Yamaguchi{% endblock %}
    ^^^^^^^^^^^^^^^^^^^^^^^^^
  File "/home/lpkd3153/virtualenv/yamaguchipwt/3.13/lib/python3.13/site-packages/jinja2/environment.py", line 490, in getattr
    return getattr(obj, attribute)
jinja2.exceptions.UndefinedError: 'quiz' is undefined
[2026-01-27 13:45:59,608] ERROR in app: Exception on /teacher/bank/8/question/add [GET]
Traceback (most recent call last):
  File "/home/lpkd3153/virtualenv/yamaguchipwt/3.13/lib/python3.13/site-packages/flask/app.py", line 2190, in wsgi_app
    response = self.full_dispatch_request()
  File "/home/lpkd3153/virtualenv/yamaguchipwt/3.13/lib/python3.13/site-packages/flask/app.py", line 1486, in full_dispatch_request
    rv = self.handle_user_exception(e)
  File "/home/lpkd3153/virtualenv/yamaguchipwt/3.13/lib/python3.13/site-packages/flask/app.py", line 1484, in full_dispatch_request
    rv = self.dispatch_request()
  File "/home/lpkd3153/virtualenv/yamaguchipwt/3.13/lib/python3.13/site-packages/flask/app.py", line 1469, in dispatch_request
    return self.ensure_sync(self.view_functions[rule.endpoint])(**view_args)
           ~~~~~~~~~~~~~~~~~~~~~~~~~~~~~~~~~~~~~~~~~~~~~~~~~~~~^^^^^^^^^^^^^
  File "/home/lpkd3153/yamaguchipwt/utils/authentication.py", line 11, in wrapper
    return f(*args, **kwargs)
  File "/home/lpkd3153/yamaguchipwt/utils/authentication.py", line 47, in wrapper
    return f(*args, **kwargs)
  File "/home/lpkd3153/yamaguchipwt/controllers/question_bank_controller.py", line 226, in add_question
    return render_template('teacher/question_bank/add_question.html', bank=bank)
  File "/home/lpkd3153/virtualenv/yamaguchipwt/3.13/lib/python3.13/site-packages/flask/templating.py", line 151, in render_template
    return _render(app, template, context)
  File "/home/lpkd3153/virtualenv/yamaguchipwt/3.13/lib/python3.13/site-packages/flask/templating.py", line 132, in _render
    rv = template.render(context)
  File "/home/lpkd3153/virtualenv/yamaguchipwt/3.13/lib/python3.13/site-packages/jinja2/environment.py", line 1295, in render
    self.environment.handle_exception()
    ~~~~~~~~~~~~~~~~~~~~~~~~~~~~~~~~~^^
  File "/home/lpkd3153/virtualenv/yamaguchipwt/3.13/lib/python3.13/site-packages/jinja2/environment.py", line 942, in handle_exception
    raise rewrite_traceback_stack(source=source)
  File "/home/lpkd3153/yamaguchipwt/templates/teacher/question_bank/add_question.html", line 1, in top-level template code
    {% extends "navbar/base.html" %}
    ^^^^^^^^^^^^^^^^^^^^^^^^^
  File "/home/lpkd3153/yamaguchipwt/templates/navbar/base.html", line 7, in top-level template code
    <title>{% block title %}LPK Yamaguchi{% endblock %}</title>
    ^^^^^^^^^^^^^^^^^^^^^
  File "/home/lpkd3153/yamaguchipwt/templates/teacher/question_bank/add_question.html", line 3, in block 'title'
    {% block title %}Tambah Pertanyaan - {{ quiz.title }} - LPK Yamaguchi{% endblock %}
    ^^^^^^^^^^^^^^^^^^^^^^^^^
  File "/home/lpkd3153/virtualenv/yamaguchipwt/3.13/lib/python3.13/site-packages/jinja2/environment.py", line 490, in getattr
    return getattr(obj, attribute)
jinja2.exceptions.UndefinedError: 'quiz' is undefined
[UID:1163][1027347] Child process with pid: 1038563 was killed by signal: 15, core dumped: no
[2026-01-27 13:49:42,126] ERROR in app: Exception on /teacher/bank/9/question/add [POST]
Traceback (most recent call last):
  File "/home/lpkd3153/virtualenv/yamaguchipwt/3.13/lib/python3.13/site-packages/flask/app.py", line 2190, in wsgi_app
    response = self.full_dispatch_request()
  File "/home/lpkd3153/virtualenv/yamaguchipwt/3.13/lib/python3.13/site-packages/flask/app.py", line 1486, in full_dispatch_request
    rv = self.handle_user_exception(e)
  File "/home/lpkd3153/virtualenv/yamaguchipwt/3.13/lib/python3.13/site-packages/flask/app.py", line 1484, in full_dispatch_request
    rv = self.dispatch_request()
  File "/home/lpkd3153/virtualenv/yamaguchipwt/3.13/lib/python3.13/site-packages/flask/app.py", line 1469, in dispatch_request
    return self.ensure_sync(self.view_functions[rule.endpoint])(**view_args)
           ~~~~~~~~~~~~~~~~~~~~~~~~~~~~~~~~~~~~~~~~~~~~~~~~~~~~^^^^^^^^^^^^^
  File "/home/lpkd3153/yamaguchipwt/utils/authentication.py", line 11, in wrapper
    return f(*args, **kwargs)
  File "/home/lpkd3153/yamaguchipwt/utils/authentication.py", line 47, in wrapper
    return f(*args, **kwargs)
  File "/home/lpkd3153/yamaguchipwt/controllers/question_bank_controller.py", line 159, in add_question
    if not all([question, option_a, option_b, option_c, option_d, correct_option]):
                ^^^^^^^^
NameError: name 'question' is not defined. Did you mean: 'session'?
[UID:1163][1116530] Child process with pid: 1250664 was killed by signal: 15, core dumped: no
[2026-01-27 14:15:15,513] ERROR in app: Exception on /teacher/bank/8 [GET]
Traceback (most recent call last):
  File "/home/lpkd3153/virtualenv/yamaguchipwt/3.13/lib/python3.13/site-packages/flask/app.py", line 2190, in wsgi_app
    response = self.full_dispatch_request()
  File "/home/lpkd3153/virtualenv/yamaguchipwt/3.13/lib/python3.13/site-packages/flask/app.py", line 1486, in full_dispatch_request
    rv = self.handle_user_exception(e)
  File "/home/lpkd3153/virtualenv/yamaguchipwt/3.13/lib/python3.13/site-packages/flask/app.py", line 1484, in full_dispatch_request
    rv = self.dispatch_request()
  File "/home/lpkd3153/virtualenv/yamaguchipwt/3.13/lib/python3.13/site-packages/flask/app.py", line 1469, in dispatch_request
    return self.ensure_sync(self.view_functions[rule.endpoint])(**view_args)
           ~~~~~~~~~~~~~~~~~~~~~~~~~~~~~~~~~~~~~~~~~~~~~~~~~~~~^^^^^^^^^^^^^
  File "/home/lpkd3153/yamaguchipwt/utils/authentication.py", line 11, in wrapper
    return f(*args, **kwargs)
  File "/home/lpkd3153/yamaguchipwt/utils/authentication.py", line 47, in wrapper
    return f(*args, **kwargs)
  File "/home/lpkd3153/yamaguchipwt/controllers/question_bank_controller.py", line 73, in view_bank
    return render_template('teacher/question_bank/view_bank.html',
                         bank=bank,
                         questions=questions)
  File "/home/lpkd3153/virtualenv/yamaguchipwt/3.13/lib/python3.13/site-packages/flask/templating.py", line 151, in render_template
    return _render(app, template, context)
  File "/home/lpkd3153/virtualenv/yamaguchipwt/3.13/lib/python3.13/site-packages/flask/templating.py", line 132, in _render
    rv = template.render(context)
  File "/home/lpkd3153/virtualenv/yamaguchipwt/3.13/lib/python3.13/site-packages/jinja2/environment.py", line 1295, in render
    self.environment.handle_exception()
    ~~~~~~~~~~~~~~~~~~~~~~~~~~~~~~~~~^^
  File "/home/lpkd3153/virtualenv/yamaguchipwt/3.13/lib/python3.13/site-packages/jinja2/environment.py", line 942, in handle_exception
    raise rewrite_traceback_stack(source=source)
  File "/home/lpkd3153/yamaguchipwt/templates/teacher/question_bank/view_bank.html", line 1, in top-level template code
    {% extends "navbar/base.html" %}
    ^^^^^^^^^^^^^^^^^^^^^^^^^
  File "/home/lpkd3153/yamaguchipwt/templates/navbar/base.html", line 422, in top-level template code
    {% block content %}{% endblock %}
    ^^^^^^^^^^^^^^^^^
  File "/home/lpkd3153/yamaguchipwt/templates/teacher/question_bank/view_bank.html", line 340, in block 'content'
    <a href="{{ url_for('question_bank.edit_question', question_id=question.id) }}"
    ^^^^^
  File "/home/lpkd3153/virtualenv/yamaguchipwt/3.13/lib/python3.13/site-packages/flask/app.py", line 1697, in url_for
    return self.handle_url_build_error(error, endpoint, values)
           ~~~~~~~~~~~~~~~~~~~~~~~~~~~^^^^^^^^^^^^^^^^^^^^^^^^^
  File "/home/lpkd3153/virtualenv/yamaguchipwt/3.13/lib/python3.13/site-packages/flask/app.py", line 1686, in url_for
    rv = url_adapter.build(  # type: ignore[union-attr]
        endpoint,
    ...<3 lines>...
        force_external=_external,
    )
  File "/home/lpkd3153/virtualenv/yamaguchipwt/3.13/lib/python3.13/site-packages/werkzeug/routing/map.py", line 950, in build
    raise BuildError(endpoint, values, method, self)
werkzeug.routing.exceptions.BuildError: Could not build url for endpoint 'question_bank.edit_question' with values ['question_id']. Did you forget to specify values ['bank_id']?
[UID:1163][1364916] Child process with pid: 1478125 was killed by signal: 15, core dumped: no
[UID:1163][1364916] Child process with pid: 1515112 was killed by signal: 15, core dumped: no
[UID:1163][1364916] Child process with pid: 1516905 was killed by signal: 15, core dumped: no
[UID:1163][1364916] Child process with pid: 1530613 was killed by signal: 15, core dumped: no
[UID:1163][1364916] Child process with pid: 1530672 was killed by signal: 15, core dumped: no
[UID:1163][1364916] Child process with pid: 1559813 was killed by signal: 15, core dumped: no
[UID:1163][1364916] Child process with pid: 1567590 was killed by signal: 15, core dumped: no
[UID:1163][1364916] Child process with pid: 1564116 was killed by signal: 15, core dumped: no
[UID:1163][1364916] Child process with pid: 1572120 was killed by signal: 15, core dumped: no
[UID:1163][1364916] Child process with pid: 1572240 was killed by signal: 15, core dumped: no
[UID:1163][1364916] Child process with pid: 1623641 was killed by signal: 15, core dumped: no
[UID:1163][1364916] Child process with pid: 1799561 was killed by signal: 15, core dumped: no
[UID:1163][1364916] Child process with pid: 1799648 was killed by signal: 15, core dumped: no
[UID:1163][1570788] packetLen < 0
[UID:1163][1570788] packetLen < 0
[UID:1163][1718446] packetLen < 0
[UID:1163][1364916] Child process with pid: 2107564 was killed by signal: 15, core dumped: no
[UID:1163][1364916] Child process with pid: 2107621 was killed by signal: 15, core dumped: no
[UID:1163][3016375] Child process with pid: 3016606 was killed by signal: 15, core dumped: no
[UID:1163][3016375] Child process with pid: 3016778 was killed by signal: 15, core dumped: no
[UID:1163][3016375] Child process with pid: 3021836 was killed by signal: 15, core dumped: no
[UID:1163][3083096] Child process with pid: 3083390 was killed by signal: 15, core dumped: no
[UID:1163][3083096] Child process with pid: 3083661 was killed by signal: 15, core dumped: no
[UID:1163][971717] Child process with pid: 1022982 was killed by signal: 15, core dumped: no
[UID:1163][971717] Child process with pid: 1023291 was killed by signal: 15, core dumped: no
[UID:1163][971717] Child process with pid: 1037632 was killed by signal: 15, core dumped: no
[UID:1163][971717] Child process with pid: 1037648 was killed by signal: 15, core dumped: no
[UID:1163][2047444] Child process with pid: 2068575 was killed by signal: 15, core dumped: no
[UID:1163][2047444] Child process with pid: 2068572 was killed by signal: 15, core dumped: no
[UID:1163][2047444] Child process with pid: 2150797 was killed by signal: 15, core dumped: no
[UID:1163][2047444] Child process with pid: 2150956 was killed by signal: 15, core dumped: no
[UID:1163][2328664] Child process with pid: 2328785 was killed by signal: 15, core dumped: no
[UID:1163][2385067] Child process with pid: 2385203 was killed by signal: 15, core dumped: no
[UID:1163][2385067] Child process with pid: 2385198 was killed by signal: 15, core dumped: no
[UID:1163][2385067] Child process with pid: 2385821 was killed by signal: 15, core dumped: no
[UID:1163][2385067] Child process with pid: 2385893 was killed by signal: 15, core dumped: no
[UID:1163][2385067] Child process with pid: 2385909 was killed by signal: 15, core dumped: no
[UID:1163][2385067] Child process with pid: 2385929 was killed by signal: 15, core dumped: no
[UID:1163][2385067] Child process with pid: 2385957 was killed by signal: 15, core dumped: no
[UID:1163][2385067] Child process with pid: 2385968 was killed by signal: 15, core dumped: no
[UID:1163][2385067] Child process with pid: 2385969 was killed by signal: 15, core dumped: no
[UID:1163][2385067] Child process with pid: 2386017 was killed by signal: 15, core dumped: no
[UID:1163][2385067] Child process with pid: 2386051 was killed by signal: 15, core dumped: no
[UID:1163][2385067] Child process with pid: 2386084 was killed by signal: 15, core dumped: no
[UID:1163][2385067] Child process with pid: 2386098 was killed by signal: 15, core dumped: no
[UID:1163][2385067] Child process with pid: 2386121 was killed by signal: 15, core dumped: no
[UID:1163][2385067] Child process with pid: 2386132 was killed by signal: 15, core dumped: no
[UID:1163][2385067] Child process with pid: 2386170 was killed by signal: 15, core dumped: no
[UID:1163][2385067] Child process with pid: 2386190 was killed by signal: 15, core dumped: no
[UID:1163][2385067] Child process with pid: 2386208 was killed by signal: 15, core dumped: no
[UID:1163][2385067] Child process with pid: 2386236 was killed by signal: 15, core dumped: no
[UID:1163][2385067] Child process with pid: 2386257 was killed by signal: 15, core dumped: no
[UID:1163][2385067] Child process with pid: 2408859 was killed by signal: 15, core dumped: no
[UID:1163][2385067] Child process with pid: 2408882 was killed by signal: 15, core dumped: no
[UID:1163][2385067] Child process with pid: 2428348 was killed by signal: 15, core dumped: no
[UID:1163][2385067] Child process with pid: 2428679 was killed by signal: 15, core dumped: no
[UID:1163][2385067] Child process with pid: 2428349 was killed by signal: 15, core dumped: no
[UID:1163][2385067] Child process with pid: 2428966 was killed by signal: 15, core dumped: no
[UID:1163][2385067] Child process with pid: 2502977 was killed by signal: 15, core dumped: no
[UID:1163][2899549] Child process with pid: 2899999 was killed by signal: 15, core dumped: no
[UID:1163][3470710] Child process with pid: 3570502 was killed by signal: 15, core dumped: no
[UID:1163][3470710] Child process with pid: 3572939 was killed by signal: 15, core dumped: no
[UID:1163][3640600] Child process with pid: 3645821 was killed by signal: 15, core dumped: no
[UID:1163][3640600] Child process with pid: 3648755 was killed by signal: 15, core dumped: no
[UID:1163][59849] Child process with pid: 60115 was killed by signal: 15, core dumped: no
[UID:1163][59849] Child process with pid: 60417 was killed by signal: 15, core dumped: no
[UID:1163][275469] Child process with pid: 275886 was killed by signal: 15, core dumped: no
[UID:1163][275469] Child process with pid: 275943 was killed by signal: 15, core dumped: no
[UID:1163][730902] Child process with pid: 731102 was killed by signal: 15, core dumped: no
[UID:1163][730902] Child process with pid: 731259 was killed by signal: 15, core dumped: no
[UID:1163][730902] Child process with pid: 732203 was killed by signal: 15, core dumped: no
[UID:1163][730902] Child process with pid: 733108 was killed by signal: 15, core dumped: no
[UID:1163][1495142] Child process with pid: 1495504 was killed by signal: 15, core dumped: no
[UID:1163][1495142] Child process with pid: 1495575 was killed by signal: 15, core dumped: no
[UID:1163][1495142] Child process with pid: 1499387 was killed by signal: 15, core dumped: no
[UID:1163][1495142] Child process with pid: 1501849 was killed by signal: 15, core dumped: no
[UID:1163][1495142] Child process with pid: 1505761 was killed by signal: 15, core dumped: no
[UID:1163][1768388] Child process with pid: 1770005 was killed by signal: 15, core dumped: no
[UID:1163][1768388] Child process with pid: 1769311 was killed by signal: 15, core dumped: no
[UID:1163][1768388] Child process with pid: 1770077 was killed by signal: 15, core dumped: no
[UID:1163][2522516] Child process with pid: 2570784 was killed by signal: 15, core dumped: no
[UID:1163][2522516] Child process with pid: 2570918 was killed by signal: 15, core dumped: no
OSError: LSAPI: File error
OSError: LSAPI: File error
OSError: LSAPI: File error
[UID:1163][141047] Child process with pid: 248540 was killed by signal: 15, core dumped: no
[UID:1163][141047] Child process with pid: 248691 was killed by signal: 15, core dumped: no
[UID:1163][679913] Child process with pid: 680109 was killed by signal: 15, core dumped: no
[UID:1163][679913] Child process with pid: 680153 was killed by signal: 15, core dumped: no
[UID:1163][1860822] Child process with pid: 1982414 was killed by signal: 15, core dumped: no
[UID:1163][1860822] Child process with pid: 1982602 was killed by signal: 15, core dumped: no
[UID:1163][2907034] Child process with pid: 2908775 was killed by signal: 15, core dumped: no
[UID:1163][2907034] Child process with pid: 2908768 was killed by signal: 15, core dumped: no
[UID:1163][3091922] Child process with pid: 3092293 was killed by signal: 15, core dumped: no
[UID:1163][3091922] Child process with pid: 3092587 was killed by signal: 15, core dumped: no
[UID:1163][2092772] Child process with pid: 2092837 was killed by signal: 15, core dumped: no
[UID:1163][4072726] Child process with pid: 4098062 was killed by signal: 15, core dumped: no
[UID:1163][4072726] Child process with pid: 4098055 was killed by signal: 15, core dumped: no
[UID:1163][2359857] Child process with pid: 2499106 was killed by signal: 15, core dumped: no
[UID:1163][2359857] Child process with pid: 2499431 was killed by signal: 15, core dumped: no
[UID:1163][2359857] Child process with pid: 2500618 was killed by signal: 15, core dumped: no
[UID:1163][2359857] Child process with pid: 2500891 was killed by signal: 15, core dumped: no
[UID:1163][2359857] Child process with pid: 2501140 was killed by signal: 15, core dumped: no
[UID:1163][2359857] Child process with pid: 2501167 was killed by signal: 15, core dumped: no
[UID:1163][2359857] Child process with pid: 2501555 was killed by signal: 15, core dumped: no
[UID:1163][2359857] Child process with pid: 2501576 was killed by signal: 15, core dumped: no
[UID:1163][2359857] Child process with pid: 2501634 was killed by signal: 15, core dumped: no
[UID:1163][2359857] Child process with pid: 2501637 was killed by signal: 15, core dumped: no
[UID:1163][2359857] Child process with pid: 2501701 was killed by signal: 15, core dumped: no
[UID:1163][2359857] Child process with pid: 2501704 was killed by signal: 15, core dumped: no
[UID:1163][2359857] Child process with pid: 2501780 was killed by signal: 15, core dumped: no
[UID:1163][2359857] Child process with pid: 2501816 was killed by signal: 15, core dumped: no
[UID:1163][2359857] Child process with pid: 2501835 was killed by signal: 15, core dumped: no
[UID:1163][2359857] Child process with pid: 2501863 was killed by signal: 15, core dumped: no
[UID:1163][2359857] Child process with pid: 2501909 was killed by signal: 15, core dumped: no
[UID:1163][2359857] Child process with pid: 2501929 was killed by signal: 15, core dumped: no
[UID:1163][2359857] Child process with pid: 2501985 was killed by signal: 15, core dumped: no
[UID:1163][2359857] Child process with pid: 2502010 was killed by signal: 15, core dumped: no
[UID:1163][2359857] Child process with pid: 2502035 was killed by signal: 15, core dumped: no
[UID:1163][2359857] Child process with pid: 2502045 was killed by signal: 15, core dumped: no
[UID:1163][2359857] Child process with pid: 2502080 was killed by signal: 15, core dumped: no
[UID:1163][2359857] Child process with pid: 2502083 was killed by signal: 15, core dumped: no
[UID:1163][2359857] Child process with pid: 2502147 was killed by signal: 15, core dumped: no
[UID:1163][2359857] Child process with pid: 2502148 was killed by signal: 15, core dumped: no
[UID:1163][2359857] Child process with pid: 2502195 was killed by signal: 15, core dumped: no
[UID:1163][2359857] Child process with pid: 2502205 was killed by signal: 15, core dumped: no
[UID:1163][2359857] Child process with pid: 2502266 was killed by signal: 15, core dumped: no
[UID:1163][2359857] Child process with pid: 2502284 was killed by signal: 15, core dumped: no
[UID:1163][2359857] Child process with pid: 2502308 was killed by signal: 15, core dumped: no
[UID:1163][2359857] Child process with pid: 2502340 was killed by signal: 15, core dumped: no
[UID:1163][2359857] Child process with pid: 2502341 was killed by signal: 15, core dumped: no
[UID:1163][2359857] Child process with pid: 2502393 was killed by signal: 15, core dumped: no
[UID:1163][2359857] Child process with pid: 2502410 was killed by signal: 15, core dumped: no
[UID:1163][2359857] Child process with pid: 2502432 was killed by signal: 15, core dumped: no
[UID:1163][2359857] Child process with pid: 2502498 was killed by signal: 15, core dumped: no
[UID:1163][2359857] Child process with pid: 2502525 was killed by signal: 15, core dumped: no
[UID:1163][2359857] Child process with pid: 2502555 was killed by signal: 15, core dumped: no
[UID:1163][2359857] Child process with pid: 2502557 was killed by signal: 15, core dumped: no
[UID:1163][2359857] Child process with pid: 2502597 was killed by signal: 15, core dumped: no
[UID:1163][2359857] Child process with pid: 2502631 was killed by signal: 15, core dumped: no
[UID:1163][2359857] Child process with pid: 2502663 was killed by signal: 15, core dumped: no
[UID:1163][2359857] Child process with pid: 2502690 was killed by signal: 15, core dumped: no
[UID:1163][2359857] Child process with pid: 2502722 was killed by signal: 15, core dumped: no
[UID:1163][2359857] Child process with pid: 2502728 was killed by signal: 15, core dumped: no
[UID:1163][2359857] Child process with pid: 2502764 was killed by signal: 15, core dumped: no
[UID:1163][2359857] Child process with pid: 2502771 was killed by signal: 15, core dumped: no
[UID:1163][2359857] Child process with pid: 2502794 was killed by signal: 15, core dumped: no
[UID:1163][2359857] Child process with pid: 2502797 was killed by signal: 15, core dumped: no
[UID:1163][2359857] Child process with pid: 2502817 was killed by signal: 15, core dumped: no
[UID:1163][2359857] Child process with pid: 2502823 was killed by signal: 15, core dumped: no
[UID:1163][2359857] Child process with pid: 2502855 was killed by signal: 15, core dumped: no
[UID:1163][2359857] Child process with pid: 2502866 was killed by signal: 15, core dumped: no
[UID:1163][2359857] Child process with pid: 2502877 was killed by signal: 15, core dumped: no
[UID:1163][2359857] Child process with pid: 2502888 was killed by signal: 15, core dumped: no
[UID:1163][2359857] Child process with pid: 2502905 was killed by signal: 15, core dumped: no
[UID:1163][2359857] Child process with pid: 2502923 was killed by signal: 15, core dumped: no
[UID:1163][2359857] Child process with pid: 2502937 was killed by signal: 15, core dumped: no
[UID:1163][2873522] Child process with pid: 2873868 was killed by signal: 15, core dumped: no
[UID:1163][2873522] Child process with pid: 2874071 was killed by signal: 15, core dumped: no
[UID:1163][2873522] Child process with pid: 2949919 was killed by signal: 15, core dumped: no
[UID:1163][2873522] Child process with pid: 2956672 was killed by signal: 15, core dumped: no
[UID:1163][2873522] Child process with pid: 2956764 was killed by signal: 15, core dumped: no
[UID:1163][2873522] Child process with pid: 2991464 was killed by signal: 15, core dumped: no
[UID:1163][2873522] Child process with pid: 3052476 was killed by signal: 15, core dumped: no
[UID:1163][2873522] Child process with pid: 3052477 was killed by signal: 15, core dumped: no
[UID:1163][2873522] Child process with pid: 3169200 was killed by signal: 15, core dumped: no
[UID:1163][2873522] Child process with pid: 3169270 was killed by signal: 15, core dumped: no
[UID:1163][132796] Child process with pid: 136888 was killed by signal: 15, core dumped: no
OSError: LSAPI: File error
OSError: LSAPI: File error
[UID:1163][1918614] Child process with pid: 1929476 was killed by signal: 15, core dumped: no
[UID:1163][1918614] Child process with pid: 1929478 was killed by signal: 15, core dumped: no
[UID:1163][1327134] Child process with pid: 1328076 was killed by signal: 15, core dumped: no
[UID:1163][1327134] Child process with pid: 1327414 was killed by signal: 15, core dumped: no
[UID:1163][1327134] Child process with pid: 1331349 was killed by signal: 15, core dumped: no
[UID:1163][1327134] Child process with pid: 1331486 was killed by signal: 15, core dumped: no
[UID:1163][3212300] Child process with pid: 3213731 was killed by signal: 15, core dumped: no
[UID:1163][3212300] Child process with pid: 3213728 was killed by signal: 15, core dumped: no
[UID:1163][3212300] Child process with pid: 3212504 was killed by signal: 15, core dumped: no
[UID:1163][1401146] Child process with pid: 1404005 was killed by signal: 15, core dumped: no
[UID:1163][1401146] Child process with pid: 1405461 was killed by signal: 15, core dumped: no
[UID:1163][1520960] Child process with pid: 1521073 was killed by signal: 15, core dumped: no
[UID:1163][1520960] Child process with pid: 1521084 was killed by signal: 15, core dumped: no
[UID:1163][2811689] Child process with pid: 2906545 was killed by signal: 15, core dumped: no
[UID:1163][2811689] Child process with pid: 2907645 was killed by signal: 15, core dumped: no
[UID:1163][3434673] Child process with pid: 3565913 was killed by signal: 15, core dumped: no
[UID:1163][3434673] Child process with pid: 3565908 was killed by signal: 15, core dumped: no
[UID:1163][1093377] Child process with pid: 1093731 was killed by signal: 15, core dumped: no
[UID:1163][2147406] Child process with pid: 2147700 was killed by signal: 15, core dumped: no
[UID:1163][2147406] Child process with pid: 2148205 was killed by signal: 15, core dumped: no
[UID:1163][2147406] Reached max children process limit: 6, extra: 2, current: 8, busy: 7, please increase LSAPI_CHILDREN.
[UID:1163][2147406] Reached max children process limit: 6, extra: 2, current: 8, busy: 8, please increase LSAPI_CHILDREN.
[UID:1163][2147406] Reached max children process limit: 6, extra: 2, current: 8, busy: 8, please increase LSAPI_CHILDREN.
[UID:1163][2147406] Reached max children process limit: 6, extra: 2, current: 8, busy: 8, please increase LSAPI_CHILDREN.
[UID:1163][2147406] Reached max children process limit: 6, extra: 2, current: 8, busy: 8, please increase LSAPI_CHILDREN.
[UID:1163][2147406] Reached max children process limit: 6, extra: 2, current: 8, busy: 8, please increase LSAPI_CHILDREN.
[UID:1163][2147406] Reached max children process limit: 6, extra: 2, current: 8, busy: 8, please increase LSAPI_CHILDREN.
[UID:1163][2147406] Reached max children process limit: 6, extra: 2, current: 8, busy: 8, please increase LSAPI_CHILDREN.
[UID:1163][2147406] Child process with pid: 2151139 was killed by signal: 15, core dumped: no
[UID:1163][2147406] Child process with pid: 2155800 was killed by signal: 15, core dumped: no
[UID:1163][2147406] Child process with pid: 2155799 was killed by signal: 15, core dumped: no
[UID:1163][2147406] Child process with pid: 2239328 was killed by signal: 15, core dumped: no
[UID:1163][2147406] Child process with pid: 2239181 was killed by signal: 15, core dumped: no
[UID:1163][2147406] Child process with pid: 2241047 was killed by signal: 15, core dumped: no
OSError: LSAPI: File error
[UID:1163][2378288] Child process with pid: 2390871 was killed by signal: 15, core dumped: no
OSError: LSAPI: File error
[UID:1163][819152] Child process with pid: 819398 was killed by signal: 15, core dumped: no
[UID:1163][819152] Child process with pid: 819575 was killed by signal: 15, core dumped: no
[UID:1163][956376] Child process with pid: 957057 was killed by signal: 15, core dumped: no
[UID:1163][956376] Child process with pid: 957053 was killed by signal: 15, core dumped: no
[UID:1163][1827257] Child process with pid: 1828407 was killed by signal: 15, core dumped: no
[UID:1163][1827257] Child process with pid: 1832775 was killed by signal: 15, core dumped: no
OSError: LSAPI: File error
[UID:1163][2706707] Child process with pid: 2733496 was killed by signal: 15, core dumped: no
[UID:1163][2706707] Child process with pid: 2733483 was killed by signal: 15, core dumped: no
[UID:1163][2706707] Child process with pid: 2778788 was killed by signal: 15, core dumped: no
[UID:1163][2706707] Child process with pid: 2778698 was killed by signal: 15, core dumped: no
[UID:1163][2706707] Child process with pid: 2778699 was killed by signal: 15, core dumped: no
[UID:1163][2914958] Child process with pid: 2919218 was killed by signal: 15, core dumped: no
[UID:1163][2914958] Child process with pid: 2919224 was killed by signal: 15, core dumped: no
[UID:1163][3490502] Child process with pid: 3490611 was killed by signal: 15, core dumped: no
[UID:1163][3490502] Child process with pid: 3490694 was killed by signal: 15, core dumped: no
[UID:1163][3842371] Child process with pid: 3842550 was killed by signal: 15, core dumped: no
[UID:1163][3842371] Child process with pid: 3842518 was killed by signal: 15, core dumped: no
[UID:1163][193188] Child process with pid: 193896 was killed by signal: 15, core dumped: no
[UID:1163][193188] Child process with pid: 195276 was killed by signal: 15, core dumped: no
[UID:1163][193188] Child process with pid: 195384 was killed by signal: 15, core dumped: no
[UID:1163][193188] Child process with pid: 194357 was killed by signal: 15, core dumped: no
[UID:1163][193188] Child process with pid: 196167 was killed by signal: 15, core dumped: no
[UID:1163][193188] Child process with pid: 193937 was killed by signal: 15, core dumped: no
[UID:1163][193188] Child process with pid: 196569 was killed by signal: 15, core dumped: no
[UID:1163][193188] Child process with pid: 196730 was killed by signal: 15, core dumped: no
[UID:1163][193188] Child process with pid: 197366 was killed by signal: 15, core dumped: no
[UID:1163][1860655] Child process with pid: 1969261 was killed by signal: 15, core dumped: no
[UID:1163][1860655] Child process with pid: 1969276 was killed by signal: 15, core dumped: no
[UID:1163][1860655] Child process with pid: 1969302 was killed by signal: 15, core dumped: no
[UID:1163][2556671] Child process with pid: 2556801 was killed by signal: 15, core dumped: no
[UID:1163][2556671] Child process with pid: 2556804 was killed by signal: 15, core dumped: no
[UID:1163][2556671] Child process with pid: 2557647 was killed by signal: 15, core dumped: no
[UID:1163][2556671] Child process with pid: 2557671 was killed by signal: 15, core dumped: no
[UID:1163][2556671] Child process with pid: 2557794 was killed by signal: 15, core dumped: no
[UID:1163][2556671] Child process with pid: 2557818 was killed by signal: 15, core dumped: no
[UID:1163][2556671] Child process with pid: 2557842 was killed by signal: 15, core dumped: no
[UID:1163][2556671] Child process with pid: 2557938 was killed by signal: 15, core dumped: no
[UID:1163][2556671] Child process with pid: 2557941 was killed by signal: 15, core dumped: no
[UID:1163][2556671] Child process with pid: 2557093 was killed by signal: 15, core dumped: no
[UID:1163][2556671] Child process with pid: 2558041 was killed by signal: 15, core dumped: no
[UID:1163][2556671] Child process with pid: 2558046 was killed by signal: 15, core dumped: no
[UID:1163][2556671] Child process with pid: 2558107 was killed by signal: 15, core dumped: no
[UID:1163][2556671] Child process with pid: 2558112 was killed by signal: 15, core dumped: no
[UID:1163][2556671] Child process with pid: 2558140 was killed by signal: 15, core dumped: no
[UID:1163][2556671] Child process with pid: 2558143 was killed by signal: 15, core dumped: no
[UID:1163][2556671] Child process with pid: 2558158 was killed by signal: 15, core dumped: no
[UID:1163][2556671] Child process with pid: 2558224 was killed by signal: 15, core dumped: no
[UID:1163][2556671] Child process with pid: 2558234 was killed by signal: 15, core dumped: no
[UID:1163][2556671] Child process with pid: 2558270 was killed by signal: 15, core dumped: no
[UID:1163][2556671] Child process with pid: 2558288 was killed by signal: 15, core dumped: no
[UID:1163][2556671] Child process with pid: 2558377 was killed by signal: 15, core dumped: no
[UID:1163][2556671] Child process with pid: 2558386 was killed by signal: 15, core dumped: no
[UID:1163][2556671] Child process with pid: 2565862 was killed by signal: 15, core dumped: no
[UID:1163][2556671] Child process with pid: 2565877 was killed by signal: 15, core dumped: no
[UID:1163][2556671] Child process with pid: 2566172 was killed by signal: 15, core dumped: no
OSError: LSAPI: File error
[UID:1163][734123] Child process with pid: 783818 was killed by signal: 15, core dumped: no
[UID:1163][734123] Child process with pid: 783820 was killed by signal: 15, core dumped: no
[UID:1163][2372987] Child process with pid: 2373349 was killed by signal: 15, core dumped: no
[UID:1163][2372987] Child process with pid: 2373513 was killed by signal: 15, core dumped: no
[UID:1163][2372987] Child process with pid: 2375163 was killed by signal: 15, core dumped: no
[UID:1163][2372987] Child process with pid: 2375412 was killed by signal: 15, core dumped: no
[UID:1163][2372987] Child process with pid: 2375455 was killed by signal: 15, core dumped: no
[UID:1163][2372987] Child process with pid: 2375473 was killed by signal: 15, core dumped: no
[UID:1163][2372987] Child process with pid: 2375515 was killed by signal: 15, core dumped: no
[UID:1163][2372987] Child process with pid: 2375545 was killed by signal: 15, core dumped: no
[UID:1163][2372987] Child process with pid: 2375592 was killed by signal: 15, core dumped: no
[UID:1163][2372987] Child process with pid: 2375610 was killed by signal: 15, core dumped: no
[UID:1163][2372987] Child process with pid: 2375652 was killed by signal: 15, core dumped: no
[UID:1163][2372987] Child process with pid: 2375677 was killed by signal: 15, core dumped: no
[UID:1163][2372987] Child process with pid: 2375699 was killed by signal: 15, core dumped: no
[UID:1163][2372987] Child process with pid: 2375706 was killed by signal: 15, core dumped: no
[UID:1163][2372987] Child process with pid: 2375727 was killed by signal: 15, core dumped: no
[UID:1163][2372987] Child process with pid: 2375738 was killed by signal: 15, core dumped: no
[UID:1163][2372987] Child process with pid: 2375758 was killed by signal: 15, core dumped: no
[UID:1163][2372987] Child process with pid: 2375770 was killed by signal: 15, core dumped: no
[UID:1163][2372987] Child process with pid: 2375793 was killed by signal: 15, core dumped: no
[UID:1163][2372987] Child process with pid: 2375806 was killed by signal: 15, core dumped: no
[UID:1163][2372987] Child process with pid: 2375821 was killed by signal: 15, core dumped: no
[UID:1163][2372987] Child process with pid: 2375844 was killed by signal: 15, core dumped: no
[UID:1163][2372987] Child process with pid: 2375881 was killed by signal: 15, core dumped: no
[UID:1163][2372987] Child process with pid: 2375954 was killed by signal: 15, core dumped: no
[UID:1163][2372987] Child process with pid: 2375955 was killed by signal: 15, core dumped: no
[UID:1163][2372987] Child process with pid: 2375967 was killed by signal: 15, core dumped: no
[UID:1163][2372987] Child process with pid: 2375981 was killed by signal: 15, core dumped: no
[UID:1163][2372987] Child process with pid: 2375990 was killed by signal: 15, core dumped: no
[UID:1163][2372987] Child process with pid: 2376006 was killed by signal: 15, core dumped: no
[UID:1163][2372987] Child process with pid: 2376011 was killed by signal: 15, core dumped: no
[UID:1163][2372987] Child process with pid: 2376053 was killed by signal: 15, core dumped: no
[UID:1163][2372987] Child process with pid: 2376069 was killed by signal: 15, core dumped: no
[UID:1163][2372987] Child process with pid: 2376110 was killed by signal: 15, core dumped: no
[UID:1163][2372987] Child process with pid: 2376125 was killed by signal: 15, core dumped: no
[UID:1163][2372987] Child process with pid: 2376176 was killed by signal: 15, core dumped: no
[UID:1163][2372987] Child process with pid: 2376188 was killed by signal: 15, core dumped: no
[UID:1163][2372987] Child process with pid: 2376217 was killed by signal: 15, core dumped: no
[UID:1163][2372987] Child process with pid: 2376234 was killed by signal: 15, core dumped: no
[UID:1163][2372987] Child process with pid: 2493324 was killed by signal: 15, core dumped: no
[UID:1163][2372987] Child process with pid: 2493527 was killed by signal: 15, core dumped: no
[UID:1163][2372987] Child process with pid: 2494942 was killed by signal: 15, core dumped: no
[UID:1163][2372987] Child process with pid: 2495145 was killed by signal: 15, core dumped: no
[UID:1163][2372987] Child process with pid: 2495198 was killed by signal: 15, core dumped: no
[UID:1163][2372987] Child process with pid: 2495205 was killed by signal: 15, core dumped: no
[UID:1163][2372987] Child process with pid: 2495226 was killed by signal: 15, core dumped: no
[UID:1163][2372987] Child process with pid: 2495231 was killed by signal: 15, core dumped: no
[UID:1163][2372987] Child process with pid: 2495290 was killed by signal: 15, core dumped: no
[UID:1163][2372987] Child process with pid: 2495293 was killed by signal: 15, core dumped: no
[UID:1163][2372987] Child process with pid: 2495301 was killed by signal: 15, core dumped: no
[UID:1163][2372987] Child process with pid: 2495325 was killed by signal: 15, core dumped: no
[UID:1163][2372987] Child process with pid: 2495378 was killed by signal: 15, core dumped: no
[UID:1163][2372987] Child process with pid: 2495381 was killed by signal: 15, core dumped: no
[UID:1163][2372987] Child process with pid: 2495406 was killed by signal: 15, core dumped: no
[UID:1163][2372987] Child process with pid: 2495411 was killed by signal: 15, core dumped: no
[UID:1163][2372987] Child process with pid: 2495413 was killed by signal: 15, core dumped: no
[UID:1163][2372987] Child process with pid: 2495465 was killed by signal: 15, core dumped: no
[UID:1163][2372987] Child process with pid: 2495502 was killed by signal: 15, core dumped: no
[UID:1163][2372987] Child process with pid: 2495544 was killed by signal: 15, core dumped: no
[UID:1163][2372987] Child process with pid: 2495547 was killed by signal: 15, core dumped: no
[UID:1163][2372987] Child process with pid: 2495566 was killed by signal: 15, core dumped: no
[UID:1163][2372987] Child process with pid: 2495570 was killed by signal: 15, core dumped: no
[UID:1163][2372987] Child process with pid: 2495574 was killed by signal: 15, core dumped: no
[UID:1163][2372987] Child process with pid: 2495582 was killed by signal: 15, core dumped: no
[UID:1163][2372987] Child process with pid: 2495596 was killed by signal: 15, core dumped: no
[UID:1163][2372987] Child process with pid: 2495605 was killed by signal: 15, core dumped: no
[UID:1163][2372987] Child process with pid: 2495613 was killed by signal: 15, core dumped: no
[UID:1163][2372987] Child process with pid: 2495634 was killed by signal: 15, core dumped: no
[UID:1163][2372987] Child process with pid: 2495640 was killed by signal: 15, core dumped: no
[UID:1163][2372987] Child process with pid: 2495677 was killed by signal: 15, core dumped: no
[UID:1163][2372987] Child process with pid: 2495689 was killed by signal: 15, core dumped: no
[UID:1163][2372987] Child process with pid: 2495717 was killed by signal: 15, core dumped: no
[UID:1163][2372987] Child process with pid: 2495728 was killed by signal: 15, core dumped: no
[UID:1163][2372987] Child process with pid: 2495757 was killed by signal: 15, core dumped: no
[UID:1163][2372987] Child process with pid: 2495770 was killed by signal: 15, core dumped: no
[UID:1163][2372987] Child process with pid: 2495788 was killed by signal: 15, core dumped: no
[UID:1163][2372987] Child process with pid: 2495795 was killed by signal: 15, core dumped: no
[UID:1163][2372987] Child process with pid: 2495811 was killed by signal: 15, core dumped: no
[UID:1163][2372987] Child process with pid: 2495812 was killed by signal: 15, core dumped: no
[UID:1163][2372987] Child process with pid: 2495824 was killed by signal: 15, core dumped: no
[UID:1163][2372987] Child process with pid: 2495839 was killed by signal: 15, core dumped: no
[UID:1163][2372987] Child process with pid: 2540259 was killed by signal: 15, core dumped: no
[UID:1163][150873] Child process with pid: 151044 was killed by signal: 15, core dumped: no
[UID:1163][150873] Child process with pid: 154002 was killed by signal: 15, core dumped: no
[UID:1163][3740140] Child process with pid: 3741242 was killed by signal: 15, core dumped: no
[UID:1163][3740140] Child process with pid: 3741243 was killed by signal: 15, core dumped: no
[UID:1163][3740140] Child process with pid: 3741246 was killed by signal: 15, core dumped: no
[UID:1163][3740140] Child process with pid: 3742705 was killed by signal: 15, core dumped: no
[UID:1163][3740140] Child process with pid: 3744553 was killed by signal: 15, core dumped: no
[UID:1163][4076729] Child process with pid: 4148132 was killed by signal: 15, core dumped: no
[UID:1163][4076729] Child process with pid: 4148131 was killed by signal: 15, core dumped: no
[UID:1163][4076729] Child process with pid: 37866 was killed by signal: 15, core dumped: no
[UID:1163][4076729] Child process with pid: 46198 was killed by signal: 15, core dumped: no
[UID:1163][4076729] Child process with pid: 46333 was killed by signal: 15, core dumped: no
[UID:1163][4076729] Child process with pid: 122433 was killed by signal: 15, core dumped: no
[UID:1163][4076729] Child process with pid: 123518 was killed by signal: 15, core dumped: no
[UID:1163][4076729] Child process with pid: 123619 was killed by signal: 15, core dumped: no
[UID:1163][4076729] Child process with pid: 124004 was killed by signal: 15, core dumped: no
[UID:1163][4076729] Child process with pid: 124012 was killed by signal: 15, core dumped: no
[UID:1163][4076729] Child process with pid: 124222 was killed by signal: 15, core dumped: no
[UID:1163][4076729] Child process with pid: 124271 was killed by signal: 15, core dumped: no
[UID:1163][4076729] Child process with pid: 124275 was killed by signal: 15, core dumped: no
[UID:1163][4076729] Child process with pid: 124358 was killed by signal: 15, core dumped: no
[UID:1163][4076729] Child process with pid: 124369 was killed by signal: 15, core dumped: no
[UID:1163][4076729] Child process with pid: 124387 was killed by signal: 15, core dumped: no
[UID:1163][4076729] Child process with pid: 124392 was killed by signal: 15, core dumped: no
[UID:1163][4076729] Child process with pid: 124409 was killed by signal: 15, core dumped: no
[UID:1163][4076729] Child process with pid: 124426 was killed by signal: 15, core dumped: no
[UID:1163][4076729] Child process with pid: 124481 was killed by signal: 15, core dumped: no
[UID:1163][4076729] Child process with pid: 124488 was killed by signal: 15, core dumped: no
[UID:1163][4076729] Child process with pid: 124548 was killed by signal: 15, core dumped: no
[UID:1163][4076729] Child process with pid: 124582 was killed by signal: 15, core dumped: no
[UID:1163][4076729] Child process with pid: 124618 was killed by signal: 15, core dumped: no
[UID:1163][4076729] Child process with pid: 124630 was killed by signal: 15, core dumped: no
[UID:1163][4076729] Child process with pid: 124665 was killed by signal: 15, core dumped: no
[UID:1163][4076729] Child process with pid: 124688 was killed by signal: 15, core dumped: no
[UID:1163][4076729] Child process with pid: 124711 was killed by signal: 15, core dumped: no
[UID:1163][4076729] Child process with pid: 124714 was killed by signal: 15, core dumped: no
[UID:1163][4076729] Child process with pid: 124730 was killed by signal: 15, core dumped: no
[UID:1163][4076729] Child process with pid: 124735 was killed by signal: 15, core dumped: no
[UID:1163][4076729] Child process with pid: 125840 was killed by signal: 15, core dumped: no
[UID:1163][4076729] Child process with pid: 125854 was killed by signal: 15, core dumped: no
[UID:1163][4059683] Child process with pid: 4059971 was killed by signal: 15, core dumped: no
[UID:1163][4059683] Child process with pid: 4060177 was killed by signal: 15, core dumped: no
[UID:1163][182682] Child process with pid: 238595 was killed by signal: 15, core dumped: no
[UID:1163][2005165] Child process with pid: 2005317 was killed by signal: 15, core dumped: no
[UID:1163][2005165] Child process with pid: 2005381 was killed by signal: 15, core dumped: no
[UID:1163][2631609] Child process with pid: 2632077 was killed by signal: 15, core dumped: no
[UID:1163][2631609] Child process with pid: 2632012 was killed by signal: 15, core dumped: no
[UID:1163][2631609] Child process with pid: 2708305 was killed by signal: 15, core dumped: no
[UID:1163][2631609] Child process with pid: 2708492 was killed by signal: 15, core dumped: no
[UID:1163][2631609] Child process with pid: 2823022 was killed by signal: 15, core dumped: no
[UID:1163][3023498] Reached max children process limit: 6, extra: 2, current: 8, busy: 8, please increase LSAPI_CHILDREN.
[UID:1163][3023498] Reached max children process limit: 6, extra: 2, current: 8, busy: 8, please increase LSAPI_CHILDREN.
[UID:1163][3023498] Reached max children process limit: 6, extra: 2, current: 8, busy: 8, please increase LSAPI_CHILDREN.
[UID:1163][3023498] Reached max children process limit: 6, extra: 2, current: 8, busy: 8, please increase LSAPI_CHILDREN.
[UID:1163][3023498] Reached max children process limit: 6, extra: 2, current: 8, busy: 8, please increase LSAPI_CHILDREN.
[UID:1163][3023498] Reached max children process limit: 6, extra: 2, current: 8, busy: 8, please increase LSAPI_CHILDREN.
[UID:1163][3023498] Reached max children process limit: 6, extra: 2, current: 8, busy: 8, please increase LSAPI_CHILDREN.
[UID:1163][3023498] Reached max children process limit: 6, extra: 2, current: 8, busy: 8, please increase LSAPI_CHILDREN.
[UID:1163][3023498] Reached max children process limit: 6, extra: 2, current: 8, busy: 8, please increase LSAPI_CHILDREN.
[UID:1163][3023498] Reached max children process limit: 6, extra: 2, current: 8, busy: 8, please increase LSAPI_CHILDREN.
[UID:1163][3023498] Reached max children process limit: 6, extra: 2, current: 8, busy: 8, please increase LSAPI_CHILDREN.
[UID:1163][3023498] Reached max children process limit: 6, extra: 2, current: 8, busy: 8, please increase LSAPI_CHILDREN.
[UID:1163][3023498] Reached max children process limit: 6, extra: 2, current: 8, busy: 8, please increase LSAPI_CHILDREN.
[UID:1163][3023498] Reached max children process limit: 6, extra: 2, current: 8, busy: 8, please increase LSAPI_CHILDREN.
[UID:1163][3023498] Reached max children process limit: 6, extra: 2, current: 8, busy: 8, please increase LSAPI_CHILDREN.
[UID:1163][3023498] Reached max children process limit: 6, extra: 2, current: 8, busy: 8, please increase LSAPI_CHILDREN.
[UID:1163][3023498] Child process with pid: 3023705 was killed by signal: 15, core dumped: no
[UID:1163][3023498] Child process with pid: 3023968 was killed by signal: 15, core dumped: no
[UID:1163][3023498] Child process with pid: 3084425 was killed by signal: 15, core dumped: no
[UID:1163][3205027] Child process with pid: 3234725 was killed by signal: 15, core dumped: no
[UID:1163][3205027] Child process with pid: 3234798 was killed by signal: 15, core dumped: no
[UID:1163][3547452] Child process with pid: 3547656 was killed by signal: 15, core dumped: no
[UID:1163][2269817] Child process with pid: 2445483 was killed by signal: 15, core dumped: no
[UID:1163][2269817] Child process with pid: 2445521 was killed by signal: 15, core dumped: no
[UID:1163][2269817] Child process with pid: 2445572 was killed by signal: 15, core dumped: no
[UID:1163][2269817] Child process with pid: 2445648 was killed by signal: 15, core dumped: no
[UID:1163][2269817] Child process with pid: 2445737 was killed by signal: 15, core dumped: no
[UID:1163][2269817] Child process with pid: 2445784 was killed by signal: 15, core dumped: no
[UID:1163][2269817] Child process with pid: 2445848 was killed by signal: 15, core dumped: no
[UID:1163][2269817] Child process with pid: 2461171 was killed by signal: 15, core dumped: no
[UID:1163][2269817] Child process with pid: 2462477 was killed by signal: 15, core dumped: no
[UID:1163][2269817] Child process with pid: 2462838 was killed by signal: 15, core dumped: no
[UID:1163][2269817] Child process with pid: 2464430 was killed by signal: 15, core dumped: no
[UID:1163][2269817] Child process with pid: 2464895 was killed by signal: 15, core dumped: no
[UID:1163][2661374] Child process with pid: 2661454 was killed by signal: 15, core dumped: no
[UID:1163][2661374] Child process with pid: 2661458 was killed by signal: 15, core dumped: no
[UID:1163][2661374] Child process with pid: 2661491 was killed by signal: 15, core dumped: no
[UID:1163][2661374] Child process with pid: 2661512 was killed by signal: 15, core dumped: no
[UID:1163][2661374] Child process with pid: 2661513 was killed by signal: 15, core dumped: no
[UID:1163][2661374] Child process with pid: 2661568 was killed by signal: 15, core dumped: no
[UID:1163][2661374] Child process with pid: 2661605 was killed by signal: 15, core dumped: no
[UID:1163][2661374] Child process with pid: 2714495 was killed by signal: 15, core dumped: no
[UID:1163][1486203] Child process with pid: 1558886 was killed by signal: 15, core dumped: no
[UID:1163][2556938] Child process with pid: 2573848 was killed by signal: 15, core dumped: no
[UID:1163][2556938] Child process with pid: 2573847 was killed by signal: 15, core dumped: no
[UID:1163][1408599] Child process with pid: 1408934 was killed by signal: 15, core dumped: no
[UID:1163][1408599] Child process with pid: 1445016 was killed by signal: 15, core dumped: no
[UID:1163][1408599] Child process with pid: 1445017 was killed by signal: 15, core dumped: no
[UID:1163][519011] Child process with pid: 519445 was killed by signal: 15, core dumped: no
[UID:1163][519011] Child process with pid: 519297 was killed by signal: 15, core dumped: no
[UID:1163][2704318] Child process with pid: 2704690 was killed by signal: 15, core dumped: no
[UID:1163][2704318] Child process with pid: 2705165 was killed by signal: 15, core dumped: no
[UID:1163][2704318] Child process with pid: 2707239 was killed by signal: 15, core dumped: no
[UID:1163][2704318] Child process with pid: 2707796 was killed by signal: 15, core dumped: no
[UID:1163][2704318] Child process with pid: 2764103 was killed by signal: 15, core dumped: no
[UID:1163][2704318] Child process with pid: 2764121 was killed by signal: 15, core dumped: no
[UID:1163][2704318] Child process with pid: 2764163 was killed by signal: 15, core dumped: no
[UID:1163][2704318] Child process with pid: 2764693 was killed by signal: 15, core dumped: no
[UID:1163][2704318] Child process with pid: 2764696 was killed by signal: 15, core dumped: no
[UID:1163][2704318] Child process with pid: 2764924 was killed by signal: 15, core dumped: no
[UID:1163][2704318] Child process with pid: 2764951 was killed by signal: 15, core dumped: no
[UID:1163][2704318] Child process with pid: 2765057 was killed by signal: 15, core dumped: no
[UID:1163][2704318] Child process with pid: 2765132 was killed by signal: 15, core dumped: no
[UID:1163][2704318] Child process with pid: 2765140 was killed by signal: 15, core dumped: no
[UID:1163][2704318] Child process with pid: 2765437 was killed by signal: 15, core dumped: no
[UID:1163][3621001] Child process with pid: 3624565 was killed by signal: 15, core dumped: no
[UID:1163][3621001] Child process with pid: 3624594 was killed by signal: 15, core dumped: no
[UID:1163][3621001] Child process with pid: 3624643 was killed by signal: 15, core dumped: no
[UID:1163][3621001] Child process with pid: 3625781 was killed by signal: 15, core dumped: no
[UID:1163][3621001] Child process with pid: 3625812 was killed by signal: 15, core dumped: no
[UID:1163][3621001] Child process with pid: 3625919 was killed by signal: 15, core dumped: no
[UID:1163][3621001] Child process with pid: 3626023 was killed by signal: 15, core dumped: no
[UID:1163][3621001] Child process with pid: 3626272 was killed by signal: 15, core dumped: no
[UID:1163][3621001] Child process with pid: 3626583 was killed by signal: 15, core dumped: no
[UID:1163][3621001] Child process with pid: 3627092 was killed by signal: 15, core dumped: no
[UID:1163][3621001] Child process with pid: 3627228 was killed by signal: 15, core dumped: no
[UID:1163][3621001] Child process with pid: 3627890 was killed by signal: 15, core dumped: no
[UID:1163][3621001] Child process with pid: 3628107 was killed by signal: 15, core dumped: no
[UID:1163][3621001] Child process with pid: 3638587 was killed by signal: 15, core dumped: no
[UID:1163][3621001] Child process with pid: 3644590 was killed by signal: 15, core dumped: no
[UID:1163][3621001] Child process with pid: 3652142 was killed by signal: 15, core dumped: no
[UID:1163][3621001] Child process with pid: 3653197 was killed by signal: 15, core dumped: no
[UID:1163][3621001] Child process with pid: 3654391 was killed by signal: 15, core dumped: no
[UID:1163][3621001] Child process with pid: 3654703 was killed by signal: 15, core dumped: no
[UID:1163][3621001] Child process with pid: 3654889 was killed by signal: 15, core dumped: no
[UID:1163][3621001] Child process with pid: 3712653 was killed by signal: 15, core dumped: no
[UID:1163][32494] Child process with pid: 32859 was killed by signal: 15, core dumped: no
[UID:1163][1124402] Child process with pid: 1267516 was killed by signal: 15, core dumped: no
[UID:1163][1124402] Child process with pid: 1273463 was killed by signal: 15, core dumped: no
[UID:1163][1677368] Child process with pid: 1782900 was killed by signal: 15, core dumped: no
[UID:1163][1677368] Child process with pid: 1782914 was killed by signal: 15, core dumped: no
[UID:1163][275387] Child process with pid: 275511 was killed by signal: 15, core dumped: no
[UID:1163][275387] Child process with pid: 276008 was killed by signal: 15, core dumped: no
[UID:1163][275387] Child process with pid: 277724 was killed by signal: 15, core dumped: no
[UID:1163][915578] Child process with pid: 915957 was killed by signal: 15, core dumped: no
[UID:1163][915578] Child process with pid: 916015 was killed by signal: 15, core dumped: no
[UID:1163][1039493] Child process with pid: 1165395 was killed by signal: 15, core dumped: no
[UID:1163][1039493] Child process with pid: 1165456 was killed by signal: 15, core dumped: no
[UID:1163][2413288] Child process with pid: 2416982 was killed by signal: 15, core dumped: no
[UID:1163][2413288] Child process with pid: 2417577 was killed by signal: 15, core dumped: no
[UID:1163][2413288] Child process with pid: 2436880 was killed by signal: 15, core dumped: no
[UID:1163][2413288] Child process with pid: 2436879 was killed by signal: 15, core dumped: no
[UID:1163][2413288] Child process with pid: 2436922 was killed by signal: 15, core dumped: no
[UID:1163][422468] Child process with pid: 422952 was killed by signal: 15, core dumped: no
[UID:1163][952882] Child process with pid: 1054034 was killed by signal: 15, core dumped: no
[UID:1163][952882] Child process with pid: 1054040 was killed by signal: 15, core dumped: no
[UID:1163][1379339] Child process with pid: 1534668 was killed by signal: 15, core dumped: no
[UID:1163][1379339] Child process with pid: 1534684 was killed by signal: 15, core dumped: no
[UID:1163][1379339] Child process with pid: 1534726 was killed by signal: 15, core dumped: no
[UID:1163][1379339] Child process with pid: 1534746 was killed by signal: 15, core dumped: no
[UID:1163][1379339] Child process with pid: 1534795 was killed by signal: 15, core dumped: no
[UID:1163][1379339] Child process with pid: 1534845 was killed by signal: 15, core dumped: no
[UID:1163][1379339] Child process with pid: 1534849 was killed by signal: 15, core dumped: no
[UID:1163][1379339] Child process with pid: 1534931 was killed by signal: 15, core dumped: no
[UID:1163][1379339] Child process with pid: 1535027 was killed by signal: 15, core dumped: no
[UID:1163][1379339] Child process with pid: 1535102 was killed by signal: 15, core dumped: no
[UID:1163][1379339] Child process with pid: 1535144 was killed by signal: 15, core dumped: no
[UID:1163][1379339] Child process with pid: 1589813 was killed by signal: 15, core dumped: no
[UID:1163][1379339] Child process with pid: 1589979 was killed by signal: 15, core dumped: no
[UID:1163][2604609] Child process with pid: 2784407 was killed by signal: 15, core dumped: no
[UID:1163][2604609] Child process with pid: 2785739 was killed by signal: 15, core dumped: no
[UID:1163][2641519] Child process with pid: 2695724 was killed by signal: 15, core dumped: no
[UID:1163][967438] Child process with pid: 968176 was killed by signal: 15, core dumped: no
[UID:1163][967438] Child process with pid: 972245 was killed by signal: 15, core dumped: no
[UID:1163][967438] Child process with pid: 1116807 was killed by signal: 15, core dumped: no
[UID:1163][967438] Child process with pid: 1116829 was killed by signal: 15, core dumped: no
[UID:1163][967438] Child process with pid: 1216560 was killed by signal: 15, core dumped: no
[UID:1163][967438] Child process with pid: 1217251 was killed by signal: 15, core dumped: no
[UID:1163][967438] Child process with pid: 1218494 was killed by signal: 15, core dumped: no
[UID:1163][967438] Child process with pid: 1218609 was killed by signal: 15, core dumped: no
[UID:1163][967438] Child process with pid: 1218654 was killed by signal: 15, core dumped: no
[UID:1163][967438] Child process with pid: 1218726 was killed by signal: 15, core dumped: no
[UID:1163][967438] Child process with pid: 1218751 was killed by signal: 15, core dumped: no
[UID:1163][967438] Child process with pid: 1218870 was killed by signal: 15, core dumped: no
[UID:1163][967438] Child process with pid: 1219009 was killed by signal: 15, core dumped: no
[UID:1163][967438] Child process with pid: 1232883 was killed by signal: 15, core dumped: no
[UID:1163][967438] Child process with pid: 1238268 was killed by signal: 15, core dumped: no
[UID:1163][967438] Child process with pid: 1238278 was killed by signal: 15, core dumped: no
[UID:1163][967438] Child process with pid: 1253777 was killed by signal: 15, core dumped: no
[UID:1163][967438] Child process with pid: 1253793 was killed by signal: 15, core dumped: no
[UID:1163][967438] Child process with pid: 1261206 was killed by signal: 15, core dumped: no
[UID:1163][967438] Child process with pid: 1346109 was killed by signal: 15, core dumped: no
[UID:1163][967438] Child process with pid: 1346154 was killed by signal: 15, core dumped: no
[UID:1163][2465112] Child process with pid: 2465908 was killed by signal: 15, core dumped: no
[UID:1163][2465112] Child process with pid: 2465916 was killed by signal: 15, core dumped: no
[UID:1163][2465112] Child process with pid: 2467646 was killed by signal: 15, core dumped: no
[UID:1163][2465112] Child process with pid: 2467815 was killed by signal: 15, core dumped: no
[UID:1163][2465112] Child process with pid: 2467879 was killed by signal: 15, core dumped: no
[UID:1163][2465112] Child process with pid: 2467929 was killed by signal: 15, core dumped: no
[UID:1163][2465112] Child process with pid: 2467991 was killed by signal: 15, core dumped: no
[UID:1163][2465112] Child process with pid: 2468029 was killed by signal: 15, core dumped: no
[UID:1163][2465112] Child process with pid: 2468042 was killed by signal: 15, core dumped: no
[UID:1163][2465112] Child process with pid: 2489241 was killed by signal: 15, core dumped: no
[UID:1163][2465112] Child process with pid: 2494731 was killed by signal: 15, core dumped: no
[UID:1163][2465112] Child process with pid: 2495339 was killed by signal: 15, core dumped: no
[UID:1163][2465112] Child process with pid: 2494990 was killed by signal: 15, core dumped: no
[UID:1163][2465112] Child process with pid: 2498975 was killed by signal: 15, core dumped: no
[UID:1163][2465112] Child process with pid: 2498993 was killed by signal: 15, core dumped: no
[UID:1163][2465112] Child process with pid: 2499204 was killed by signal: 15, core dumped: no
[UID:1163][2465112] Child process with pid: 2499223 was killed by signal: 15, core dumped: no
[UID:1163][2465112] Child process with pid: 2498618 was killed by signal: 15, core dumped: no
[UID:1163][2465112] Child process with pid: 2499233 was killed by signal: 15, core dumped: no
[UID:1163][2465112] Child process with pid: 2499251 was killed by signal: 15, core dumped: no
[UID:1163][2465112] Child process with pid: 2499262 was killed by signal: 15, core dumped: no
[UID:1163][2465112] Child process with pid: 2499268 was killed by signal: 15, core dumped: no
[UID:1163][2465112] Child process with pid: 2499276 was killed by signal: 15, core dumped: no
[UID:1163][2465112] Child process with pid: 2499291 was killed by signal: 15, core dumped: no
[UID:1163][2465112] Child process with pid: 2499299 was killed by signal: 15, core dumped: no
[UID:1163][2465112] Child process with pid: 2499304 was killed by signal: 15, core dumped: no
[UID:1163][2465112] Child process with pid: 2499322 was killed by signal: 15, core dumped: no
[UID:1163][2465112] Child process with pid: 2499339 was killed by signal: 15, core dumped: no
[UID:1163][2465112] Child process with pid: 2499345 was killed by signal: 15, core dumped: no
[UID:1163][2465112] Child process with pid: 2499351 was killed by signal: 15, core dumped: no
[UID:1163][2465112] Child process with pid: 2499369 was killed by signal: 15, core dumped: no
[UID:1163][2465112] Child process with pid: 2499378 was killed by signal: 15, core dumped: no
[UID:1163][2465112] Child process with pid: 2499382 was killed by signal: 15, core dumped: no
[UID:1163][2465112] Child process with pid: 2499406 was killed by signal: 15, core dumped: no
[UID:1163][2465112] Child process with pid: 2499424 was killed by signal: 15, core dumped: no
[UID:1163][2465112] Child process with pid: 2499447 was killed by signal: 15, core dumped: no
[UID:1163][2465112] Child process with pid: 2499456 was killed by signal: 15, core dumped: no
[UID:1163][2465112] Child process with pid: 2499470 was killed by signal: 15, core dumped: no
[UID:1163][2465112] Child process with pid: 2499481 was killed by signal: 15, core dumped: no
[UID:1163][2465112] Child process with pid: 2499492 was killed by signal: 15, core dumped: no
[UID:1163][2465112] Child process with pid: 2499503 was killed by signal: 15, core dumped: no
[UID:1163][2465112] Child process with pid: 2499511 was killed by signal: 15, core dumped: no
[UID:1163][2465112] Child process with pid: 2499523 was killed by signal: 15, core dumped: no
[UID:1163][2465112] Child process with pid: 2499532 was killed by signal: 15, core dumped: no
[UID:1163][2465112] Child process with pid: 2499547 was killed by signal: 15, core dumped: no
[UID:1163][2465112] Child process with pid: 2499552 was killed by signal: 15, core dumped: no
[UID:1163][2465112] Child process with pid: 2499561 was killed by signal: 15, core dumped: no
[UID:1163][2465112] Child process with pid: 2499568 was killed by signal: 15, core dumped: no
[UID:1163][2465112] Child process with pid: 2499578 was killed by signal: 15, core dumped: no
[UID:1163][2465112] Child process with pid: 2499596 was killed by signal: 15, core dumped: no
[UID:1163][2465112] Child process with pid: 2499607 was killed by signal: 15, core dumped: no
[UID:1163][2465112] Child process with pid: 2499628 was killed by signal: 15, core dumped: no
[UID:1163][2465112] Child process with pid: 2499647 was killed by signal: 15, core dumped: no
[UID:1163][2465112] Child process with pid: 2499665 was killed by signal: 15, core dumped: no
[UID:1163][2465112] Child process with pid: 2499799 was killed by signal: 15, core dumped: no
[UID:1163][2465112] Child process with pid: 2499809 was killed by signal: 15, core dumped: no
[UID:1163][2465112] Child process with pid: 2499822 was killed by signal: 15, core dumped: no
[UID:1163][2465112] Child process with pid: 2512848 was killed by signal: 15, core dumped: no
[UID:1163][2465112] Child process with pid: 2512949 was killed by signal: 15, core dumped: no
[UID:1163][2465112] Child process with pid: 2513144 was killed by signal: 15, core dumped: no
[UID:1163][2465112] Child process with pid: 2513149 was killed by signal: 15, core dumped: no
[UID:1163][2465112] Child process with pid: 2513236 was killed by signal: 15, core dumped: no
[UID:1163][2465112] Child process with pid: 2513235 was killed by signal: 15, core dumped: no
[UID:1163][2465112] Child process with pid: 2513266 was killed by signal: 15, core dumped: no
[UID:1163][2465112] Child process with pid: 2513324 was killed by signal: 15, core dumped: no
[UID:1163][2465112] Child process with pid: 2513329 was killed by signal: 15, core dumped: no
[UID:1163][2465112] Child process with pid: 2513379 was killed by signal: 15, core dumped: no
[UID:1163][2465112] Child process with pid: 2513391 was killed by signal: 15, core dumped: no
[UID:1163][2465112] Child process with pid: 2513483 was killed by signal: 15, core dumped: no
[UID:1163][2465112] Child process with pid: 2513541 was killed by signal: 15, core dumped: no
[UID:1163][2465112] Child process with pid: 2513567 was killed by signal: 15, core dumped: no
[UID:1163][2465112] Child process with pid: 2513589 was killed by signal: 15, core dumped: no
[UID:1163][2465112] Child process with pid: 2513613 was killed by signal: 15, core dumped: no
[UID:1163][2465112] Child process with pid: 2513660 was killed by signal: 15, core dumped: no
[UID:1163][2465112] Child process with pid: 2513677 was killed by signal: 15, core dumped: no
[UID:1163][2465112] Child process with pid: 2513708 was killed by signal: 15, core dumped: no
[UID:1163][2465112] Child process with pid: 2513722 was killed by signal: 15, core dumped: no
[UID:1163][2465112] Child process with pid: 2513755 was killed by signal: 15, core dumped: no
[UID:1163][2465112] Child process with pid: 2513789 was killed by signal: 15, core dumped: no
[UID:1163][2465112] Child process with pid: 2513816 was killed by signal: 15, core dumped: no
[UID:1163][2465112] Child process with pid: 2513859 was killed by signal: 15, core dumped: no
[UID:1163][2465112] Child process with pid: 2513893 was killed by signal: 15, core dumped: no
[UID:1163][2465112] Child process with pid: 2513955 was killed by signal: 15, core dumped: no
[UID:1163][2465112] Child process with pid: 2514001 was killed by signal: 15, core dumped: no
[UID:1163][2465112] Child process with pid: 2514019 was killed by signal: 15, core dumped: no
[UID:1163][2465112] Child process with pid: 2514051 was killed by signal: 15, core dumped: no
[UID:1163][2465112] Child process with pid: 2514095 was killed by signal: 15, core dumped: no
[UID:1163][2465112] Child process with pid: 2514117 was killed by signal: 15, core dumped: no
[UID:1163][2465112] Child process with pid: 2514153 was killed by signal: 15, core dumped: no
[UID:1163][2465112] Child process with pid: 2514168 was killed by signal: 15, core dumped: no
[UID:1163][2465112] Child process with pid: 2514199 was killed by signal: 15, core dumped: no
[UID:1163][2465112] Child process with pid: 2514265 was killed by signal: 15, core dumped: no
[UID:1163][2465112] Child process with pid: 2514273 was killed by signal: 15, core dumped: no
[UID:1163][2465112] Child process with pid: 2514313 was killed by signal: 15, core dumped: no
[UID:1163][2465112] Child process with pid: 2514319 was killed by signal: 15, core dumped: no
[UID:1163][2465112] Child process with pid: 2514368 was killed by signal: 15, core dumped: no
[UID:1163][2465112] Child process with pid: 2514420 was killed by signal: 15, core dumped: no
[UID:1163][2465112] Child process with pid: 2514428 was killed by signal: 15, core dumped: no
[UID:1163][2465112] Child process with pid: 2514545 was killed by signal: 15, core dumped: no
[UID:1163][2465112] Child process with pid: 2514594 was killed by signal: 15, core dumped: no
[UID:1163][2465112] Child process with pid: 2514628 was killed by signal: 15, core dumped: no
[UID:1163][2465112] Child process with pid: 2514643 was killed by signal: 15, core dumped: no
[UID:1163][2465112] Child process with pid: 2514682 was killed by signal: 15, core dumped: no
[UID:1163][2465112] Child process with pid: 2514732 was killed by signal: 15, core dumped: no
[UID:1163][2465112] Child process with pid: 2514763 was killed by signal: 15, core dumped: no
[UID:1163][2465112] Child process with pid: 2514792 was killed by signal: 15, core dumped: no
[UID:1163][2465112] Child process with pid: 2514834 was killed by signal: 15, core dumped: no
[UID:1163][2465112] Child process with pid: 2514853 was killed by signal: 15, core dumped: no
[UID:1163][2465112] Child process with pid: 2514919 was killed by signal: 15, core dumped: no
[UID:1163][2465112] Child process with pid: 2514970 was killed by signal: 15, core dumped: no
[UID:1163][2465112] Child process with pid: 2515017 was killed by signal: 15, core dumped: no
[UID:1163][2465112] Child process with pid: 2515050 was killed by signal: 15, core dumped: no
[UID:1163][2465112] Child process with pid: 2515085 was killed by signal: 15, core dumped: no
[UID:1163][2465112] Child process with pid: 2515122 was killed by signal: 15, core dumped: no
[UID:1163][2465112] Child process with pid: 2515159 was killed by signal: 15, core dumped: no
[UID:1163][2465112] Child process with pid: 2515186 was killed by signal: 15, core dumped: no
[UID:1163][2465112] Child process with pid: 2515242 was killed by signal: 15, core dumped: no
[UID:1163][2465112] Child process with pid: 2515251 was killed by signal: 15, core dumped: no
[UID:1163][2465112] Child process with pid: 2515319 was killed by signal: 15, core dumped: no
[UID:1163][2465112] Child process with pid: 2515384 was killed by signal: 15, core dumped: no
[UID:1163][2465112] Child process with pid: 2515425 was killed by signal: 15, core dumped: no
[UID:1163][2465112] Child process with pid: 2515467 was killed by signal: 15, core dumped: no
[UID:1163][2465112] Child process with pid: 2515499 was killed by signal: 15, core dumped: no
[UID:1163][2465112] Child process with pid: 2515540 was killed by signal: 15, core dumped: no
[UID:1163][2465112] Child process with pid: 2515578 was killed by signal: 15, core dumped: no
[UID:1163][2465112] Child process with pid: 2515622 was killed by signal: 15, core dumped: no
[UID:1163][2465112] Child process with pid: 2515632 was killed by signal: 15, core dumped: no
[UID:1163][2465112] Child process with pid: 2515701 was killed by signal: 15, core dumped: no
[UID:1163][2465112] Child process with pid: 2515897 was killed by signal: 15, core dumped: no
[UID:1163][2465112] Child process with pid: 2515967 was killed by signal: 15, core dumped: no
[UID:1163][2465112] Child process with pid: 2516150 was killed by signal: 15, core dumped: no
[UID:1163][2465112] Child process with pid: 2516193 was killed by signal: 15, core dumped: no
[UID:1163][2465112] Child process with pid: 2516331 was killed by signal: 15, core dumped: no
[UID:1163][2465112] Child process with pid: 2516479 was killed by signal: 15, core dumped: no
[UID:1163][2465112] Child process with pid: 2516578 was killed by signal: 15, core dumped: no
[UID:1163][2465112] Child process with pid: 2516683 was killed by signal: 15, core dumped: no
[UID:1163][2465112] Child process with pid: 2516699 was killed by signal: 15, core dumped: no
[UID:1163][2465112] Child process with pid: 2516752 was killed by signal: 15, core dumped: no
[UID:1163][2465112] Child process with pid: 2516822 was killed by signal: 15, core dumped: no
[UID:1163][2465112] Child process with pid: 2518344 was killed by signal: 15, core dumped: no
[UID:1163][2465112] Child process with pid: 2518854 was killed by signal: 15, core dumped: no
[UID:1163][2465112] Child process with pid: 2518902 was killed by signal: 15, core dumped: no
[UID:1163][2465112] Child process with pid: 2519001 was killed by signal: 15, core dumped: no
[UID:1163][2465112] Child process with pid: 2519021 was killed by signal: 15, core dumped: no
[UID:1163][2465112] Child process with pid: 2519025 was killed by signal: 15, core dumped: no
[UID:1163][2465112] Child process with pid: 2519057 was killed by signal: 15, core dumped: no
[UID:1163][2465112] Child process with pid: 2519058 was killed by signal: 15, core dumped: no
[UID:1163][2465112] Child process with pid: 2519067 was killed by signal: 15, core dumped: no
[UID:1163][2465112] Child process with pid: 2519078 was killed by signal: 15, core dumped: no
[UID:1163][2465112] Child process with pid: 2519107 was killed by signal: 15, core dumped: no
[UID:1163][2465112] Child process with pid: 2519113 was killed by signal: 15, core dumped: no
[UID:1163][2465112] Child process with pid: 2519137 was killed by signal: 15, core dumped: no
[UID:1163][2465112] Child process with pid: 2519302 was killed by signal: 15, core dumped: no
[UID:1163][2465112] Child process with pid: 2519696 was killed by signal: 15, core dumped: no
[UID:1163][2465112] Child process with pid: 2519708 was killed by signal: 15, core dumped: no
[UID:1163][2465112] Child process with pid: 2519755 was killed by signal: 15, core dumped: no
[UID:1163][2465112] Child process with pid: 2519918 was killed by signal: 15, core dumped: no
[UID:1163][2465112] Child process with pid: 2519953 was killed by signal: 15, core dumped: no
[UID:1163][2465112] Child process with pid: 2519967 was killed by signal: 15, core dumped: no
[UID:1163][2465112] Child process with pid: 2519976 was killed by signal: 15, core dumped: no
[UID:1163][2465112] Child process with pid: 2520024 was killed by signal: 15, core dumped: no
[UID:1163][2465112] Child process with pid: 2520037 was killed by signal: 15, core dumped: no
[UID:1163][2465112] Child process with pid: 2520054 was killed by signal: 15, core dumped: no
[UID:1163][2465112] Child process with pid: 2520066 was killed by signal: 15, core dumped: no
[UID:1163][2465112] Child process with pid: 2520078 was killed by signal: 15, core dumped: no
[UID:1163][2465112] Child process with pid: 2520460 was killed by signal: 15, core dumped: no
[UID:1163][2465112] Child process with pid: 2521174 was killed by signal: 15, core dumped: no
[UID:1163][2465112] Child process with pid: 2521565 was killed by signal: 15, core dumped: no
[UID:1163][2465112] Child process with pid: 2522082 was killed by signal: 15, core dumped: no
[UID:1163][2465112] Child process with pid: 2522545 was killed by signal: 15, core dumped: no
[UID:1163][2465112] Child process with pid: 2520070 was killed by signal: 15, core dumped: no
[UID:1163][2465112] Child process with pid: 2526892 was killed by signal: 15, core dumped: no
[UID:1163][2465112] Child process with pid: 2526970 was killed by signal: 15, core dumped: no
[UID:1163][2465112] Child process with pid: 2528366 was killed by signal: 15, core dumped: no
[UID:1163][2465112] Child process with pid: 2528908 was killed by signal: 15, core dumped: no
[UID:1163][2465112] Child process with pid: 2528930 was killed by signal: 15, core dumped: no
[UID:1163][2465112] Child process with pid: 2528956 was killed by signal: 15, core dumped: no
[UID:1163][2465112] Child process with pid: 2528979 was killed by signal: 15, core dumped: no
[UID:1163][2465112] Child process with pid: 2528998 was killed by signal: 15, core dumped: no
[UID:1163][2465112] Child process with pid: 2529029 was killed by signal: 15, core dumped: no
[UID:1163][2465112] Child process with pid: 2529055 was killed by signal: 15, core dumped: no
[UID:1163][2465112] Child process with pid: 2529078 was killed by signal: 15, core dumped: no
[UID:1163][2465112] Child process with pid: 2529093 was killed by signal: 15, core dumped: no
[UID:1163][2465112] Child process with pid: 2529098 was killed by signal: 15, core dumped: no
[UID:1163][2465112] Child process with pid: 2529135 was killed by signal: 15, core dumped: no
[UID:1163][2465112] Child process with pid: 2529199 was killed by signal: 15, core dumped: no
[UID:1163][2465112] Child process with pid: 2529216 was killed by signal: 15, core dumped: no
[UID:1163][2465112] Child process with pid: 2529258 was killed by signal: 15, core dumped: no
[UID:1163][2465112] Child process with pid: 2529274 was killed by signal: 15, core dumped: no
[UID:1163][2465112] Child process with pid: 2529294 was killed by signal: 15, core dumped: no
[UID:1163][2465112] Child process with pid: 2529319 was killed by signal: 15, core dumped: no
[UID:1163][2465112] Child process with pid: 2529352 was killed by signal: 15, core dumped: no
[UID:1163][2465112] Child process with pid: 2529375 was killed by signal: 15, core dumped: no
[UID:1163][2465112] Child process with pid: 2529412 was killed by signal: 15, core dumped: no
[UID:1163][2465112] Child process with pid: 2529420 was killed by signal: 15, core dumped: no
[UID:1163][2465112] Child process with pid: 2529433 was killed by signal: 15, core dumped: no
[UID:1163][2465112] Child process with pid: 2529455 was killed by signal: 15, core dumped: no
[UID:1163][2465112] Child process with pid: 2529476 was killed by signal: 15, core dumped: no
[UID:1163][2465112] Child process with pid: 2529488 was killed by signal: 15, core dumped: no
[UID:1163][2465112] Child process with pid: 2529507 was killed by signal: 15, core dumped: no
[UID:1163][2465112] Child process with pid: 2529532 was killed by signal: 15, core dumped: no
[UID:1163][2465112] Child process with pid: 2529547 was killed by signal: 15, core dumped: no
[UID:1163][2465112] Child process with pid: 2529588 was killed by signal: 15, core dumped: no
[UID:1163][2465112] Child process with pid: 2529617 was killed by signal: 15, core dumped: no
[UID:1163][2465112] Child process with pid: 2529643 was killed by signal: 15, core dumped: no
[UID:1163][2465112] Child process with pid: 2529659 was killed by signal: 15, core dumped: no
[UID:1163][2465112] Child process with pid: 2529682 was killed by signal: 15, core dumped: no
[UID:1163][2465112] Child process with pid: 2529742 was killed by signal: 15, core dumped: no
[UID:1163][2465112] Child process with pid: 2529761 was killed by signal: 15, core dumped: no
[UID:1163][2465112] Child process with pid: 2529777 was killed by signal: 15, core dumped: no
[UID:1163][2465112] Child process with pid: 2529793 was killed by signal: 15, core dumped: no
[UID:1163][2465112] Child process with pid: 2529823 was killed by signal: 15, core dumped: no
[UID:1163][2465112] Child process with pid: 2529838 was killed by signal: 15, core dumped: no
[UID:1163][2465112] Child process with pid: 2529871 was killed by signal: 15, core dumped: no
[UID:1163][2465112] Child process with pid: 2529910 was killed by signal: 15, core dumped: no
[UID:1163][2465112] Child process with pid: 2529933 was killed by signal: 15, core dumped: no
[UID:1163][2465112] Child process with pid: 2529972 was killed by signal: 15, core dumped: no
[UID:1163][2465112] Child process with pid: 2530023 was killed by signal: 15, core dumped: no
[UID:1163][2465112] Child process with pid: 2530046 was killed by signal: 15, core dumped: no
[UID:1163][2465112] Child process with pid: 2530078 was killed by signal: 15, core dumped: no
[UID:1163][2465112] Child process with pid: 2531501 was killed by signal: 15, core dumped: no
[UID:1163][2465112] Child process with pid: 2533124 was killed by signal: 15, core dumped: no
[UID:1163][2465112] Child process with pid: 2533593 was killed by signal: 15, core dumped: no
[UID:1163][2465112] Child process with pid: 2533617 was killed by signal: 15, core dumped: no
[UID:1163][2465112] Child process with pid: 2533646 was killed by signal: 15, core dumped: no
[UID:1163][2465112] Child process with pid: 2533665 was killed by signal: 15, core dumped: no
[UID:1163][2465112] Child process with pid: 2533688 was killed by signal: 15, core dumped: no
[UID:1163][2465112] Child process with pid: 2533705 was killed by signal: 15, core dumped: no
[UID:1163][2465112] Child process with pid: 2533738 was killed by signal: 15, core dumped: no
[UID:1163][2465112] Child process with pid: 2533767 was killed by signal: 15, core dumped: no
[UID:1163][2465112] Child process with pid: 2533797 was killed by signal: 15, core dumped: no
[UID:1163][2465112] Child process with pid: 2533882 was killed by signal: 15, core dumped: no
[UID:1163][2465112] Child process with pid: 2533980 was killed by signal: 15, core dumped: no
[UID:1163][2465112] Child process with pid: 2534002 was killed by signal: 15, core dumped: no
[UID:1163][2465112] Child process with pid: 2534080 was killed by signal: 15, core dumped: no
[UID:1163][2465112] Child process with pid: 2534092 was killed by signal: 15, core dumped: no
[UID:1163][2465112] Child process with pid: 2534117 was killed by signal: 15, core dumped: no
[UID:1163][2465112] Child process with pid: 2534127 was killed by signal: 15, core dumped: no
[UID:1163][2465112] Child process with pid: 2534162 was killed by signal: 15, core dumped: no
[UID:1163][2465112] Child process with pid: 2534429 was killed by signal: 15, core dumped: no
[UID:1163][2465112] Child process with pid: 2534467 was killed by signal: 15, core dumped: no
[UID:1163][2465112] Child process with pid: 2534626 was killed by signal: 15, core dumped: no
[UID:1163][2465112] Child process with pid: 2534714 was killed by signal: 15, core dumped: no
[UID:1163][2465112] Child process with pid: 2535288 was killed by signal: 15, core dumped: no
[UID:1163][2465112] Child process with pid: 2539504 was killed by signal: 15, core dumped: no
[UID:1163][2465112] Child process with pid: 2539831 was killed by signal: 15, core dumped: no
[UID:1163][2465112] Child process with pid: 2540185 was killed by signal: 15, core dumped: no
[UID:1163][2465112] Child process with pid: 2540477 was killed by signal: 15, core dumped: no
[UID:1163][2465112] Child process with pid: 2547494 was killed by signal: 15, core dumped: no
[UID:1163][2465112] Child process with pid: 2548147 was killed by signal: 15, core dumped: no
[UID:1163][2465112] Child process with pid: 2548511 was killed by signal: 15, core dumped: no
[UID:1163][2465112] Child process with pid: 2586154 was killed by signal: 15, core dumped: no
[UID:1163][2824474] Child process with pid: 2824666 was killed by signal: 15, core dumped: no
[UID:1163][2824474] Child process with pid: 2824755 was killed by signal: 15, core dumped: no
[UID:1163][2824474] Child process with pid: 2825452 was killed by signal: 15, core dumped: no
[UID:1163][1585827] Child process with pid: 1586043 was killed by signal: 15, core dumped: no
[UID:1163][1585827] Child process with pid: 1586042 was killed by signal: 15, core dumped: no
[UID:1163][2201852] Child process with pid: 2205068 was killed by signal: 15, core dumped: no
[UID:1163][2201852] Child process with pid: 2206474 was killed by signal: 15, core dumped: no
[UID:1163][3452014] Child process with pid: 3452816 was killed by signal: 15, core dumped: no
[UID:1163][3452014] Child process with pid: 3452853 was killed by signal: 15, core dumped: no
[UID:1163][442132] Child process with pid: 442500 was killed by signal: 15, core dumped: no
[UID:1163][442132] Child process with pid: 442673 was killed by signal: 15, core dumped: no
[UID:1163][442132] Child process with pid: 444801 was killed by signal: 15, core dumped: no
[UID:1163][442132] Child process with pid: 444881 was killed by signal: 15, core dumped: no
[UID:1163][624037] Child process with pid: 624304 was killed by signal: 15, core dumped: no
[UID:1163][624037] Child process with pid: 624351 was killed by signal: 15, core dumped: no
[UID:1163][2537904] Child process with pid: 2546291 was killed by signal: 15, core dumped: no
[UID:1163][2537904] Child process with pid: 2546290 was killed by signal: 15, core dumped: no
[UID:1163][2587886] Child process with pid: 2587966 was killed by signal: 15, core dumped: no
[UID:1163][2587886] Child process with pid: 2587965 was killed by signal: 15, core dumped: no
[UID:1163][53112] Child process with pid: 53561 was killed by signal: 15, core dumped: no
[UID:1163][53112] Reached max children process limit: 6, extra: 2, current: 8, busy: 7, please increase LSAPI_CHILDREN.
[UID:1163][53112] Reached max children process limit: 6, extra: 2, current: 8, busy: 8, please increase LSAPI_CHILDREN.
[UID:1163][53112] Reached max children process limit: 6, extra: 2, current: 8, busy: 8, please increase LSAPI_CHILDREN.
[UID:1163][53112] Reached max children process limit: 6, extra: 2, current: 8, busy: 7, please increase LSAPI_CHILDREN.
[UID:1163][53112] Reached max children process limit: 6, extra: 2, current: 8, busy: 7, please increase LSAPI_CHILDREN.
[UID:1163][53112] Reached max children process limit: 6, extra: 2, current: 8, busy: 7, please increase LSAPI_CHILDREN.
[UID:1163][53112] Reached max children process limit: 6, extra: 2, current: 8, busy: 8, please increase LSAPI_CHILDREN.
[UID:1163][53112] Reached max children process limit: 6, extra: 2, current: 8, busy: 8, please increase LSAPI_CHILDREN.
[UID:1163][53112] Reached max children process limit: 6, extra: 2, current: 8, busy: 8, please increase LSAPI_CHILDREN.
[UID:1163][53112] Reached max children process limit: 6, extra: 2, current: 8, busy: 8, please increase LSAPI_CHILDREN.
[UID:1163][53112] Reached max children process limit: 6, extra: 2, current: 8, busy: 8, please increase LSAPI_CHILDREN.
[UID:1163][53112] Child process with pid: 54070 was killed by signal: 15, core dumped: no
[UID:1163][53112] Child process with pid: 56667 was killed by signal: 15, core dumped: no
[UID:1163][53112] Child process with pid: 56976 was killed by signal: 15, core dumped: no
[UID:1163][53112] Child process with pid: 57086 was killed by signal: 15, core dumped: no
[UID:1163][53112] Child process with pid: 57091 was killed by signal: 15, core dumped: no
[UID:1163][53112] Child process with pid: 57165 was killed by signal: 15, core dumped: no
[UID:1163][53112] Child process with pid: 57289 was killed by signal: 15, core dumped: no
[UID:1163][53112] Child process with pid: 57583 was killed by signal: 15, core dumped: no
[UID:1163][53112] Child process with pid: 57610 was killed by signal: 15, core dumped: no
[UID:1163][53112] Child process with pid: 57814 was killed by signal: 15, core dumped: no
[UID:1163][53112] Child process with pid: 57926 was killed by signal: 15, core dumped: no
[UID:1163][53112] Child process with pid: 57992 was killed by signal: 15, core dumped: no
[UID:1163][53112] Child process with pid: 58073 was killed by signal: 15, core dumped: no
[UID:1163][53112] Child process with pid: 58169 was killed by signal: 15, core dumped: no
[UID:1163][53112] Child process with pid: 58349 was killed by signal: 15, core dumped: no
[UID:1163][53112] Child process with pid: 58408 was killed by signal: 15, core dumped: no
[UID:1163][53112] Child process with pid: 58525 was killed by signal: 15, core dumped: no
[UID:1163][53112] Child process with pid: 58596 was killed by signal: 15, core dumped: no
[UID:1163][53112] Child process with pid: 58717 was killed by signal: 15, core dumped: no
[UID:1163][53112] Child process with pid: 58769 was killed by signal: 15, core dumped: no
[UID:1163][53112] Child process with pid: 58843 was killed by signal: 15, core dumped: no
[UID:1163][53112] Child process with pid: 58947 was killed by signal: 15, core dumped: no
[UID:1163][53112] Child process with pid: 59000 was killed by signal: 15, core dumped: no
[UID:1163][53112] Child process with pid: 59119 was killed by signal: 15, core dumped: no
[UID:1163][53112] Child process with pid: 59253 was killed by signal: 15, core dumped: no
[UID:1163][53112] Child process with pid: 59310 was killed by signal: 15, core dumped: no
[UID:1163][53112] Child process with pid: 59332 was killed by signal: 15, core dumped: no
[UID:1163][53112] Child process with pid: 59363 was killed by signal: 15, core dumped: no
[UID:1163][53112] Child process with pid: 59429 was killed by signal: 15, core dumped: no
[UID:1163][53112] Child process with pid: 59599 was killed by signal: 15, core dumped: no
[UID:1163][53112] Child process with pid: 59676 was killed by signal: 15, core dumped: no
[UID:1163][53112] Child process with pid: 59715 was killed by signal: 15, core dumped: no
[UID:1163][53112] Child process with pid: 59743 was killed by signal: 15, core dumped: no
[UID:1163][53112] Child process with pid: 59785 was killed by signal: 15, core dumped: no
[UID:1163][263960] Child process with pid: 268576 was killed by signal: 15, core dumped: no
[UID:1163][263960] Child process with pid: 271458 was killed by signal: 15, core dumped: no
[UID:1163][1212132] Child process with pid: 1357738 was killed by signal: 15, core dumped: no
[UID:1163][1212132] Child process with pid: 1361536 was killed by signal: 15, core dumped: no
[UID:1163][1787537] Child process with pid: 1788053 was killed by signal: 15, core dumped: no
[UID:1163][1268398] Child process with pid: 1269167 was killed by signal: 15, core dumped: no
OSError: LSAPI: File error
OSError: LSAPI: File error
[UID:1163][1268398] Child process with pid: 1283853 was killed by signal: 15, core dumped: no
[UID:1163][1268398] Child process with pid: 1283916 was killed by signal: 15, core dumped: no
[UID:1163][1268398] Child process with pid: 1284150 was killed by signal: 15, core dumped: no
[UID:1163][2101562] Child process with pid: 2102064 was killed by signal: 15, core dumped: no
[UID:1163][3187559] Child process with pid: 3187649 was killed by signal: 15, core dumped: no
[UID:1163][3187559] Child process with pid: 3187690 was killed by signal: 15, core dumped: no
[UID:1163][2266892] Child process with pid: 2313129 was killed by signal: 15, core dumped: no
[UID:1163][2266892] Child process with pid: 2312635 was killed by signal: 15, core dumped: no
[UID:1163][2266892] Child process with pid: 2339119 was killed by signal: 15, core dumped: no
[UID:1163][2266892] Child process with pid: 2340414 was killed by signal: 15, core dumped: no
[UID:1163][3466572] Child process with pid: 3594177 was killed by signal: 15, core dumped: no
[UID:1163][3466572] Child process with pid: 3594382 was killed by signal: 15, core dumped: no
[UID:1163][3399710] Child process with pid: 3400054 was killed by signal: 15, core dumped: no
[UID:1163][3399710] Child process with pid: 3400165 was killed by signal: 15, core dumped: no
[UID:1163][3399710] Reached max children process limit: 6, extra: 2, current: 8, busy: 7, please increase LSAPI_CHILDREN.
[UID:1163][3399710] Reached max children process limit: 6, extra: 2, current: 8, busy: 8, please increase LSAPI_CHILDREN.
[UID:1163][3399710] Reached max children process limit: 6, extra: 2, current: 8, busy: 8, please increase LSAPI_CHILDREN.
[UID:1163][3399710] Child process with pid: 3403161 was killed by signal: 15, core dumped: no
[UID:1163][3399710] Reached max children process limit: 6, extra: 2, current: 8, busy: 7, please increase LSAPI_CHILDREN.
[UID:1163][3399710] Reached max children process limit: 6, extra: 2, current: 8, busy: 8, please increase LSAPI_CHILDREN.
[UID:1163][3399710] Reached max children process limit: 6, extra: 2, current: 8, busy: 8, please increase LSAPI_CHILDREN.
[UID:1163][3399710] Reached max children process limit: 6, extra: 2, current: 8, busy: 8, please increase LSAPI_CHILDREN.
[UID:1163][3399710] Reached max children process limit: 6, extra: 2, current: 8, busy: 8, please increase LSAPI_CHILDREN.
[UID:1163][3399710] Child process with pid: 3403257 was killed by signal: 15, core dumped: no
[UID:1163][3399710] Child process with pid: 3417721 was killed by signal: 15, core dumped: no
[UID:1163][3034700] Child process with pid: 3099175 was killed by signal: 15, core dumped: no
[UID:1163][3034700] Child process with pid: 3099177 was killed by signal: 15, core dumped: no
[UID:1163][3363306] Child process with pid: 3363496 was killed by signal: 15, core dumped: no
[UID:1163][3363306] Child process with pid: 3366264 was killed by signal: 15, core dumped: no
[UID:1163][3363306] Child process with pid: 3366290 was killed by signal: 15, core dumped: no
[UID:1163][3363306] Child process with pid: 3366372 was killed by signal: 15, core dumped: no
[UID:1163][3363306] Child process with pid: 3366434 was killed by signal: 15, core dumped: no
[UID:1163][3363306] Child process with pid: 3366480 was killed by signal: 15, core dumped: no
[UID:1163][3363306] Child process with pid: 3366481 was killed by signal: 15, core dumped: no
[UID:1163][3363306] Child process with pid: 3366504 was killed by signal: 15, core dumped: no
[UID:1163][3363306] Child process with pid: 3366530 was killed by signal: 15, core dumped: no
[UID:1163][3363306] Child process with pid: 3366542 was killed by signal: 15, core dumped: no
[UID:1163][3363306] Child process with pid: 3366573 was killed by signal: 15, core dumped: no
[UID:1163][3363306] Child process with pid: 3366644 was killed by signal: 15, core dumped: no
[UID:1163][3363306] Child process with pid: 3366707 was killed by signal: 15, core dumped: no
[UID:1163][3363306] Child process with pid: 3366734 was killed by signal: 15, core dumped: no
[UID:1163][3363306] Child process with pid: 3366901 was killed by signal: 15, core dumped: no
[UID:1163][3363306] Child process with pid: 3366944 was killed by signal: 15, core dumped: no
[UID:1163][3363306] Child process with pid: 3367394 was killed by signal: 15, core dumped: no
[UID:1163][3363306] Child process with pid: 3367609 was killed by signal: 15, core dumped: no
[UID:1163][3363306] Child process with pid: 3368279 was killed by signal: 15, core dumped: no
[UID:1163][3363306] Child process with pid: 3368318 was killed by signal: 15, core dumped: no
[UID:1163][3363306] Child process with pid: 3368398 was killed by signal: 15, core dumped: no
[UID:1163][3363306] Child process with pid: 3368399 was killed by signal: 15, core dumped: no
[UID:1163][3363306] Child process with pid: 3368503 was killed by signal: 15, core dumped: no
[UID:1163][3363306] Child process with pid: 3368556 was killed by signal: 15, core dumped: no
[UID:1163][3363306] Child process with pid: 3368771 was killed by signal: 15, core dumped: no
[UID:1163][3363306] Child process with pid: 3368811 was killed by signal: 15, core dumped: no
[UID:1163][3363306] Child process with pid: 3369018 was killed by signal: 15, core dumped: no
[UID:1163][3363306] Child process with pid: 3369468 was killed by signal: 15, core dumped: no
[UID:1163][764800] Child process with pid: 765123 was killed by signal: 15, core dumped: no
[UID:1163][764800] Child process with pid: 765173 was killed by signal: 15, core dumped: no
[UID:1163][764800] Child process with pid: 771039 was killed by signal: 15, core dumped: no
[UID:1163][764800] Child process with pid: 771177 was killed by signal: 15, core dumped: no
[UID:1163][1629028] Child process with pid: 1631080 was killed by signal: 15, core dumped: no
[UID:1163][1629028] Child process with pid: 1631277 was killed by signal: 15, core dumped: no
[UID:1163][748355] Child process with pid: 748614 was killed by signal: 15, core dumped: no
[UID:1163][748355] Child process with pid: 748652 was killed by signal: 15, core dumped: no
[UID:1163][748355] Child process with pid: 749834 was killed by signal: 15, core dumped: no
[UID:1163][748355] Child process with pid: 750008 was killed by signal: 15, core dumped: no
[UID:1163][748355] Child process with pid: 750141 was killed by signal: 15, core dumped: no
[UID:1163][748355] Child process with pid: 750170 was killed by signal: 15, core dumped: no
[UID:1163][748355] Child process with pid: 750240 was killed by signal: 15, core dumped: no
[UID:1163][748355] Child process with pid: 750263 was killed by signal: 15, core dumped: no
[UID:1163][748355] Child process with pid: 750507 was killed by signal: 15, core dumped: no
[UID:1163][748355] Child process with pid: 972935 was killed by signal: 15, core dumped: no
[UID:1163][1622335] Child process with pid: 1721959 was killed by signal: 15, core dumped: no
[UID:1163][1622335] Child process with pid: 1722222 was killed by signal: 15, core dumped: no
[UID:1163][2873520] Child process with pid: 2875641 was killed by signal: 15, core dumped: no
[UID:1163][2873520] Child process with pid: 2879830 was killed by signal: 15, core dumped: no
[UID:1163][334748] Child process with pid: 335093 was killed by signal: 15, core dumped: no
[UID:1163][334748] Child process with pid: 335089 was killed by signal: 15, core dumped: no
[UID:1163][3513834] Child process with pid: 3588373 was killed by signal: 15, core dumped: no
[UID:1163][3513834] Child process with pid: 3588423 was killed by signal: 15, core dumped: no
[UID:1163][3513834] Child process with pid: 3590699 was killed by signal: 15, core dumped: no
[UID:1163][3513834] Child process with pid: 3591007 was killed by signal: 15, core dumped: no
[UID:1163][3513834] Child process with pid: 3598531 was killed by signal: 15, core dumped: no
[UID:1163][3513834] Child process with pid: 3598523 was killed by signal: 15, core dumped: no
[UID:1163][3513834] Child process with pid: 3599373 was killed by signal: 15, core dumped: no
[UID:1163][3513834] Child process with pid: 3604946 was killed by signal: 15, core dumped: no
[UID:1163][3513834] Child process with pid: 3605996 was killed by signal: 15, core dumped: no
[UID:1163][3513834] Reached max children process limit: 6, extra: 2, current: 8, busy: 7, please increase LSAPI_CHILDREN.
[UID:1163][3513834] Reached max children process limit: 6, extra: 2, current: 8, busy: 8, please increase LSAPI_CHILDREN.
[UID:1163][3513834] Child process with pid: 3611482 was killed by signal: 15, core dumped: no
[UID:1163][3513834] Child process with pid: 3611558 was killed by signal: 15, core dumped: no
[UID:1163][3513834] Child process with pid: 3612995 was killed by signal: 15, core dumped: no
[UID:1163][3513834] Child process with pid: 3611555 was killed by signal: 15, core dumped: no
[UID:1163][3513834] Child process with pid: 3613002 was killed by signal: 15, core dumped: no
[UID:1163][3513834] Child process with pid: 3618880 was killed by signal: 15, core dumped: no
[UID:1163][3513834] Child process with pid: 3618907 was killed by signal: 15, core dumped: no
[UID:1163][329838] Child process with pid: 329980 was killed by signal: 15, core dumped: no
[UID:1163][329838] Child process with pid: 329988 was killed by signal: 15, core dumped: no
[UID:1163][350793] Child process with pid: 351162 was killed by signal: 15, core dumped: no
[UID:1163][350793] Child process with pid: 351201 was killed by signal: 15, core dumped: no
[UID:1163][350793] Child process with pid: 351161 was killed by signal: 15, core dumped: no
[UID:1163][2237674] Child process with pid: 2238179 was killed by signal: 15, core dumped: no
[UID:1163][3384237] Child process with pid: 3484098 was killed by signal: 15, core dumped: no
[UID:1163][3384237] Child process with pid: 3484452 was killed by signal: 15, core dumped: no
[UID:1163][2332184] Child process with pid: 2433663 was killed by signal: 15, core dumped: no
[UID:1163][2332184] Child process with pid: 2433522 was killed by signal: 15, core dumped: no
[UID:1163][1383123] Child process with pid: 1449498 was killed by signal: 15, core dumped: no
[UID:1163][1383123] Child process with pid: 1449544 was killed by signal: 15, core dumped: no
[UID:1163][23529] Child process with pid: 23740 was killed by signal: 15, core dumped: no
[UID:1163][23529] Child process with pid: 138519 was killed by signal: 15, core dumped: no
[UID:1163][23529] Child process with pid: 138667 was killed by signal: 15, core dumped: no
[UID:1163][23529] Child process with pid: 140369 was killed by signal: 15, core dumped: no
[UID:1163][23529] Child process with pid: 140680 was killed by signal: 15, core dumped: no
[UID:1163][23529] Child process with pid: 140706 was killed by signal: 15, core dumped: no
[UID:1163][23529] Child process with pid: 140815 was killed by signal: 15, core dumped: no
[UID:1163][23529] Child process with pid: 140820 was killed by signal: 15, core dumped: no
[UID:1163][23529] Child process with pid: 140851 was killed by signal: 15, core dumped: no
[UID:1163][23529] Child process with pid: 140918 was killed by signal: 15, core dumped: no
[UID:1163][23529] Child process with pid: 141142 was killed by signal: 15, core dumped: no
[UID:1163][23529] Child process with pid: 141196 was killed by signal: 15, core dumped: no
[UID:1163][23529] Child process with pid: 141310 was killed by signal: 15, core dumped: no
[UID:1163][23529] Child process with pid: 141357 was killed by signal: 15, core dumped: no
[UID:1163][23529] Child process with pid: 141464 was killed by signal: 15, core dumped: no
[UID:1163][23529] Child process with pid: 141470 was killed by signal: 15, core dumped: no
[UID:1163][23529] Child process with pid: 141560 was killed by signal: 15, core dumped: no
[UID:1163][23529] Child process with pid: 141569 was killed by signal: 15, core dumped: no
[UID:1163][23529] Child process with pid: 141680 was killed by signal: 15, core dumped: no
[UID:1163][23529] Child process with pid: 138517 was killed by signal: 15, core dumped: no
[UID:1163][23529] Child process with pid: 141838 was killed by signal: 15, core dumped: no
[UID:1163][23529] Child process with pid: 141896 was killed by signal: 15, core dumped: no
[UID:1163][23529] Child process with pid: 141950 was killed by signal: 15, core dumped: no
[UID:1163][23529] Child process with pid: 142004 was killed by signal: 15, core dumped: no
[UID:1163][23529] Child process with pid: 142152 was killed by signal: 15, core dumped: no
[UID:1163][23529] Child process with pid: 142164 was killed by signal: 15, core dumped: no
[UID:1163][23529] Child process with pid: 142228 was killed by signal: 15, core dumped: no
[UID:1163][23529] Child process with pid: 142271 was killed by signal: 15, core dumped: no
[UID:1163][23529] Child process with pid: 142343 was killed by signal: 15, core dumped: no
[UID:1163][23529] Child process with pid: 142348 was killed by signal: 15, core dumped: no
[UID:1163][23529] Child process with pid: 142463 was killed by signal: 15, core dumped: no
[UID:1163][23529] Child process with pid: 142474 was killed by signal: 15, core dumped: no
[UID:1163][23529] Child process with pid: 142574 was killed by signal: 15, core dumped: no
[UID:1163][23529] Child process with pid: 142663 was killed by signal: 15, core dumped: no
[UID:1163][23529] Child process with pid: 142685 was killed by signal: 15, core dumped: no
[UID:1163][23529] Child process with pid: 142781 was killed by signal: 15, core dumped: no
[UID:1163][23529] Child process with pid: 142789 was killed by signal: 15, core dumped: no
[UID:1163][23529] Child process with pid: 142934 was killed by signal: 15, core dumped: no
[UID:1163][23529] Child process with pid: 142974 was killed by signal: 15, core dumped: no
[UID:1163][23529] Child process with pid: 143051 was killed by signal: 15, core dumped: no
[UID:1163][23529] Child process with pid: 143059 was killed by signal: 15, core dumped: no
[UID:1163][23529] Child process with pid: 143167 was killed by signal: 15, core dumped: no
[UID:1163][23529] Child process with pid: 143237 was killed by signal: 15, core dumped: no
[UID:1163][23529] Child process with pid: 143263 was killed by signal: 15, core dumped: no
[UID:1163][23529] Child process with pid: 143315 was killed by signal: 15, core dumped: no
[UID:1163][23529] Child process with pid: 143358 was killed by signal: 15, core dumped: no
[UID:1163][23529] Child process with pid: 143433 was killed by signal: 15, core dumped: no
[UID:1163][23529] Child process with pid: 143476 was killed by signal: 15, core dumped: no
[UID:1163][23529] Child process with pid: 143603 was killed by signal: 15, core dumped: no
[UID:1163][23529] Child process with pid: 143604 was killed by signal: 15, core dumped: no
[UID:1163][23529] Child process with pid: 143646 was killed by signal: 15, core dumped: no
[UID:1163][23529] Child process with pid: 143657 was killed by signal: 15, core dumped: no
[UID:1163][23529] Child process with pid: 143745 was killed by signal: 15, core dumped: no
[UID:1163][23529] Child process with pid: 143756 was killed by signal: 15, core dumped: no
[UID:1163][23529] Child process with pid: 143797 was killed by signal: 15, core dumped: no
[UID:1163][23529] Child process with pid: 143837 was killed by signal: 15, core dumped: no
[UID:1163][23529] Child process with pid: 143902 was killed by signal: 15, core dumped: no
[UID:1163][23529] Child process with pid: 143920 was killed by signal: 15, core dumped: no
[UID:1163][23529] Child process with pid: 144013 was killed by signal: 15, core dumped: no
[UID:1163][23529] Child process with pid: 144048 was killed by signal: 15, core dumped: no
[UID:1163][23529] Child process with pid: 144110 was killed by signal: 15, core dumped: no
[UID:1163][23529] Child process with pid: 144120 was killed by signal: 15, core dumped: no
[UID:1163][23529] Child process with pid: 144121 was killed by signal: 15, core dumped: no
[UID:1163][23529] Child process with pid: 144201 was killed by signal: 15, core dumped: no
[UID:1163][23529] Child process with pid: 144237 was killed by signal: 15, core dumped: no
[UID:1163][23529] Child process with pid: 144332 was killed by signal: 15, core dumped: no
[UID:1163][23529] Child process with pid: 144373 was killed by signal: 15, core dumped: no
[UID:1163][23529] Child process with pid: 144389 was killed by signal: 15, core dumped: no
[UID:1163][23529] Child process with pid: 144433 was killed by signal: 15, core dumped: no
[UID:1163][23529] Child process with pid: 144470 was killed by signal: 15, core dumped: no
[UID:1163][23529] Child process with pid: 144522 was killed by signal: 15, core dumped: no
[UID:1163][23529] Child process with pid: 144527 was killed by signal: 15, core dumped: no
[UID:1163][23529] Child process with pid: 144619 was killed by signal: 15, core dumped: no
[UID:1163][23529] Child process with pid: 144625 was killed by signal: 15, core dumped: no
[UID:1163][23529] Child process with pid: 144665 was killed by signal: 15, core dumped: no
[UID:1163][23529] Child process with pid: 144695 was killed by signal: 15, core dumped: no
[UID:1163][23529] Child process with pid: 144806 was killed by signal: 15, core dumped: no
[UID:1163][23529] Child process with pid: 144821 was killed by signal: 15, core dumped: no
[UID:1163][23529] Child process with pid: 144903 was killed by signal: 15, core dumped: no
[UID:1163][23529] Child process with pid: 144924 was killed by signal: 15, core dumped: no
[UID:1163][23529] Child process with pid: 144932 was killed by signal: 15, core dumped: no
[UID:1163][23529] Child process with pid: 145055 was killed by signal: 15, core dumped: no
[UID:1163][23529] Child process with pid: 145091 was killed by signal: 15, core dumped: no
[UID:1163][23529] Child process with pid: 145200 was killed by signal: 15, core dumped: no
[UID:1163][23529] Child process with pid: 145220 was killed by signal: 15, core dumped: no
[UID:1163][23529] Child process with pid: 145267 was killed by signal: 15, core dumped: no
[UID:1163][23529] Child process with pid: 145282 was killed by signal: 15, core dumped: no
[UID:1163][180532] Child process with pid: 180848 was killed by signal: 15, core dumped: no
[UID:1163][180532] Child process with pid: 180850 was killed by signal: 15, core dumped: no
[UID:1163][180532] Child process with pid: 182081 was killed by signal: 15, core dumped: no
[UID:1163][180532] Child process with pid: 182197 was killed by signal: 15, core dumped: no
[UID:1163][180532] Child process with pid: 182289 was killed by signal: 15, core dumped: no
[UID:1163][180532] Child process with pid: 182416 was killed by signal: 15, core dumped: no
[UID:1163][180532] Child process with pid: 182431 was killed by signal: 15, core dumped: no
[UID:1163][180532] Child process with pid: 182535 was killed by signal: 15, core dumped: no
[UID:1163][180532] Child process with pid: 182546 was killed by signal: 15, core dumped: no
[UID:1163][180532] Child process with pid: 182666 was killed by signal: 15, core dumped: no
[UID:1163][180532] Child process with pid: 182673 was killed by signal: 15, core dumped: no
[UID:1163][180532] Child process with pid: 182735 was killed by signal: 15, core dumped: no
[UID:1163][180532] Child process with pid: 182737 was killed by signal: 15, core dumped: no
[UID:1163][180532] Child process with pid: 182812 was killed by signal: 15, core dumped: no
[UID:1163][180532] Child process with pid: 182820 was killed by signal: 15, core dumped: no
[UID:1163][180532] Child process with pid: 182885 was killed by signal: 15, core dumped: no
[UID:1163][180532] Child process with pid: 182901 was killed by signal: 15, core dumped: no
[UID:1163][180532] Child process with pid: 182942 was killed by signal: 15, core dumped: no
[UID:1163][180532] Child process with pid: 182966 was killed by signal: 15, core dumped: no
[UID:1163][180532] Child process with pid: 183005 was killed by signal: 15, core dumped: no
[UID:1163][180532] Child process with pid: 183031 was killed by signal: 15, core dumped: no
[UID:1163][180532] Child process with pid: 183108 was killed by signal: 15, core dumped: no
[UID:1163][180532] Child process with pid: 183118 was killed by signal: 15, core dumped: no
[UID:1163][180532] Child process with pid: 183159 was killed by signal: 15, core dumped: no
[UID:1163][180532] Child process with pid: 183162 was killed by signal: 15, core dumped: no
[UID:1163][180532] Child process with pid: 183199 was killed by signal: 15, core dumped: no
[UID:1163][180532] Child process with pid: 183213 was killed by signal: 15, core dumped: no
[UID:1163][180532] Child process with pid: 183248 was killed by signal: 15, core dumped: no
[UID:1163][180532] Child process with pid: 183261 was killed by signal: 15, core dumped: no
[UID:1163][180532] Child process with pid: 183298 was killed by signal: 15, core dumped: no
[UID:1163][180532] Child process with pid: 183306 was killed by signal: 15, core dumped: no
[UID:1163][180532] Child process with pid: 183348 was killed by signal: 15, core dumped: no
[UID:1163][180532] Child process with pid: 183386 was killed by signal: 15, core dumped: no
[UID:1163][180532] Child process with pid: 183401 was killed by signal: 15, core dumped: no
[UID:1163][180532] Child process with pid: 183454 was killed by signal: 15, core dumped: no
[UID:1163][180532] Child process with pid: 183457 was killed by signal: 15, core dumped: no
[UID:1163][180532] Child process with pid: 183509 was killed by signal: 15, core dumped: no
[UID:1163][180532] Child process with pid: 183529 was killed by signal: 15, core dumped: no
[UID:1163][180532] Child process with pid: 183632 was killed by signal: 15, core dumped: no
[UID:1163][180532] Child process with pid: 183662 was killed by signal: 15, core dumped: no
[UID:1163][180532] Child process with pid: 183802 was killed by signal: 15, core dumped: no
[UID:1163][2597029] Child process with pid: 2597694 was killed by signal: 15, core dumped: no
[UID:1163][2597029] Child process with pid: 2597842 was killed by signal: 15, core dumped: no
[UID:1163][73240] Child process with pid: 73583 was killed by signal: 15, core dumped: no
[UID:1163][73240] Child process with pid: 77342 was killed by signal: 15, core dumped: no
[UID:1163][73240] Child process with pid: 77973 was killed by signal: 15, core dumped: no
[UID:1163][73240] Child process with pid: 78120 was killed by signal: 15, core dumped: no
[UID:1163][73240] Child process with pid: 78287 was killed by signal: 15, core dumped: no
[UID:1163][73240] Child process with pid: 78342 was killed by signal: 15, core dumped: no
[UID:1163][73240] Child process with pid: 78622 was killed by signal: 15, core dumped: no
[UID:1163][73240] Child process with pid: 78643 was killed by signal: 15, core dumped: no
[UID:1163][73240] Child process with pid: 79143 was killed by signal: 15, core dumped: no
[UID:1163][73240] Child process with pid: 79224 was killed by signal: 15, core dumped: no
[UID:1163][73240] Child process with pid: 79549 was killed by signal: 15, core dumped: no
[UID:1163][73240] Child process with pid: 79559 was killed by signal: 15, core dumped: no
[UID:1163][73240] Child process with pid: 79822 was killed by signal: 15, core dumped: no
[UID:1163][73240] Child process with pid: 79886 was killed by signal: 15, core dumped: no
[UID:1163][73240] Child process with pid: 80126 was killed by signal: 15, core dumped: no
[UID:1163][73240] Child process with pid: 73647 was killed by signal: 15, core dumped: no
[UID:1163][73240] Child process with pid: 375682 was killed by signal: 15, core dumped: no
[UID:1163][73240] Child process with pid: 375702 was killed by signal: 15, core dumped: no
[UID:1163][73240] Child process with pid: 375839 was killed by signal: 15, core dumped: no
[UID:1163][73240] Child process with pid: 375901 was killed by signal: 15, core dumped: no
[UID:1163][1158262] Child process with pid: 1158521 was killed by signal: 15, core dumped: no
[UID:1163][1158262] Child process with pid: 1158577 was killed by signal: 15, core dumped: no
[UID:1163][1158262] Child process with pid: 1161288 was killed by signal: 15, core dumped: no
[UID:1163][1158262] Child process with pid: 1161471 was killed by signal: 15, core dumped: no
[UID:1163][1158262] Child process with pid: 1161527 was killed by signal: 15, core dumped: no
[UID:1163][1158262] Child process with pid: 1161546 was killed by signal: 15, core dumped: no
[UID:1163][1158262] Child process with pid: 1161600 was killed by signal: 15, core dumped: no
[UID:1163][1158262] Child process with pid: 1161666 was killed by signal: 15, core dumped: no
[UID:1163][1158262] Child process with pid: 1161763 was killed by signal: 15, core dumped: no
[UID:1163][1158262] Child process with pid: 1161796 was killed by signal: 15, core dumped: no
[UID:1163][1158262] Child process with pid: 1161832 was killed by signal: 15, core dumped: no
[UID:1163][1158262] Child process with pid: 1161872 was killed by signal: 15, core dumped: no
[UID:1163][1158262] Child process with pid: 1161950 was killed by signal: 15, core dumped: no
[UID:1163][1158262] Child process with pid: 1161956 was killed by signal: 15, core dumped: no
[UID:1163][1158262] Child process with pid: 1162026 was killed by signal: 15, core dumped: no
[UID:1163][1158262] Child process with pid: 1162042 was killed by signal: 15, core dumped: no
[UID:1163][1158262] Child process with pid: 1162074 was killed by signal: 15, core dumped: no
[UID:1163][1158262] Child process with pid: 1162083 was killed by signal: 15, core dumped: no
[UID:1163][1158262] Child process with pid: 1162193 was killed by signal: 15, core dumped: no
[UID:1163][1158262] Child process with pid: 1162204 was killed by signal: 15, core dumped: no
[UID:1163][1158262] Child process with pid: 1162308 was killed by signal: 15, core dumped: no
[UID:1163][1158262] Child process with pid: 1162317 was killed by signal: 15, core dumped: no
[UID:1163][1158262] Child process with pid: 1162399 was killed by signal: 15, core dumped: no
[UID:1163][1158262] Child process with pid: 1162464 was killed by signal: 15, core dumped: no
[UID:1163][1158262] Child process with pid: 1162606 was killed by signal: 15, core dumped: no
[UID:1163][1158262] Child process with pid: 1162626 was killed by signal: 15, core dumped: no
[UID:1163][1158262] Child process with pid: 1162730 was killed by signal: 15, core dumped: no
[UID:1163][1158262] Child process with pid: 1162739 was killed by signal: 15, core dumped: no
[UID:1163][1158262] Child process with pid: 1162777 was killed by signal: 15, core dumped: no
[UID:1163][1158262] Child process with pid: 1162798 was killed by signal: 15, core dumped: no
[UID:1163][1158262] Child process with pid: 1162860 was killed by signal: 15, core dumped: no
[UID:1163][1158262] Child process with pid: 1162888 was killed by signal: 15, core dumped: no
[UID:1163][1158262] Child process with pid: 1163014 was killed by signal: 15, core dumped: no
[UID:1163][1158262] Child process with pid: 1163102 was killed by signal: 15, core dumped: no
[UID:1163][1158262] Child process with pid: 1163143 was killed by signal: 15, core dumped: no
[UID:1163][1158262] Child process with pid: 1163288 was killed by signal: 15, core dumped: no
[UID:1163][1158262] Child process with pid: 1163367 was killed by signal: 15, core dumped: no
[UID:1163][1158262] Child process with pid: 1163627 was killed by signal: 15, core dumped: no
[UID:1163][1158262] Child process with pid: 1163660 was killed by signal: 15, core dumped: no
[UID:1163][1158262] Child process with pid: 1163726 was killed by signal: 15, core dumped: no
[UID:1163][1158262] Child process with pid: 1163749 was killed by signal: 15, core dumped: no
[UID:1163][1158262] Child process with pid: 1163775 was killed by signal: 15, core dumped: no
[UID:1163][1158262] Child process with pid: 1163929 was killed by signal: 15, core dumped: no
[UID:1163][1158262] Child process with pid: 1163967 was killed by signal: 15, core dumped: no
[UID:1163][1158262] Child process with pid: 1164042 was killed by signal: 15, core dumped: no
[UID:1163][1158262] Child process with pid: 1164067 was killed by signal: 15, core dumped: no
[UID:1163][1158262] Child process with pid: 1164122 was killed by signal: 15, core dumped: no
[UID:1163][1158262] Child process with pid: 1164188 was killed by signal: 15, core dumped: no
[UID:1163][1158262] Child process with pid: 1164243 was killed by signal: 15, core dumped: no
[UID:1163][1158262] Child process with pid: 1164276 was killed by signal: 15, core dumped: no
[UID:1163][1158262] Child process with pid: 1164388 was killed by signal: 15, core dumped: no
[UID:1163][1158262] Child process with pid: 1164419 was killed by signal: 15, core dumped: no
[UID:1163][1158262] Child process with pid: 1164512 was killed by signal: 15, core dumped: no
[UID:1163][1158262] Child process with pid: 1164578 was killed by signal: 15, core dumped: no
[UID:1163][1158262] Child process with pid: 1164590 was killed by signal: 15, core dumped: no
[UID:1163][1158262] Child process with pid: 1164680 was killed by signal: 15, core dumped: no
[UID:1163][1158262] Child process with pid: 1164690 was killed by signal: 15, core dumped: no
[UID:1163][1158262] Child process with pid: 1164778 was killed by signal: 15, core dumped: no
[UID:1163][1158262] Child process with pid: 1164787 was killed by signal: 15, core dumped: no
[UID:1163][1158262] Child process with pid: 1158518 was killed by signal: 15, core dumped: no
[UID:1163][1158262] Child process with pid: 1164991 was killed by signal: 15, core dumped: no
[UID:1163][1158262] Child process with pid: 1165017 was killed by signal: 15, core dumped: no
[UID:1163][1158262] Child process with pid: 1165106 was killed by signal: 15, core dumped: no
[UID:1163][1158262] Child process with pid: 1165196 was killed by signal: 15, core dumped: no
[UID:1163][1158262] Child process with pid: 1165202 was killed by signal: 15, core dumped: no
[UID:1163][1158262] Child process with pid: 1165315 was killed by signal: 15, core dumped: no
[UID:1163][1158262] Child process with pid: 1165367 was killed by signal: 15, core dumped: no
[UID:1163][1158262] Child process with pid: 1165490 was killed by signal: 15, core dumped: no
[UID:1163][1158262] Child process with pid: 1165526 was killed by signal: 15, core dumped: no
[UID:1163][1158262] Child process with pid: 1165618 was killed by signal: 15, core dumped: no
[UID:1163][1158262] Child process with pid: 1165657 was killed by signal: 15, core dumped: no
[UID:1163][1158262] Child process with pid: 1165755 was killed by signal: 15, core dumped: no
[UID:1163][1158262] Child process with pid: 1165798 was killed by signal: 15, core dumped: no
[UID:1163][1158262] Child process with pid: 1165922 was killed by signal: 15, core dumped: no
[UID:1163][1158262] Child process with pid: 1165976 was killed by signal: 15, core dumped: no
[UID:1163][1158262] Child process with pid: 1166127 was killed by signal: 15, core dumped: no
[UID:1163][1158262] Child process with pid: 1166233 was killed by signal: 15, core dumped: no
[UID:1163][1158262] Child process with pid: 1166339 was killed by signal: 15, core dumped: no
[UID:1163][1158262] Child process with pid: 1166399 was killed by signal: 15, core dumped: no
[UID:1163][1158262] Child process with pid: 1166694 was killed by signal: 15, core dumped: no
[UID:1163][1158262] Child process with pid: 1166784 was killed by signal: 15, core dumped: no
[UID:1163][1158262] Child process with pid: 1167047 was killed by signal: 15, core dumped: no
[UID:1163][1158262] Child process with pid: 1167099 was killed by signal: 15, core dumped: no
[UID:1163][1158262] Child process with pid: 1167185 was killed by signal: 15, core dumped: no
[UID:1163][431841] packetLen < 0
[UID:1163][3209057] Child process with pid: 3332362 was killed by signal: 15, core dumped: no
[UID:1163][3209057] Child process with pid: 3332726 was killed by signal: 15, core dumped: no
[UID:1163][3209057] Child process with pid: 3336477 was killed by signal: 15, core dumped: no
[UID:1163][3209057] Child process with pid: 3336476 was killed by signal: 15, core dumped: no
[UID:1163][3209057] Child process with pid: 3338499 was killed by signal: 15, core dumped: no
[UID:1163][3209057] Child process with pid: 3339051 was killed by signal: 15, core dumped: no
[UID:1163][3209057] Child process with pid: 3339090 was killed by signal: 15, core dumped: no
[UID:1163][3209057] Child process with pid: 3339139 was killed by signal: 15, core dumped: no
[UID:1163][3209057] Child process with pid: 3339312 was killed by signal: 15, core dumped: no
[UID:1163][1926983] Child process with pid: 1927520 was killed by signal: 15, core dumped: no
[UID:1163][1926983] Child process with pid: 1927420 was killed by signal: 15, core dumped: no
[UID:1163][2243700] Child process with pid: 2244080 was killed by signal: 15, core dumped: no
[UID:1163][3167939] Reached max children process limit: 6, extra: 2, current: 8, busy: 8, please increase LSAPI_CHILDREN.
[UID:1163][3167939] Reached max children process limit: 6, extra: 2, current: 8, busy: 8, please increase LSAPI_CHILDREN.
[UID:1163][3167939] Reached max children process limit: 6, extra: 2, current: 8, busy: 7, please increase LSAPI_CHILDREN.
[UID:1163][3167939] Reached max children process limit: 6, extra: 2, current: 8, busy: 7, please increase LSAPI_CHILDREN.
[UID:1163][3167939] Reached max children process limit: 6, extra: 2, current: 8, busy: 8, please increase LSAPI_CHILDREN.
[UID:1163][3167939] Reached max children process limit: 6, extra: 2, current: 8, busy: 8, please increase LSAPI_CHILDREN.
[UID:1163][3167939] Reached max children process limit: 6, extra: 2, current: 8, busy: 8, please increase LSAPI_CHILDREN.
[UID:1163][3167939] Reached max children process limit: 6, extra: 2, current: 8, busy: 8, please increase LSAPI_CHILDREN.
[UID:1163][3167939] Reached max children process limit: 6, extra: 2, current: 8, busy: 8, please increase LSAPI_CHILDREN.
[UID:1163][3167939] Reached max children process limit: 6, extra: 2, current: 8, busy: 7, please increase LSAPI_CHILDREN.
[UID:1163][3167939] Reached max children process limit: 6, extra: 2, current: 8, busy: 8, please increase LSAPI_CHILDREN.
[UID:1163][3167939] Reached max children process limit: 6, extra: 2, current: 8, busy: 8, please increase LSAPI_CHILDREN.
[UID:1163][3167939] Reached max children process limit: 6, extra: 2, current: 8, busy: 8, please increase LSAPI_CHILDREN.
[UID:1163][3167939] Reached max children process limit: 6, extra: 2, current: 8, busy: 8, please increase LSAPI_CHILDREN.
[UID:1163][3167939] Reached max children process limit: 6, extra: 2, current: 8, busy: 8, please increase LSAPI_CHILDREN.
[UID:1163][3167939] Reached max children process limit: 6, extra: 2, current: 8, busy: 8, please increase LSAPI_CHILDREN.
[UID:1163][3167939] Reached max children process limit: 6, extra: 2, current: 8, busy: 8, please increase LSAPI_CHILDREN.
[UID:1163][3167939] Reached max children process limit: 6, extra: 2, current: 8, busy: 8, please increase LSAPI_CHILDREN.
[UID:1163][3167939] Reached max children process limit: 6, extra: 2, current: 8, busy: 7, please increase LSAPI_CHILDREN.
[UID:1163][2607976] Child process with pid: 2759888 was killed by signal: 15, core dumped: no
[UID:1163][2607976] Child process with pid: 2759933 was killed by signal: 15, core dumped: no
[UID:1163][3802786] Child process with pid: 3803361 was killed by signal: 15, core dumped: no
[UID:1163][3802786] Child process with pid: 3805970 was killed by signal: 15, core dumped: no
[UID:1163][1899526] Child process with pid: 1905789 was killed by signal: 15, core dumped: no
[UID:1163][1899526] Child process with pid: 1906097 was killed by signal: 15, core dumped: no
[UID:1163][1899526] Child process with pid: 1908044 was killed by signal: 15, core dumped: no
[UID:1163][1899526] Child process with pid: 1908051 was killed by signal: 15, core dumped: no
[UID:1163][3671384] Child process with pid: 3704929 was killed by signal: 15, core dumped: no
[UID:1163][3671384] Child process with pid: 3705039 was killed by signal: 15, core dumped: no
[UID:1163][4148181] Child process with pid: 4148676 was killed by signal: 15, core dumped: no
[UID:1163][3178677] Child process with pid: 3369096 was killed by signal: 15, core dumped: no
[UID:1163][4171278] Child process with pid: 4171424 was killed by signal: 15, core dumped: no
[UID:1163][4171278] Child process with pid: 4171401 was killed by signal: 15, core dumped: no
[UID:1163][805270] Child process with pid: 805890 was killed by signal: 15, core dumped: no
[UID:1163][805270] Child process with pid: 806590 was killed by signal: 15, core dumped: no
[UID:1163][1127489] Child process with pid: 1127853 was killed by signal: 15, core dumped: no
[UID:1163][1127489] Child process with pid: 1128101 was killed by signal: 15, core dumped: no
[UID:1163][3486126] Child process with pid: 3486716 was killed by signal: 15, core dumped: no
[UID:1163][3486126] Child process with pid: 3487236 was killed by signal: 15, core dumped: no
[UID:1163][2713243] Child process with pid: 2718347 was killed by signal: 15, core dumped: no
[UID:1163][2713243] Child process with pid: 2718344 was killed by signal: 15, core dumped: no
[UID:1163][2713243] Child process with pid: 2719735 was killed by signal: 15, core dumped: no
[UID:1163][2713243] Child process with pid: 2719916 was killed by signal: 15, core dumped: no
[UID:1163][2713243] Child process with pid: 2720013 was killed by signal: 15, core dumped: no
[UID:1163][2713243] Child process with pid: 2720087 was killed by signal: 15, core dumped: no
[UID:1163][2713243] Child process with pid: 2720199 was killed by signal: 15, core dumped: no
[UID:1163][2713243] Child process with pid: 2720293 was killed by signal: 15, core dumped: no
[UID:1163][2713243] Child process with pid: 2720462 was killed by signal: 15, core dumped: no
[UID:1163][2713243] Child process with pid: 2720574 was killed by signal: 15, core dumped: no
[UID:1163][2713243] Child process with pid: 2720667 was killed by signal: 15, core dumped: no
[UID:1163][2713243] Child process with pid: 2720769 was killed by signal: 15, core dumped: no
[UID:1163][2713243] Child process with pid: 2720917 was killed by signal: 15, core dumped: no
[UID:1163][2713243] Child process with pid: 2721016 was killed by signal: 15, core dumped: no
[UID:1163][1126304] Child process with pid: 1126917 was killed by signal: 15, core dumped: no
[UID:1163][1126304] Child process with pid: 1126847 was killed by signal: 15, core dumped: no
[UID:1163][1126304] Child process with pid: 1126757 was killed by signal: 15, core dumped: no
[UID:1163][2219409] Child process with pid: 2225281 was killed by signal: 15, core dumped: no
[UID:1163][2219409] Child process with pid: 2225509 was killed by signal: 15, core dumped: no
OSError: LSAPI: File error
[UID:1163][235491] Child process with pid: 386576 was killed by signal: 15, core dumped: no
[UID:1163][235491] Child process with pid: 388785 was killed by signal: 15, core dumped: no
[UID:1163][3598796] Child process with pid: 3895450 was killed by signal: 15, core dumped: no
[UID:1163][3598796] Child process with pid: 3895442 was killed by signal: 15, core dumped: no
[UID:1163][3598796] Child process with pid: 3898080 was killed by signal: 15, core dumped: no
[UID:1163][3598796] Child process with pid: 3898386 was killed by signal: 15, core dumped: no
[UID:1163][1477369] Child process with pid: 1477930 was killed by signal: 15, core dumped: no
[UID:1163][1984631] Child process with pid: 1985194 was killed by signal: 15, core dumped: no
[UID:1163][1984631] Child process with pid: 1985320 was killed by signal: 15, core dumped: no
[UID:1163][3506622] Child process with pid: 3506916 was killed by signal: 15, core dumped: no
[UID:1163][3506622] Child process with pid: 3507098 was killed by signal: 15, core dumped: no
[UID:1163][3722353] Reached max children process limit: 6, extra: 2, current: 8, busy: 7, please increase LSAPI_CHILDREN.
[UID:1163][3722353] Child process with pid: 3801721 was killed by signal: 15, core dumped: no
[UID:1163][3722353] Child process with pid: 3801755 was killed by signal: 15, core dumped: no
[UID:1163][2179971] Child process with pid: 2182975 was killed by signal: 15, core dumped: no
[UID:1163][2179971] Child process with pid: 2183789 was killed by signal: 15, core dumped: no
[UID:1163][2067809] Child process with pid: 2143316 was killed by signal: 15, core dumped: no
[UID:1163][2067809] Child process with pid: 2144026 was killed by signal: 15, core dumped: no
[UID:1163][70216] Reached max children process limit: 6, extra: 2, current: 8, busy: 7, please increase LSAPI_CHILDREN.
[UID:1163][70216] Reached max children process limit: 6, extra: 2, current: 8, busy: 8, please increase LSAPI_CHILDREN.
[UID:1163][70216] Reached max children process limit: 6, extra: 2, current: 8, busy: 8, please increase LSAPI_CHILDREN.
[UID:1163][70216] Reached max children process limit: 6, extra: 2, current: 8, busy: 8, please increase LSAPI_CHILDREN.
[UID:1163][70216] Reached max children process limit: 6, extra: 2, current: 8, busy: 8, please increase LSAPI_CHILDREN.
[UID:1163][70216] Reached max children process limit: 6, extra: 2, current: 8, busy: 8, please increase LSAPI_CHILDREN.
[UID:1163][70216] Reached max children process limit: 6, extra: 2, current: 8, busy: 8, please increase LSAPI_CHILDREN.
[UID:1163][70216] Reached max children process limit: 6, extra: 2, current: 8, busy: 8, please increase LSAPI_CHILDREN.
[UID:1163][70216] Reached max children process limit: 6, extra: 2, current: 8, busy: 8, please increase LSAPI_CHILDREN.
[UID:1163][70216] Reached max children process limit: 6, extra: 2, current: 8, busy: 8, please increase LSAPI_CHILDREN.
[UID:1163][70216] Reached max children process limit: 6, extra: 2, current: 8, busy: 8, please increase LSAPI_CHILDREN.
[UID:1163][70216] Child process with pid: 70640 was killed by signal: 15, core dumped: no
[UID:1163][70216] Reached max children process limit: 6, extra: 2, current: 8, busy: 7, please increase LSAPI_CHILDREN.
[UID:1163][70216] Reached max children process limit: 6, extra: 2, current: 8, busy: 8, please increase LSAPI_CHILDREN.
[UID:1163][70216] Reached max children process limit: 6, extra: 2, current: 8, busy: 8, please increase LSAPI_CHILDREN.
[UID:1163][70216] Reached max children process limit: 6, extra: 2, current: 8, busy: 8, please increase LSAPI_CHILDREN.
[UID:1163][70216] Reached max children process limit: 6, extra: 2, current: 8, busy: 8, please increase LSAPI_CHILDREN.
[UID:1163][70216] Reached max children process limit: 6, extra: 2, current: 8, busy: 8, please increase LSAPI_CHILDREN.
[UID:1163][70216] Reached max children process limit: 6, extra: 2, current: 8, busy: 8, please increase LSAPI_CHILDREN.
[UID:1163][70216] Reached max children process limit: 6, extra: 2, current: 8, busy: 8, please increase LSAPI_CHILDREN.
[UID:1163][70216] Reached max children process limit: 6, extra: 2, current: 8, busy: 8, please increase LSAPI_CHILDREN.
[UID:1163][70216] Reached max children process limit: 6, extra: 2, current: 8, busy: 8, please increase LSAPI_CHILDREN.
[UID:1163][70216] Reached max children process limit: 6, extra: 2, current: 8, busy: 8, please increase LSAPI_CHILDREN.
[UID:1163][70216] Reached max children process limit: 6, extra: 2, current: 8, busy: 8, please increase LSAPI_CHILDREN.
[UID:1163][70216] Reached max children process limit: 6, extra: 2, current: 8, busy: 8, please increase LSAPI_CHILDREN.
[UID:1163][70216] Child process with pid: 70890 was killed by signal: 15, core dumped: no
[UID:1163][2644677] Child process with pid: 2700731 was killed by signal: 15, core dumped: no
[UID:1163][1682088] Child process with pid: 1687768 was killed by signal: 15, core dumped: no
[UID:1163][1682088] Child process with pid: 1687892 was killed by signal: 15, core dumped: no
[UID:1163][1128521] Child process with pid: 1128692 was killed by signal: 15, core dumped: no
[UID:1163][1128521] Child process with pid: 1128730 was killed by signal: 15, core dumped: no
[UID:1163][1128521] Child process with pid: 1129645 was killed by signal: 15, core dumped: no
[UID:1163][1128521] Child process with pid: 1129670 was killed by signal: 15, core dumped: no
[UID:1163][1128521] Child process with pid: 1129774 was killed by signal: 15, core dumped: no
[UID:1163][1128521] Child process with pid: 1129797 was killed by signal: 15, core dumped: no
[UID:1163][1128521] Child process with pid: 1129853 was killed by signal: 15, core dumped: no
[UID:1163][1128521] Child process with pid: 1129871 was killed by signal: 15, core dumped: no
[UID:1163][1128521] Child process with pid: 1129915 was killed by signal: 15, core dumped: no
[UID:1163][1128521] Child process with pid: 1128691 was killed by signal: 15, core dumped: no
[UID:1163][791026] Child process with pid: 791109 was killed by signal: 15, core dumped: no
[UID:1163][791026] Child process with pid: 791130 was killed by signal: 15, core dumped: no
[UID:1163][1925] Child process with pid: 88001 was killed by signal: 15, core dumped: no
[UID:1163][1925] Child process with pid: 88848 was killed by signal: 15, core dumped: no
[UID:1163][2299590] Child process with pid: 2300278 was killed by signal: 15, core dumped: no
[UID:1163][2299590] Child process with pid: 2299991 was killed by signal: 15, core dumped: no
[UID:1163][3938590] Child process with pid: 3939207 was killed by signal: 15, core dumped: no
[UID:1163][2258585] Child process with pid: 2258955 was killed by signal: 15, core dumped: no
[UID:1163][2258585] Child process with pid: 2258895 was killed by signal: 15, core dumped: no
[UID:1163][2763736] Child process with pid: 2846625 was killed by signal: 15, core dumped: no
[UID:1163][2763736] Child process with pid: 2846522 was killed by signal: 15, core dumped: no
[UID:1163][2763736] Child process with pid: 2850094 was killed by signal: 15, core dumped: no
[UID:1163][453187] Child process with pid: 453262 was killed by signal: 15, core dumped: no
[UID:1163][1520522] Child process with pid: 1570900 was killed by signal: 15, core dumped: no
[UID:1163][1520522] Child process with pid: 1570894 was killed by signal: 15, core dumped: no
[UID:1163][255438] Child process with pid: 255765 was killed by signal: 15, core dumped: no
[UID:1163][2585079] Child process with pid: 2585647 was killed by signal: 15, core dumped: no
[UID:1163][2585079] Child process with pid: 2585650 was killed by signal: 15, core dumped: no
[UID:1163][2787338] Child process with pid: 2787427 was killed by signal: 15, core dumped: no
[UID:1163][2787338] Child process with pid: 2787499 was killed by signal: 15, core dumped: no
[UID:1163][309336] Child process with pid: 309624 was killed by signal: 15, core dumped: no
[UID:1163][3120493] Child process with pid: 3177435 was killed by signal: 15, core dumped: no
[UID:1163][3120493] Child process with pid: 3177768 was killed by signal: 15, core dumped: no
[UID:1163][2216414] Child process with pid: 2216696 was killed by signal: 15, core dumped: no
[UID:1163][2216414] Child process with pid: 2237932 was killed by signal: 15, core dumped: no
[UID:1163][2216414] Child process with pid: 2240239 was killed by signal: 15, core dumped: no
[UID:1163][2216414] Child process with pid: 2238822 was killed by signal: 15, core dumped: no
[UID:1163][618474] Child process with pid: 785882 was killed by signal: 15, core dumped: no
[UID:1163][618474] Child process with pid: 786644 was killed by signal: 15, core dumped: no
[UID:1163][618474] Child process with pid: 787054 was killed by signal: 15, core dumped: no
[UID:1163][3116088] Child process with pid: 3116247 was killed by signal: 15, core dumped: no
[UID:1163][1697010] Child process with pid: 1698252 was killed by signal: 15, core dumped: no
[UID:1163][1697010] Child process with pid: 1698769 was killed by signal: 15, core dumped: no
[UID:1163][2501611] Reached max children process limit: 6, extra: 2, current: 8, busy: 8, please increase LSAPI_CHILDREN.
[UID:1163][2501611] Reached max children process limit: 6, extra: 2, current: 8, busy: 8, please increase LSAPI_CHILDREN.
[UID:1163][2501611] Reached max children process limit: 6, extra: 2, current: 8, busy: 8, please increase LSAPI_CHILDREN.
[UID:1163][2501611] Reached max children process limit: 6, extra: 2, current: 8, busy: 8, please increase LSAPI_CHILDREN.
[UID:1163][2501611] Reached max children process limit: 6, extra: 2, current: 8, busy: 8, please increase LSAPI_CHILDREN.
[UID:1163][2501611] Reached max children process limit: 6, extra: 2, current: 8, busy: 8, please increase LSAPI_CHILDREN.
[UID:1163][2501611] Reached max children process limit: 6, extra: 2, current: 8, busy: 8, please increase LSAPI_CHILDREN.
[UID:1163][2501611] Reached max children process limit: 6, extra: 2, current: 8, busy: 8, please increase LSAPI_CHILDREN.
[UID:1163][2501611] Reached max children process limit: 6, extra: 2, current: 8, busy: 8, please increase LSAPI_CHILDREN.
[UID:1163][2501611] Reached max children process limit: 6, extra: 2, current: 8, busy: 8, please increase LSAPI_CHILDREN.
[UID:1163][2501611] Reached max children process limit: 6, extra: 2, current: 8, busy: 8, please increase LSAPI_CHILDREN.
[UID:1163][2501611] Reached max children process limit: 6, extra: 2, current: 8, busy: 8, please increase LSAPI_CHILDREN.
[UID:1163][2501611] Reached max children process limit: 6, extra: 2, current: 8, busy: 8, please increase LSAPI_CHILDREN.
[UID:1163][2501611] Reached max children process limit: 6, extra: 2, current: 8, busy: 8, please increase LSAPI_CHILDREN.
[UID:1163][2501611] Reached max children process limit: 6, extra: 2, current: 8, busy: 8, please increase LSAPI_CHILDREN.
[UID:1163][2501611] Reached max children process limit: 6, extra: 2, current: 8, busy: 8, please increase LSAPI_CHILDREN.
[UID:1163][2501611] Reached max children process limit: 6, extra: 2, current: 8, busy: 8, please increase LSAPI_CHILDREN.
[UID:1163][2501611] Reached max children process limit: 6, extra: 2, current: 8, busy: 8, please increase LSAPI_CHILDREN.
[UID:1163][2501611] Reached max children process limit: 6, extra: 2, current: 8, busy: 8, please increase LSAPI_CHILDREN.
[UID:1163][2501611] Reached max children process limit: 6, extra: 2, current: 8, busy: 8, please increase LSAPI_CHILDREN.
[UID:1163][2501611] Reached max children process limit: 6, extra: 2, current: 8, busy: 8, please increase LSAPI_CHILDREN.
[UID:1163][2501611] Reached max children process limit: 6, extra: 2, current: 8, busy: 8, please increase LSAPI_CHILDREN.
[UID:1163][2501611] Reached max children process limit: 6, extra: 2, current: 8, busy: 8, please increase LSAPI_CHILDREN.
[UID:1163][2501611] Reached max children process limit: 6, extra: 2, current: 8, busy: 7, please increase LSAPI_CHILDREN.
[UID:1163][1970789] Child process with pid: 1971164 was killed by signal: 15, core dumped: no
[UID:1163][1970789] Child process with pid: 1971157 was killed by signal: 15, core dumped: no
[UID:1163][1970789] Child process with pid: 1973601 was killed by signal: 15, core dumped: no
[UID:1163][1970789] Child process with pid: 1973909 was killed by signal: 15, core dumped: no
[UID:1163][1970789] Child process with pid: 1971442 was killed by signal: 15, core dumped: no
[UID:1163][3342577] Child process with pid: 3342795 was killed by signal: 15, core dumped: no
[UID:1163][3342577] Child process with pid: 3342832 was killed by signal: 15, core dumped: no
[UID:1163][3342577] Child process with pid: 3343540 was killed by signal: 15, core dumped: no
[UID:1163][3342577] Child process with pid: 3343716 was killed by signal: 15, core dumped: no
[UID:1163][3342577] Child process with pid: 3343760 was killed by signal: 15, core dumped: no
[UID:1163][3342577] Child process with pid: 3343829 was killed by signal: 15, core dumped: no
[UID:1163][3342577] Child process with pid: 3343834 was killed by signal: 15, core dumped: no
[UID:1163][3342577] Child process with pid: 3344165 was killed by signal: 15, core dumped: no
[UID:1163][3342577] Child process with pid: 3344169 was killed by signal: 15, core dumped: no
[UID:1163][3342577] Child process with pid: 3344275 was killed by signal: 15, core dumped: no
[UID:1163][3342577] Child process with pid: 3344302 was killed by signal: 15, core dumped: no
[UID:1163][3342577] Child process with pid: 3400659 was killed by signal: 15, core dumped: no
[UID:1163][3342577] Child process with pid: 3400694 was killed by signal: 15, core dumped: no
[UID:1163][3342577] Child process with pid: 3400841 was killed by signal: 15, core dumped: no
[UID:1163][3342577] Child process with pid: 3400865 was killed by signal: 15, core dumped: no
[UID:1163][3342577] Child process with pid: 3400886 was killed by signal: 15, core dumped: no
[UID:1163][3342577] Child process with pid: 3400905 was killed by signal: 15, core dumped: no
[UID:1163][3342577] Child process with pid: 3400906 was killed by signal: 15, core dumped: no
[UID:1163][3342577] Child process with pid: 3400920 was killed by signal: 15, core dumped: no
[UID:1163][3342577] Child process with pid: 3400956 was killed by signal: 15, core dumped: no
[UID:1163][3342577] Child process with pid: 3400962 was killed by signal: 15, core dumped: no
[UID:1163][3342577] Child process with pid: 3400975 was killed by signal: 15, core dumped: no
[UID:1163][3342577] Child process with pid: 3400977 was killed by signal: 15, core dumped: no
[UID:1163][3342577] Child process with pid: 3400994 was killed by signal: 15, core dumped: no
[UID:1163][3342577] Child process with pid: 3401000 was killed by signal: 15, core dumped: no
[UID:1163][3342577] Child process with pid: 3401016 was killed by signal: 15, core dumped: no
[UID:1163][3342577] Child process with pid: 3401027 was killed by signal: 15, core dumped: no
[UID:1163][3342577] Child process with pid: 3401035 was killed by signal: 15, core dumped: no
[UID:1163][3342577] Child process with pid: 3401041 was killed by signal: 15, core dumped: no
[UID:1163][3342577] Child process with pid: 3401052 was killed by signal: 15, core dumped: no
[UID:1163][3342577] Child process with pid: 3401057 was killed by signal: 15, core dumped: no
[UID:1163][3342577] Child process with pid: 3401067 was killed by signal: 15, core dumped: no
[UID:1163][3342577] Child process with pid: 3401074 was killed by signal: 15, core dumped: no
[UID:1163][2003950] Child process with pid: 2032825 was killed by signal: 15, core dumped: no
[UID:1163][2120078] Child process with pid: 2121629 was killed by signal: 15, core dumped: no
[UID:1163][2120078] Child process with pid: 2121630 was killed by signal: 15, core dumped: no
[UID:1163][2120078] Child process with pid: 2121486 was killed by signal: 15, core dumped: no
[UID:1163][2120078] Child process with pid: 2156814 was killed by signal: 15, core dumped: no
[UID:1163][2120078] Child process with pid: 2160166 was killed by signal: 15, core dumped: no
[UID:1163][2120078] Child process with pid: 2160168 was killed by signal: 15, core dumped: no
[UID:1163][3269505] Child process with pid: 3306375 was killed by signal: 15, core dumped: no
[UID:1163][3269505] Child process with pid: 3306532 was killed by signal: 15, core dumped: no
[UID:1163][4017365] Child process with pid: 4158697 was killed by signal: 15, core dumped: no
[UID:1163][4017365] Child process with pid: 4159438 was killed by signal: 15, core dumped: no
[UID:1163][4017365] Child process with pid: 50461 was killed by signal: 15, core dumped: no
[UID:1163][4017365] Child process with pid: 50812 was killed by signal: 15, core dumped: no
[UID:1163][1571674] Child process with pid: 1583155 was killed by signal: 15, core dumped: no
[UID:1163][1571674] Child process with pid: 1583154 was killed by signal: 15, core dumped: no
[UID:1163][93694] Child process with pid: 211164 was killed by signal: 15, core dumped: no
[UID:1163][93694] Child process with pid: 211262 was killed by signal: 15, core dumped: no
[UID:1163][1332882] Child process with pid: 1333180 was killed by signal: 15, core dumped: no
[UID:1163][1332882] Child process with pid: 1334311 was killed by signal: 15, core dumped: no
[UID:1163][1332882] Child process with pid: 1336484 was killed by signal: 15, core dumped: no
[UID:1163][1332882] Child process with pid: 1336899 was killed by signal: 15, core dumped: no
[UID:1163][3259787] Child process with pid: 3260474 was killed by signal: 15, core dumped: no
[UID:1163][877718] [UID:1163][877718] Child process with pid: 1032253 was killed by signal: 15, core dumped: no
Reached max children process limit: 6, extra: 2, current: 8, busy: 7, please increase LSAPI_CHILDREN.
[UID:1163][877718] Child process with pid: 1032378 was killed by signal: 15, core dumped: no
[UID:1163][3529220] Child process with pid: 3529567 was killed by signal: 15, core dumped: no
[UID:1163][3529220] Child process with pid: 3529687 was killed by signal: 15, core dumped: no
[UID:1163][3529220] Child process with pid: 3531198 was killed by signal: 15, core dumped: no
[UID:1163][3644205] Child process with pid: 3645527 was killed by signal: 15, core dumped: no
[UID:1163][3644205] Child process with pid: 3645780 was killed by signal: 15, core dumped: no
[UID:1163][4107190] Child process with pid: 37753 was killed by signal: 15, core dumped: no
[UID:1163][4107190] Child process with pid: 37754 was killed by signal: 15, core dumped: no
[UID:1163][4107190] Child process with pid: 217418 was killed by signal: 15, core dumped: no
[UID:1163][4107190] Child process with pid: 217466 was killed by signal: 15, core dumped: no
[UID:1163][4107190] Child process with pid: 217669 was killed by signal: 15, core dumped: no
[UID:1163][4107190] Child process with pid: 217915 was killed by signal: 15, core dumped: no
[UID:1163][4107190] Child process with pid: 217974 was killed by signal: 15, core dumped: no
[UID:1163][4107190] Child process with pid: 217983 was killed by signal: 15, core dumped: no
[UID:1163][4107190] Child process with pid: 218158 was killed by signal: 15, core dumped: no
[UID:1163][4107190] Child process with pid: 281761 was killed by signal: 15, core dumped: no
[UID:1163][4107190] Child process with pid: 284341 was killed by signal: 15, core dumped: no
[UID:1163][4107190] Child process with pid: 283420 was killed by signal: 15, core dumped: no
[UID:1163][642297] Child process with pid: 919340 was killed by signal: 15, core dumped: no
[UID:1163][642297] Child process with pid: 919873 was killed by signal: 15, core dumped: no
[UID:1163][642297] Child process with pid: 922382 was killed by signal: 15, core dumped: no
[UID:1163][642297] Child process with pid: 922400 was killed by signal: 15, core dumped: no
[UID:1163][642297] Child process with pid: 922603 was killed by signal: 15, core dumped: no
[UID:1163][642297] Child process with pid: 922605 was killed by signal: 15, core dumped: no
[UID:1163][642297] Child process with pid: 922684 was killed by signal: 15, core dumped: no
[UID:1163][642297] Child process with pid: 922695 was killed by signal: 15, core dumped: no
[UID:1163][642297] Child process with pid: 920565 was killed by signal: 15, core dumped: no
[UID:1163][642297] Child process with pid: 922994 was killed by signal: 15, core dumped: no
[UID:1163][642297] Child process with pid: 923338 was killed by signal: 15, core dumped: no
[UID:1163][642297] Child process with pid: 923340 was killed by signal: 15, core dumped: no
[UID:1163][642297] Child process with pid: 923364 was killed by signal: 15, core dumped: no
[UID:1163][642297] Child process with pid: 923370 was killed by signal: 15, core dumped: no
[UID:1163][642297] Child process with pid: 923675 was killed by signal: 15, core dumped: no
[UID:1163][642297] Child process with pid: 923681 was killed by signal: 15, core dumped: no
[UID:1163][642297] Child process with pid: 923738 was killed by signal: 15, core dumped: no
[UID:1163][642297] Child process with pid: 923351 was killed by signal: 15, core dumped: no
[UID:1163][642297] Child process with pid: 923804 was killed by signal: 15, core dumped: no
[UID:1163][642297] Child process with pid: 923823 was killed by signal: 15, core dumped: no
[UID:1163][642297] Child process with pid: 923933 was killed by signal: 15, core dumped: no
[UID:1163][642297] Child process with pid: 923940 was killed by signal: 15, core dumped: no
[UID:1163][642297] Child process with pid: 924096 was killed by signal: 15, core dumped: no
[UID:1163][642297] Child process with pid: 924115 was killed by signal: 15, core dumped: no
[UID:1163][642297] Child process with pid: 924176 was killed by signal: 15, core dumped: no
[UID:1163][642297] Child process with pid: 924178 was killed by signal: 15, core dumped: no
[UID:1163][1097408] Child process with pid: 1172245 was killed by signal: 15, core dumped: no
[UID:1163][1097408] Child process with pid: 1172049 was killed by signal: 15, core dumped: no
[UID:1163][3088209] Child process with pid: 3088608 was killed by signal: 15, core dumped: no
[UID:1163][3088209] Child process with pid: 3088841 was killed by signal: 15, core dumped: no
[UID:1163][2702467] Child process with pid: 2717179 was killed by signal: 15, core dumped: no
[UID:1163][2702467] Child process with pid: 2716931 was killed by signal: 15, core dumped: no
[UID:1163][2702467] Child process with pid: 2719437 was killed by signal: 15, core dumped: no
[UID:1163][2702467] Child process with pid: 2719873 was killed by signal: 15, core dumped: no
[UID:1163][2702467] Child process with pid: 2720043 was killed by signal: 15, core dumped: no
[UID:1163][2702467] Child process with pid: 2720139 was killed by signal: 15, core dumped: no
[UID:1163][2702467] Child process with pid: 2720260 was killed by signal: 15, core dumped: no
[UID:1163][2702467] Child process with pid: 2720289 was killed by signal: 15, core dumped: no
[UID:1163][2702467] Child process with pid: 2720499 was killed by signal: 15, core dumped: no
[UID:1163][2702467] Child process with pid: 2720632 was killed by signal: 15, core dumped: no
[UID:1163][2702467] Child process with pid: 2720675 was killed by signal: 15, core dumped: no
[UID:1163][2702467] Child process with pid: 2720773 was killed by signal: 15, core dumped: no
[UID:1163][2702467] Child process with pid: 2720826 was killed by signal: 15, core dumped: no
[UID:1163][2702467] Child process with pid: 2720909 was killed by signal: 15, core dumped: no
[UID:1163][2702467] Child process with pid: 2721002 was killed by signal: 15, core dumped: no
[UID:1163][2702467] Child process with pid: 2721107 was killed by signal: 15, core dumped: no
[UID:1163][2702467] Child process with pid: 2721172 was killed by signal: 15, core dumped: no
[UID:1163][2702467] Child process with pid: 2721224 was killed by signal: 15, core dumped: no
[UID:1163][2702467] Child process with pid: 2721241 was killed by signal: 15, core dumped: no
[UID:1163][2702467] Child process with pid: 2721301 was killed by signal: 15, core dumped: no
[UID:1163][2702467] Child process with pid: 2721315 was killed by signal: 15, core dumped: no
[UID:1163][2702467] Child process with pid: 2721368 was killed by signal: 15, core dumped: no
[UID:1163][2702467] Child process with pid: 2721419 was killed by signal: 15, core dumped: no
[UID:1163][2702467] Child process with pid: 2721498 was killed by signal: 15, core dumped: no
[UID:1163][2702467] Child process with pid: 2721550 was killed by signal: 15, core dumped: no
[UID:1163][2702467] Child process with pid: 2721598 was killed by signal: 15, core dumped: no
[UID:1163][2702467] Child process with pid: 2721664 was killed by signal: 15, core dumped: no
[UID:1163][2702467] Child process with pid: 2721716 was killed by signal: 15, core dumped: no
[UID:1163][2702467] Child process with pid: 2721730 was killed by signal: 15, core dumped: no
[UID:1163][2702467] Child process with pid: 2721802 was killed by signal: 15, core dumped: no
[UID:1163][2702467] Child process with pid: 2721890 was killed by signal: 15, core dumped: no
[UID:1163][2702467] Child process with pid: 2721944 was killed by signal: 15, core dumped: no
[UID:1163][2702467] Child process with pid: 2722007 was killed by signal: 15, core dumped: no
[UID:1163][2702467] Child process with pid: 2722015 was killed by signal: 15, core dumped: no
[UID:1163][2702467] Child process with pid: 2722087 was killed by signal: 15, core dumped: no
[UID:1163][2702467] Child process with pid: 2722137 was killed by signal: 15, core dumped: no
[UID:1163][1435739] Child process with pid: 1445438 was killed by signal: 15, core dumped: no
[UID:1163][4093340] Child process with pid: 19271 was killed by signal: 15, core dumped: no
[UID:1163][4093340] Child process with pid: 19560 was killed by signal: 15, core dumped: no
[UID:1163][4093340] Child process with pid: 19365 was killed by signal: 15, core dumped: no
[UID:1163][4093340] Child process with pid: 21362 was killed by signal: 15, core dumped: no
[UID:1163][4093340] Child process with pid: 21667 was killed by signal: 15, core dumped: no
[UID:1163][4093340] Child process with pid: 19288 was killed by signal: 15, core dumped: no
[UID:1163][4093340] Child process with pid: 21800 was killed by signal: 15, core dumped: no
[UID:1163][4093340] Child process with pid: 21871 was killed by signal: 15, core dumped: no
[UID:1163][4093340] Child process with pid: 21860 was killed by signal: 15, core dumped: no
[UID:1163][4093340] Child process with pid: 21926 was killed by signal: 15, core dumped: no
[UID:1163][4093340] Child process with pid: 21924 was killed by signal: 15, core dumped: no
[UID:1163][4093340] Child process with pid: 22085 was killed by signal: 15, core dumped: no
[UID:1163][4093340] Child process with pid: 22080 was killed by signal: 15, core dumped: no
[UID:1163][4093340] Child process with pid: 22140 was killed by signal: 15, core dumped: no
[UID:1163][4093340] Child process with pid: 22124 was killed by signal: 15, core dumped: no
[UID:1163][4093340] Child process with pid: 22213 was killed by signal: 15, core dumped: no
[UID:1163][4093340] Child process with pid: 22209 was killed by signal: 15, core dumped: no
[UID:1163][4093340] Child process with pid: 22299 was killed by signal: 15, core dumped: no
[UID:1163][4093340] Child process with pid: 22322 was killed by signal: 15, core dumped: no
[UID:1163][4093340] Child process with pid: 22263 was killed by signal: 15, core dumped: no
[UID:1163][4093340] Child process with pid: 22392 was killed by signal: 15, core dumped: no
[UID:1163][4093340] Child process with pid: 22386 was killed by signal: 15, core dumped: no
[UID:1163][4093340] Child process with pid: 22420 was killed by signal: 15, core dumped: no
[UID:1163][4093340] Child process with pid: 22442 was killed by signal: 15, core dumped: no
[UID:1163][4093340] Child process with pid: 22464 was killed by signal: 15, core dumped: no
[UID:1163][4093340] Child process with pid: 22513 was killed by signal: 15, core dumped: no
[UID:1163][4093340] Child process with pid: 22548 was killed by signal: 15, core dumped: no
[UID:1163][4093340] Child process with pid: 22590 was killed by signal: 15, core dumped: no
[UID:1163][4093340] Child process with pid: 22696 was killed by signal: 15, core dumped: no
[UID:1163][4093340] Child process with pid: 22769 was killed by signal: 15, core dumped: no
[UID:1163][4093340] Child process with pid: 22853 was killed by signal: 15, core dumped: no
[UID:1163][4093340] Child process with pid: 22961 was killed by signal: 15, core dumped: no
[UID:1163][4093340] Child process with pid: 23051 was killed by signal: 15, core dumped: no
[UID:1163][4093340] Child process with pid: 23237 was killed by signal: 15, core dumped: no
[UID:1163][4093340] Child process with pid: 23298 was killed by signal: 15, core dumped: no
[UID:1163][4093340] Child process with pid: 23355 was killed by signal: 15, core dumped: no
[UID:1163][4093340] Child process with pid: 23458 was killed by signal: 15, core dumped: no
[UID:1163][4093340] Child process with pid: 23518 was killed by signal: 15, core dumped: no
[UID:1163][4093340] Child process with pid: 23577 was killed by signal: 15, core dumped: no
[UID:1163][4093340] Child process with pid: 23655 was killed by signal: 15, core dumped: no
[UID:1163][4093340] Child process with pid: 23721 was killed by signal: 15, core dumped: no
[UID:1163][4093340] Child process with pid: 23758 was killed by signal: 15, core dumped: no
[UID:1163][4093340] Child process with pid: 23799 was killed by signal: 15, core dumped: no
[UID:1163][4093340] Child process with pid: 23828 was killed by signal: 15, core dumped: no
[UID:1163][4093340] Child process with pid: 23842 was killed by signal: 15, core dumped: no
[UID:1163][4093340] Child process with pid: 23913 was killed by signal: 15, core dumped: no
[UID:1163][4093340] Child process with pid: 23985 was killed by signal: 15, core dumped: no
[UID:1163][4093340] Child process with pid: 24014 was killed by signal: 15, core dumped: no
[UID:1163][4093340] Child process with pid: 24091 was killed by signal: 15, core dumped: no
[UID:1163][4093340] Child process with pid: 24137 was killed by signal: 15, core dumped: no
[UID:1163][4093340] Child process with pid: 24179 was killed by signal: 15, core dumped: no
[UID:1163][682355] Child process with pid: 698039 was killed by signal: 15, core dumped: no
[UID:1163][682355] Child process with pid: 698200 was killed by signal: 15, core dumped: no
[UID:1163][682355] Child process with pid: 698401 was killed by signal: 15, core dumped: no
[UID:1163][682355] Child process with pid: 970579 was killed by signal: 15, core dumped: no
[UID:1163][682355] Child process with pid: 970979 was killed by signal: 15, core dumped: no
[UID:1163][682355] Child process with pid: 972444 was killed by signal: 15, core dumped: no
[UID:1163][682355] Child process with pid: 1162642 was killed by signal: 15, core dumped: no
[UID:1163][682355] Child process with pid: 1251396 was killed by signal: 15, core dumped: no
[UID:1163][682355] Child process with pid: 1251781 was killed by signal: 15, core dumped: no
[UID:1163][1792547] Child process with pid: 2050441 was killed by signal: 15, core dumped: no
[UID:1163][1792547] Child process with pid: 2050437 was killed by signal: 15, core dumped: no
[UID:1163][1792547] Child process with pid: 2059301 was killed by signal: 15, core dumped: no
[UID:1163][1792547] Child process with pid: 2060352 was killed by signal: 15, core dumped: no
[UID:1163][1792547] Child process with pid: 2060531 was killed by signal: 15, core dumped: no
[UID:1163][3349777] packetLen < 0
[UID:1163][3349777] packetLen < 0
[UID:1163][3349781] packetLen < 0
[UID:1163][2365910] Child process with pid: 2366462 was killed by signal: 15, core dumped: no
[UID:1163][2365910] Child process with pid: 2366343 was killed by signal: 15, core dumped: no
[UID:1163][2365910] Child process with pid: 2366449 was killed by signal: 15, core dumped: no
[UID:1163][2365910] Child process with pid: 2427762 was killed by signal: 15, core dumped: no
[UID:1163][3140884] Child process with pid: 3141043 was killed by signal: 15, core dumped: no
OSError: LSAPI: File error
OSError: LSAPI: File error
[UID:1163][3140884] Child process with pid: 3141045 was killed by signal: 15, core dumped: no
[UID:1163][3140884] Child process with pid: 3141040 was killed by signal: 15, core dumped: no
[UID:1163][3140884] Child process with pid: 3141981 was killed by signal: 15, core dumped: no
[UID:1163][3140884] Child process with pid: 3143943 was killed by signal: 15, core dumped: no
[UID:1163][3140884] Child process with pid: 3144735 was killed by signal: 15, core dumped: no
[UID:1163][3140884] Child process with pid: 3145065 was killed by signal: 15, core dumped: no
[UID:1163][3140884] Child process with pid: 3145196 was killed by signal: 15, core dumped: no
[UID:1163][3140884] Child process with pid: 3145243 was killed by signal: 15, core dumped: no
[UID:1163][3140884] Child process with pid: 3145279 was killed by signal: 15, core dumped: no
[UID:1163][3140884] Child process with pid: 3145338 was killed by signal: 15, core dumped: no
[UID:1163][3140884] Child process with pid: 3145376 was killed by signal: 15, core dumped: no
[UID:1163][1008241] Child process with pid: 1099382 was killed by signal: 15, core dumped: no
[UID:1163][1008241] Child process with pid: 1099620 was killed by signal: 15, core dumped: no
[UID:1163][1008241] Child process with pid: 1101710 was killed by signal: 15, core dumped: no
[UID:1163][1008241] Child process with pid: 1101734 was killed by signal: 15, core dumped: no
[UID:1163][2551870] Child process with pid: 2932208 was killed by signal: 15, core dumped: no
[UID:1163][2551870] Child process with pid: 2935516 was killed by signal: 15, core dumped: no
[UID:1163][3196120] Child process with pid: 3212751 was killed by signal: 15, core dumped: no
[UID:1163][3196120] Child process with pid: 3213218 was killed by signal: 15, core dumped: no
[UID:1163][3196120] Child process with pid: 3214645 was killed by signal: 15, core dumped: no
[UID:1163][3196120] Child process with pid: 3214750 was killed by signal: 15, core dumped: no
[UID:1163][3196120] Child process with pid: 3215905 was killed by signal: 15, core dumped: no
[UID:1163][513211] Child process with pid: 513564 was killed by signal: 15, core dumped: no
[UID:1163][2543478] Child process with pid: 2620711 was killed by signal: 15, core dumped: no
[UID:1163][2543478] Child process with pid: 2626111 was killed by signal: 15, core dumped: no
[UID:1163][2543478] Child process with pid: 2627737 was killed by signal: 15, core dumped: no
[UID:1163][2543478] Child process with pid: 2627957 was killed by signal: 15, core dumped: no
[UID:1163][2543478] Child process with pid: 2628552 was killed by signal: 15, core dumped: no
[UID:1163][2430981] Reached max children process limit: 6, extra: 2, current: 8, busy: 8, please increase LSAPI_CHILDREN.
[UID:1163][2430981] Reached max children process limit: 6, extra: 2, current: 8, busy: 8, please increase LSAPI_CHILDREN.
[UID:1163][2430981] Reached max children process limit: 6, extra: 2, current: 8, busy: 8, please increase LSAPI_CHILDREN.
[UID:1163][2430981] Reached max children process limit: 6, extra: 2, current: 8, busy: 8, please increase LSAPI_CHILDREN.
[UID:1163][2430981] Reached max children process limit: 6, extra: 2, current: 8, busy: 8, please increase LSAPI_CHILDREN.
[UID:1163][2430981] Reached max children process limit: 6, extra: 2, current: 8, busy: 8, please increase LSAPI_CHILDREN.
[UID:1163][2430981] Reached max children process limit: 6, extra: 2, current: 8, busy: 8, please increase LSAPI_CHILDREN.
[UID:1163][2430981] Reached max children process limit: 6, extra: 2, current: 8, busy: 8, please increase LSAPI_CHILDREN.
[UID:1163][2430981] Reached max children process limit: 6, extra: 2, current: 8, busy: 8, please increase LSAPI_CHILDREN.
[UID:1163][2430981] Reached max children process limit: 6, extra: 2, current: 8, busy: 8, please increase LSAPI_CHILDREN.
[UID:1163][2430981] Reached max children process limit: 6, extra: 2, current: 8, busy: 8, please increase LSAPI_CHILDREN.
[UID:1163][2430981] Reached max children process limit: 6, extra: 2, current: 8, busy: 8, please increase LSAPI_CHILDREN.
[UID:1163][2430981] Reached max children process limit: 6, extra: 2, current: 8, busy: 8, please increase LSAPI_CHILDREN.
[UID:1163][2430981] Reached max children process limit: 6, extra: 2, current: 8, busy: 8, please increase LSAPI_CHILDREN.
[UID:1163][2430981] Reached max children process limit: 6, extra: 2, current: 8, busy: 8, please increase LSAPI_CHILDREN.
[UID:1163][2430981] Reached max children process limit: 6, extra: 2, current: 8, busy: 8, please increase LSAPI_CHILDREN.
[UID:1163][2430981] Reached max children process limit: 6, extra: 2, current: 8, busy: 8, please increase LSAPI_CHILDREN.
[UID:1163][2430981] Reached max children process limit: 6, extra: 2, current: 8, busy: 8, please increase LSAPI_CHILDREN.
[UID:1163][2430981] Reached max children process limit: 6, extra: 2, current: 8, busy: 8, please increase LSAPI_CHILDREN.
[UID:1163][2430981] Reached max children process limit: 6, extra: 2, current: 8, busy: 8, please increase LSAPI_CHILDREN.
[UID:1163][2430981] Reached max children process limit: 6, extra: 2, current: 8, busy: 8, please increase LSAPI_CHILDREN.
[UID:1163][2430981] Reached max children process limit: 6, extra: 2, current: 8, busy: 8, please increase LSAPI_CHILDREN.
[UID:1163][2430981] Reached max children process limit: 6, extra: 2, current: 8, busy: 8, please increase LSAPI_CHILDREN.
[UID:1163][2430981] Reached max children process limit: 6, extra: 2, current: 8, busy: 8, please increase LSAPI_CHILDREN.
[UID:1163][2430981] Reached max children process limit: 6, extra: 2, current: 8, busy: 8, please increase LSAPI_CHILDREN.
[UID:1163][2430981] Reached max children process limit: 6, extra: 2, current: 8, busy: 8, please increase LSAPI_CHILDREN.
[UID:1163][2430981] Reached max children process limit: 6, extra: 2, current: 8, busy: 8, please increase LSAPI_CHILDREN.
[UID:1163][2065652] Child process with pid: 2065919 was killed by signal: 15, core dumped: no
[UID:1163][3738163] Child process with pid: 3738402 was killed by signal: 15, core dumped: no
[UID:1163][4186767] Child process with pid: 4187004 was killed by signal: 15, core dumped: no
[UID:1163][4186767] Child process with pid: 130176 was killed by signal: 15, core dumped: no
[UID:1163][4186767] Child process with pid: 129944 was killed by signal: 15, core dumped: no
[UID:1163][789738] Child process with pid: 803611 was killed by signal: 15, core dumped: no
[UID:1163][1302639] Child process with pid: 1303017 was killed by signal: 15, core dumped: no
[UID:1163][1302639] Child process with pid: 1344850 was killed by signal: 15, core dumped: no
[UID:1163][1302639] Child process with pid: 1344922 was killed by signal: 15, core dumped: no
[UID:1163][1302639] Child process with pid: 1345007 was killed by signal: 15, core dumped: no
[UID:1163][1302639] Child process with pid: 1345039 was killed by signal: 15, core dumped: no
[UID:1163][1302639] Child process with pid: 1345048 was killed by signal: 15, core dumped: no
[UID:1163][1302639] Child process with pid: 1345093 was killed by signal: 15, core dumped: no
[UID:1163][1302639] Child process with pid: 1345104 was killed by signal: 15, core dumped: no
[UID:1163][3072636] Reached max children process limit: 6, extra: 2, current: 8, busy: 7, please increase LSAPI_CHILDREN.
[UID:1163][3072636] Reached max children process limit: 6, extra: 2, current: 8, busy: 8, please increase LSAPI_CHILDREN.
[UID:1163][3072636] Reached max children process limit: 6, extra: 2, current: 8, busy: 8, please increase LSAPI_CHILDREN.
[UID:1163][3072636] Reached max children process limit: 6, extra: 2, current: 8, busy: 8, please increase LSAPI_CHILDREN.
[UID:1163][3072636] Child process with pid: 3072838 was killed by signal: 15, core dumped: no
[UID:1163][3072636] Reached max children process limit: 6, extra: 2, current: 8, busy: 7, please increase LSAPI_CHILDREN.
[UID:1163][3072636] Reached max children process limit: 6, extra: 2, current: 8, busy: 8, please increase LSAPI_CHILDREN.
[UID:1163][3072636] Reached max children process limit: 6, extra: 2, current: 8, busy: 8, please increase LSAPI_CHILDREN.
[UID:1163][3072636] Reached max children process limit: 6, extra: 2, current: 8, busy: 8, please increase LSAPI_CHILDREN.
[UID:1163][3072636] Reached max children process limit: 6, extra: 2, current: 8, busy: 8, please increase LSAPI_CHILDREN.
[UID:1163][3072636] Reached max children process limit: 6, extra: 2, current: 8, busy: 8, please increase LSAPI_CHILDREN.
[UID:1163][3072636] Reached max children process limit: 6, extra: 2, current: 8, busy: 8, please increase LSAPI_CHILDREN.
[UID:1163][3072636] Reached max children process limit: 6, extra: 2, current: 8, busy: 8, please increase LSAPI_CHILDREN.
[UID:1163][3072636] Reached max children process limit: 6, extra: 2, current: 8, busy: 8, please increase LSAPI_CHILDREN.
[UID:1163][3072636] Reached max children process limit: 6, extra: 2, current: 8, busy: 8, please increase LSAPI_CHILDREN.
[UID:1163][3072636] Reached max children process limit: 6, extra: 2, current: 8, busy: 8, please increase LSAPI_CHILDREN.
[UID:1163][3072636] Reached max children process limit: 6, extra: 2, current: 8, busy: 8, please increase LSAPI_CHILDREN.
[UID:1163][3072636] Reached max children process limit: 6, extra: 2, current: 8, busy: 8, please increase LSAPI_CHILDREN.
[UID:1163][3072636] Reached max children process limit: 6, extra: 2, current: 8, busy: 8, please increase LSAPI_CHILDREN.
[UID:1163][3072636] Reached max children process limit: 6, extra: 2, current: 8, busy: 8, please increase LSAPI_CHILDREN.
[UID:1163][3072636] Reached max children process limit: 6, extra: 2, current: 8, busy: 8, please increase LSAPI_CHILDREN.
[UID:1163][3072636] Reached max children process limit: 6, extra: 2, current: 8, busy: 8, please increase LSAPI_CHILDREN.
[UID:1163][3072636] Reached max children process limit: 6, extra: 2, current: 8, busy: 7, please increase LSAPI_CHILDREN.
[UID:1163][3072636] Child process with pid: 3073012 was killed by signal: 15, core dumped: no
[UID:1163][1035949] Child process with pid: 1036011 was killed by signal: 15, core dumped: no
[UID:1163][1035949] Child process with pid: 1036140 was killed by signal: 15, core dumped: no
[UID:1163][1035949] Child process with pid: 1036565 was killed by signal: 15, core dumped: no
[UID:1163][1035949] Child process with pid: 1036663 was killed by signal: 15, core dumped: no
[UID:1163][1035949] Child process with pid: 1036749 was killed by signal: 15, core dumped: no
[UID:1163][1035949] Child process with pid: 1036971 was killed by signal: 15, core dumped: no
[UID:1163][1035949] Child process with pid: 1037719 was killed by signal: 15, core dumped: no
[UID:1163][1035949] Child process with pid: 1040615 was killed by signal: 15, core dumped: no
[UID:1163][1035949] Child process with pid: 1040825 was killed by signal: 15, core dumped: no
[UID:1163][1035949] Child process with pid: 1040983 was killed by signal: 15, core dumped: no
[UID:1163][1146287] Child process with pid: 1163785 was killed by signal: 15, core dumped: no
[UID:1163][1146287] Child process with pid: 1163974 was killed by signal: 15, core dumped: no
[UID:1163][2817974] Child process with pid: 2818666 was killed by signal: 15, core dumped: no
[UID:1163][2817974] Child process with pid: 2818737 was killed by signal: 15, core dumped: no
[UID:1163][2817974] Child process with pid: 2818656 was killed by signal: 15, core dumped: no
[UID:1163][2817974] Child process with pid: 2818363 was killed by signal: 15, core dumped: no
[UID:1163][2886230] Child process with pid: 2886356 was killed by signal: 15, core dumped: no
[UID:1163][2886230] Child process with pid: 2886390 was killed by signal: 15, core dumped: no
[UID:1163][2886230] Child process with pid: 2888783 was killed by signal: 15, core dumped: no
[UID:1163][359799] Child process with pid: 365183 was killed by signal: 15, core dumped: no
[UID:1163][359799] Child process with pid: 365284 was killed by signal: 15, core dumped: no
[UID:1163][359799] Child process with pid: 375796 was killed by signal: 15, core dumped: no
[UID:1163][359799] Child process with pid: 375900 was killed by signal: 15, core dumped: no
[UID:1163][3804279] Child process with pid: 4064512 was killed by signal: 15, core dumped: no
[UID:1163][3543088] Child process with pid: 3543209 was killed by signal: 15, core dumped: no
[UID:1163][3543088] Child process with pid: 3543206 was killed by signal: 15, core dumped: no
[UID:1163][2051572] Child process with pid: 2165927 was killed by signal: 15, core dumped: no
[UID:1163][2051572] Child process with pid: 2172287 was killed by signal: 15, core dumped: no
[UID:1163][2051572] Child process with pid: 2165988 was killed by signal: 15, core dumped: no
[UID:1163][2051572] Child process with pid: 2165899 was killed by signal: 15, core dumped: no
[UID:1163][2475717] Child process with pid: 2476236 was killed by signal: 15, core dumped: no
[UID:1163][2475717] Child process with pid: 2476235 was killed by signal: 15, core dumped: no
[UID:1163][2448027] Reached max children process limit: 6, extra: 2, current: 8, busy: 7, please increase LSAPI_CHILDREN.
[UID:1163][2448027] Reached max children process limit: 6, extra: 2, current: 8, busy: 8, please increase LSAPI_CHILDREN.
[UID:1163][2448027] Reached max children process limit: 6, extra: 2, current: 8, busy: 8, please increase LSAPI_CHILDREN.
[UID:1163][2448027] Reached max children process limit: 6, extra: 2, current: 8, busy: 8, please increase LSAPI_CHILDREN.
[UID:1163][2448027] Reached max children process limit: 6, extra: 2, current: 8, busy: 8, please increase LSAPI_CHILDREN.
[UID:1163][2448027] Reached max children process limit: 6, extra: 2, current: 8, busy: 8, please increase LSAPI_CHILDREN.
[UID:1163][2448027] Reached max children process limit: 6, extra: 2, current: 8, busy: 8, please increase LSAPI_CHILDREN.
[UID:1163][2448027] Reached max children process limit: 6, extra: 2, current: 8, busy: 8, please increase LSAPI_CHILDREN.
[UID:1163][2448027] Reached max children process limit: 6, extra: 2, current: 8, busy: 8, please increase LSAPI_CHILDREN.
[UID:1163][2448027] Reached max children process limit: 6, extra: 2, current: 8, busy: 8, please increase LSAPI_CHILDREN.
[UID:1163][2448027] Reached max children process limit: 6, extra: 2, current: 8, busy: 8, please increase LSAPI_CHILDREN.
[UID:1163][2448027] Reached max children process limit: 6, extra: 2, current: 8, busy: 8, please increase LSAPI_CHILDREN.
[UID:1163][2448027] Reached max children process limit: 6, extra: 2, current: 8, busy: 8, please increase LSAPI_CHILDREN.
[UID:1163][2448027] Reached max children process limit: 6, extra: 2, current: 8, busy: 8, please increase LSAPI_CHILDREN.
[UID:1163][2448027] Reached max children process limit: 6, extra: 2, current: 8, busy: 8, please increase LSAPI_CHILDREN.
[UID:1163][2448027] Reached max children process limit: 6, extra: 2, current: 8, busy: 8, please increase LSAPI_CHILDREN.
[UID:1163][2448027] Reached max children process limit: 6, extra: 2, current: 8, busy: 8, please increase LSAPI_CHILDREN.
[UID:1163][2448027] Reached max children process limit: 6, extra: 2, current: 8, busy: 8, please increase LSAPI_CHILDREN.
[UID:1163][2448027] Reached max children process limit: 6, extra: 2, current: 8, busy: 8, please increase LSAPI_CHILDREN.
[UID:1163][2448027] Reached max children process limit: 6, extra: 2, current: 8, busy: 8, please increase LSAPI_CHILDREN.
[UID:1163][2448027] Reached max children process limit: 6, extra: 2, current: 8, busy: 8, please increase LSAPI_CHILDREN.
[UID:1163][2448027] Reached max children process limit: 6, extra: 2, current: 8, busy: 8, please increase LSAPI_CHILDREN.
[UID:1163][2448027] Reached max children process limit: 6, extra: 2, current: 8, busy: 8, please increase LSAPI_CHILDREN.
[UID:1163][2448027] Reached max children process limit: 6, extra: 2, current: 8, busy: 8, please increase LSAPI_CHILDREN.
[UID:1163][2448027] Reached max children process limit: 6, extra: 2, current: 8, busy: 8, please increase LSAPI_CHILDREN.
[UID:1163][2448027] Child process with pid: 2448266 was killed by signal: 15, core dumped: no
[UID:1163][2448027] Reached max children process limit: 6, extra: 2, current: 8, busy: 7, please increase LSAPI_CHILDREN.
[UID:1163][2448027] Reached max children process limit: 6, extra: 2, current: 8, busy: 8, please increase LSAPI_CHILDREN.
[UID:1163][2448027] Reached max children process limit: 6, extra: 2, current: 8, busy: 8, please increase LSAPI_CHILDREN.
[UID:1163][2448027] Reached max children process limit: 6, extra: 2, current: 8, busy: 8, please increase LSAPI_CHILDREN.
[UID:1163][2448027] Reached max children process limit: 6, extra: 2, current: 8, busy: 8, please increase LSAPI_CHILDREN.
[UID:1163][2448027] Reached max children process limit: 6, extra: 2, current: 8, busy: 8, please increase LSAPI_CHILDREN.
[UID:1163][2448027] Child process with pid: 2453689 was killed by signal: 15, core dumped: no
[UID:1163][2448027] Reached max children process limit: 6, extra: 2, current: 8, busy: 7, please increase LSAPI_CHILDREN.
[UID:1163][2448027] Reached max children process limit: 6, extra: 2, current: 8, busy: 8, please increase LSAPI_CHILDREN.
[UID:1163][2448027] Reached max children process limit: 6, extra: 2, current: 8, busy: 8, please increase LSAPI_CHILDREN.
[UID:1163][2448027] Reached max children process limit: 6, extra: 2, current: 8, busy: 8, please increase LSAPI_CHILDREN.
[UID:1163][2448027] Reached max children process limit: 6, extra: 2, current: 8, busy: 8, please increase LSAPI_CHILDREN.
[UID:1163][2448027] Reached max children process limit: 6, extra: 2, current: 8, busy: 8, please increase LSAPI_CHILDREN.
[UID:1163][2448027] Reached max children process limit: 6, extra: 2, current: 8, busy: 8, please increase LSAPI_CHILDREN.
[UID:1163][2448027] Reached max children process limit: 6, extra: 2, current: 8, busy: 8, please increase LSAPI_CHILDREN.
[UID:1163][2448027] Reached max children process limit: 6, extra: 2, current: 8, busy: 8, please increase LSAPI_CHILDREN.
[UID:1163][2448027] Reached max children process limit: 6, extra: 2, current: 8, busy: 8, please increase LSAPI_CHILDREN.
[UID:1163][2448027] Reached max children process limit: 6, extra: 2, current: 8, busy: 8, please increase LSAPI_CHILDREN.
[UID:1163][2448027] Reached max children process limit: 6, extra: 2, current: 8, busy: 8, please increase LSAPI_CHILDREN.
[UID:1163][2448027] Reached max children process limit: 6, extra: 2, current: 8, busy: 8, please increase LSAPI_CHILDREN.
[UID:1163][2448027] Reached max children process limit: 6, extra: 2, current: 8, busy: 8, please increase LSAPI_CHILDREN.
[UID:1163][2448027] Reached max children process limit: 6, extra: 2, current: 8, busy: 8, please increase LSAPI_CHILDREN.
[UID:1163][2448027] Reached max children process limit: 6, extra: 2, current: 8, busy: 8, please increase LSAPI_CHILDREN.
[UID:1163][2448027] Reached max children process limit: 6, extra: 2, current: 8, busy: 8, please increase LSAPI_CHILDREN.
[UID:1163][2448027] Reached max children process limit: 6, extra: 2, current: 8, busy: 7, please increase LSAPI_CHILDREN.
[UID:1163][2448027] Reached max children process limit: 6, extra: 2, current: 8, busy: 8, please increase LSAPI_CHILDREN.
[UID:1163][2448027] Reached max children process limit: 6, extra: 2, current: 8, busy: 7, please increase LSAPI_CHILDREN.
[UID:1163][2448027] Child process with pid: 2454261 was killed by signal: 15, core dumped: no
[UID:1163][2448027] Child process with pid: 2454779 was killed by signal: 15, core dumped: no
[UID:1163][2240235] Child process with pid: 2292480 was killed by signal: 15, core dumped: no
[UID:1163][2240235] Child process with pid: 2292789 was killed by signal: 15, core dumped: no
[UID:1163][2865977] Child process with pid: 2934914 was killed by signal: 15, core dumped: no
[UID:1163][2865977] Child process with pid: 2936960 was killed by signal: 15, core dumped: no
[UID:1163][2865977] Child process with pid: 2934971 was killed by signal: 15, core dumped: no
[UID:1163][2865977] Child process with pid: 2958156 was killed by signal: 15, core dumped: no
[UID:1163][2865977] Child process with pid: 2958177 was killed by signal: 15, core dumped: no
[UID:1163][2796357] Child process with pid: 2797055 was killed by signal: 15, core dumped: no
[UID:1163][3553614] Child process with pid: 3553706 was killed by signal: 15, core dumped: no
[UID:1163][3553614] Child process with pid: 3553713 was killed by signal: 15, core dumped: no
[UID:1163][602596] Child process with pid: 602763 was killed by signal: 15, core dumped: no
[UID:1163][602596] Child process with pid: 602797 was killed by signal: 15, core dumped: no
[UID:1163][2790411] Child process with pid: 2911790 was killed by signal: 15, core dumped: no
[UID:1163][2790411] Child process with pid: 2911791 was killed by signal: 15, core dumped: no
[UID:1163][2790411] Child process with pid: 2909670 was killed by signal: 15, core dumped: no
[UID:1163][3940392] Child process with pid: 3940939 was killed by signal: 15, core dumped: no
[UID:1163][3940392] Child process with pid: 3940930 was killed by signal: 15, core dumped: no
[UID:1163][2263940] Child process with pid: 2264327 was killed by signal: 15, core dumped: no
[UID:1163][2263940] Child process with pid: 2264748 was killed by signal: 15, core dumped: no
[UID:1163][2263940] Child process with pid: 2269460 was killed by signal: 15, core dumped: no
[UID:1163][2263940] Child process with pid: 2269485 was killed by signal: 15, core dumped: no
[UID:1163][2263940] Child process with pid: 2273689 was killed by signal: 15, core dumped: no
[UID:1163][2263940] Child process with pid: 2270155 was killed by signal: 15, core dumped: no
[UID:1163][2263940] Child process with pid: 2339524 was killed by signal: 15, core dumped: no
[UID:1163][2815643] Child process with pid: 2815895 was killed by signal: 15, core dumped: no
[UID:1163][910451] Child process with pid: 910814 was killed by signal: 15, core dumped: no
[UID:1163][910451] Child process with pid: 917571 was killed by signal: 15, core dumped: no
[UID:1163][910451] Child process with pid: 917701 was killed by signal: 15, core dumped: no
[UID:1163][1647297] Child process with pid: 1820834 was killed by signal: 15, core dumped: no
[UID:1163][1647297] Child process with pid: 1820900 was killed by signal: 15, core dumped: no
[UID:1163][2775848] Child process with pid: 2776005 was killed by signal: 15, core dumped: no
[UID:1163][2775848] Child process with pid: 2776027 was killed by signal: 15, core dumped: no
[UID:1163][2775848] Child process with pid: 2860022 was killed by signal: 15, core dumped: no
[UID:1163][2775848] Child process with pid: 2860330 was killed by signal: 15, core dumped: no
[UID:1163][2775848] Child process with pid: 2865858 was killed by signal: 15, core dumped: no
[UID:1163][2775848] Child process with pid: 2866136 was killed by signal: 15, core dumped: no
[UID:1163][2775848] Child process with pid: 2866287 was killed by signal: 15, core dumped: no
[UID:1163][2775848] Child process with pid: 2867422 was killed by signal: 15, core dumped: no
[UID:1163][2775848] Child process with pid: 2867630 was killed by signal: 15, core dumped: no
[UID:1163][2775848] Child process with pid: 2867845 was killed by signal: 15, core dumped: no
[UID:1163][2775848] Child process with pid: 2867847 was killed by signal: 15, core dumped: no
[UID:1163][2775848] Child process with pid: 2867989 was killed by signal: 15, core dumped: no
[UID:1163][2775848] Child process with pid: 2867993 was killed by signal: 15, core dumped: no
[UID:1163][2775848] Child process with pid: 2868090 was killed by signal: 15, core dumped: no
[UID:1163][2775848] Child process with pid: 2868105 was killed by signal: 15, core dumped: no
[UID:1163][2775848] Child process with pid: 2868258 was killed by signal: 15, core dumped: no
[UID:1163][2775848] Child process with pid: 2868401 was killed by signal: 15, core dumped: no
[UID:1163][2775848] Child process with pid: 2868934 was killed by signal: 15, core dumped: no
[UID:1163][2775848] Child process with pid: 2868954 was killed by signal: 15, core dumped: no
[UID:1163][2775848] Child process with pid: 2869033 was killed by signal: 15, core dumped: no
[UID:1163][2775848] Child process with pid: 2869042 was killed by signal: 15, core dumped: no
[UID:1163][2775848] Child process with pid: 2869153 was killed by signal: 15, core dumped: no
[UID:1163][2775848] Child process with pid: 2869193 was killed by signal: 15, core dumped: no
[UID:1163][2775848] Child process with pid: 2869277 was killed by signal: 15, core dumped: no
[UID:1163][2775848] Child process with pid: 2869300 was killed by signal: 15, core dumped: no
[UID:1163][2775848] Child process with pid: 2869402 was killed by signal: 15, core dumped: no
[UID:1163][2775848] Child process with pid: 2869421 was killed by signal: 15, core dumped: no
[UID:1163][2775848] Child process with pid: 2869537 was killed by signal: 15, core dumped: no
[UID:1163][2775848] Child process with pid: 2869548 was killed by signal: 15, core dumped: no
[UID:1163][2775848] Child process with pid: 2869745 was killed by signal: 15, core dumped: no
[UID:1163][2775848] Child process with pid: 2869768 was killed by signal: 15, core dumped: no
[UID:1163][2775848] Child process with pid: 2869829 was killed by signal: 15, core dumped: no
[UID:1163][2775848] Child process with pid: 2869837 was killed by signal: 15, core dumped: no
[UID:1163][2775848] Child process with pid: 2869934 was killed by signal: 15, core dumped: no
[UID:1163][2295744] Child process with pid: 2295982 was killed by signal: 15, core dumped: no
[UID:1163][2295744] Child process with pid: 2296353 was killed by signal: 15, core dumped: no
[UID:1163][2295744] Child process with pid: 2295986 was killed by signal: 15, core dumped: no
[UID:1163][2295744] Child process with pid: 2295920 was killed by signal: 15, core dumped: no
[UID:1163][3507083] Child process with pid: 3542610 was killed by signal: 15, core dumped: no
[UID:1163][3507083] Child process with pid: 3542609 was killed by signal: 15, core dumped: no
[UID:1163][1551127] Child process with pid: 1652844 was killed by signal: 15, core dumped: no
[UID:1163][1551127] Child process with pid: 1652762 was killed by signal: 15, core dumped: no
[UID:1163][1551127] Child process with pid: 1658371 was killed by signal: 15, core dumped: no
[UID:1163][1551127] Child process with pid: 1658398 was killed by signal: 15, core dumped: no
[UID:1163][1551127] Child process with pid: 1704604 was killed by signal: 15, core dumped: no
[UID:1163][1551127] Child process with pid: 1704670 was killed by signal: 15, core dumped: no
[UID:1163][1551127] Child process with pid: 1705492 was killed by signal: 15, core dumped: no
[UID:1163][1551127] Child process with pid: 1706444 was killed by signal: 15, core dumped: no
[UID:1163][1551127] Child process with pid: 1706770 was killed by signal: 15, core dumped: no
[UID:1163][1551127] Child process with pid: 1706924 was killed by signal: 15, core dumped: no
[UID:1163][1551127] Child process with pid: 1706930 was killed by signal: 15, core dumped: no
[UID:1163][1551127] Child process with pid: 1706932 was killed by signal: 15, core dumped: no
[UID:1163][1551127] Child process with pid: 1706958 was killed by signal: 15, core dumped: no
[UID:1163][1551127] Child process with pid: 1706964 was killed by signal: 15, core dumped: no
[UID:1163][1551127] Child process with pid: 1706995 was killed by signal: 15, core dumped: no
[UID:1163][1551127] Child process with pid: 1706998 was killed by signal: 15, core dumped: no
[UID:1163][1551127] Child process with pid: 1707036 was killed by signal: 15, core dumped: no
[UID:1163][1551127] Child process with pid: 1707050 was killed by signal: 15, core dumped: no
[UID:1163][1551127] Child process with pid: 1707073 was killed by signal: 15, core dumped: no
[UID:1163][1551127] Child process with pid: 1707096 was killed by signal: 15, core dumped: no
[UID:1163][1551127] Child process with pid: 1707101 was killed by signal: 15, core dumped: no
[UID:1163][1551127] Child process with pid: 1707110 was killed by signal: 15, core dumped: no
[UID:1163][1551127] Child process with pid: 1707135 was killed by signal: 15, core dumped: no
[UID:1163][1551127] Child process with pid: 1707138 was killed by signal: 15, core dumped: no
[UID:1163][1551127] Child process with pid: 1707145 was killed by signal: 15, core dumped: no
[UID:1163][1551127] Child process with pid: 1707181 was killed by signal: 15, core dumped: no
[UID:1163][1551127] Child process with pid: 1707186 was killed by signal: 15, core dumped: no
[UID:1163][1551127] Child process with pid: 1707222 was killed by signal: 15, core dumped: no
[UID:1163][1551127] Child process with pid: 1707224 was killed by signal: 15, core dumped: no
[UID:1163][1551127] Child process with pid: 1707257 was killed by signal: 15, core dumped: no
[UID:1163][1551127] Child process with pid: 1707266 was killed by signal: 15, core dumped: no
[UID:1163][1551127] Child process with pid: 1707299 was killed by signal: 15, core dumped: no
[UID:1163][1551127] Child process with pid: 1707405 was killed by signal: 15, core dumped: no
[UID:1163][1551127] Child process with pid: 1707563 was killed by signal: 15, core dumped: no
[UID:1163][1551127] Child process with pid: 1902759 was killed by signal: 15, core dumped: no
[UID:1163][1551127] Child process with pid: 1902764 was killed by signal: 15, core dumped: no
[UID:1163][2411882] Child process with pid: 2468904 was killed by signal: 15, core dumped: no
[UID:1163][2411882] Child process with pid: 2469386 was killed by signal: 15, core dumped: no
[UID:1163][2411882] Child process with pid: 2473973 was killed by signal: 15, core dumped: no
[UID:1163][853527] Child process with pid: 853761 was killed by signal: 15, core dumped: no
[UID:1163][853527] Child process with pid: 853833 was killed by signal: 15, core dumped: no
[UID:1163][1800635] Child process with pid: 2058655 was killed by signal: 15, core dumped: no
[UID:1163][1800635] Child process with pid: 2059184 was killed by signal: 15, core dumped: no
[UID:1163][2627577] Child process with pid: 2630073 was killed by signal: 15, core dumped: no
[UID:1163][2627577] Child process with pid: 2630071 was killed by signal: 15, core dumped: no
[UID:1163][2627577] Child process with pid: 2628183 was killed by signal: 15, core dumped: no
[UID:1163][2627577] Child process with pid: 2632985 was killed by signal: 15, core dumped: no
[UID:1163][2627577] Child process with pid: 2634514 was killed by signal: 15, core dumped: no
[UID:1163][2627577] Child process with pid: 2632981 was killed by signal: 15, core dumped: no
[UID:1163][3210035] Child process with pid: 3333404 was killed by signal: 15, core dumped: no
[UID:1163][3210035] Child process with pid: 3333467 was killed by signal: 15, core dumped: no
[2026-03-29 08:14:15,839] ERROR in app: Exception on / [GET]
Traceback (most recent call last):
  File "/home/lpkd3153/virtualenv/yamaguchipwt/3.13/lib/python3.13/site-packages/mysql/connector/network.py", line 733, in open_connection
    self.sock.connect(sockaddr)
    ~~~~~~~~~~~~~~~~~^^^^^^^^^^
ConnectionRefusedError: [Errno 111] Connection refused

The above exception was the direct cause of the following exception:

Traceback (most recent call last):
  File "/home/lpkd3153/virtualenv/yamaguchipwt/3.13/lib/python3.13/site-packages/flask/app.py", line 2190, in wsgi_app
    response = self.full_dispatch_request()
  File "/home/lpkd3153/virtualenv/yamaguchipwt/3.13/lib/python3.13/site-packages/flask/app.py", line 1486, in full_dispatch_request
    rv = self.handle_user_exception(e)
  File "/home/lpkd3153/virtualenv/yamaguchipwt/3.13/lib/python3.13/site-packages/flask/app.py", line 1484, in full_dispatch_request
    rv = self.dispatch_request()
  File "/home/lpkd3153/virtualenv/yamaguchipwt/3.13/lib/python3.13/site-packages/flask/app.py", line 1469, in dispatch_request
    return self.ensure_sync(self.view_functions[rule.endpoint])(**view_args)
           ~~~~~~~~~~~~~~~~~~~~~~~~~~~~~~~~~~~~~~~~~~~~~~~~~~~~^^^^^^^^^^^^^
  File "/home/lpkd3153/yamaguchipwt/routes_main.py", line 18, in index
    db = get_db()
  File "/home/lpkd3153/yamaguchipwt/utils/database.py", line 7, in get_db
    g.db = mysql.connector.connect(**Config.DB_CONFIG)
           ~~~~~~~~~~~~~~~~~~~~~~~^^^^^^^^^^^^^^^^^^^^
  File "/home/lpkd3153/virtualenv/yamaguchipwt/3.13/lib/python3.13/site-packages/mysql/connector/pooling.py", line 294, in connect
    return MySQLConnection(*args, **kwargs)
  File "/home/lpkd3153/virtualenv/yamaguchipwt/3.13/lib/python3.13/site-packages/mysql/connector/connection.py", line 169, in __init__
    self.connect(**kwargs)
    ~~~~~~~~~~~~^^^^^^^^^^
  File "/home/lpkd3153/virtualenv/yamaguchipwt/3.13/lib/python3.13/site-packages/mysql/connector/abstracts.py", line 1217, in connect
    self._open_connection()
    ~~~~~~~~~~~~~~~~~~~~~^^
  File "/home/lpkd3153/virtualenv/yamaguchipwt/3.13/lib/python3.13/site-packages/mysql/connector/connection.py", line 575, in _open_connection
    self._socket.open_connection()
    ~~~~~~~~~~~~~~~~~~~~~~~~~~~~^^
  File "/home/lpkd3153/virtualenv/yamaguchipwt/3.13/lib/python3.13/site-packages/mysql/connector/network.py", line 735, in open_connection
    raise InterfaceError(
    ...<6 lines>...
    ) from err
mysql.connector.errors.InterfaceError: 2003: Can't connect to MySQL server on 'localhost:3306' (111 Connection refused)
[UID:1163][221307] Child process with pid: 221987 was killed by signal: 15, core dumped: no
[UID:1163][221307] Child process with pid: 221423 was killed by signal: 15, core dumped: no
[UID:1163][876374] Child process with pid: 887276 was killed by signal: 15, core dumped: no
[UID:1163][1585407] Child process with pid: 1585696 was killed by signal: 15, core dumped: no
[UID:1163][1585407] Child process with pid: 1585745 was killed by signal: 15, core dumped: no
[UID:1163][2057673] Child process with pid: 2057832 was killed by signal: 15, core dumped: no
[UID:1163][2057673] Child process with pid: 2057779 was killed by signal: 15, core dumped: no
[UID:1163][2057673] Child process with pid: 2057833 was killed by signal: 15, core dumped: no
[UID:1163][392214] Child process with pid: 392521 was killed by signal: 15, core dumped: no
[UID:1163][618688] Reached max children process limit: 6, extra: 2, current: 8, busy: 7, please increase LSAPI_CHILDREN.
[UID:1163][618688] Child process with pid: 619360 was killed by signal: 15, core dumped: no
[UID:1163][618688] Child process with pid: 619959 was killed by signal: 15, core dumped: no
[UID:1163][618688] Child process with pid: 758801 was killed by signal: 15, core dumped: no
[UID:1163][3931091] Child process with pid: 3931504 was killed by signal: 15, core dumped: no
[UID:1163][3931091] Child process with pid: 3931629 was killed by signal: 15, core dumped: no
[UID:1163][3931091] Child process with pid: 174048 was killed by signal: 15, core dumped: no
[UID:1163][3931091] Child process with pid: 175409 was killed by signal: 15, core dumped: no
[UID:1163][3931091] Child process with pid: 175514 was killed by signal: 15, core dumped: no
[UID:1163][3931091] Child process with pid: 175513 was killed by signal: 15, core dumped: no
[UID:1163][3931091] Child process with pid: 177360 was killed by signal: 15, core dumped: no
[UID:1163][3931091] Child process with pid: 177428 was killed by signal: 15, core dumped: no
[UID:1163][3931091] Child process with pid: 177501 was killed by signal: 15, core dumped: no
[UID:1163][3931091] Child process with pid: 177691 was killed by signal: 15, core dumped: no
[UID:1163][3931091] Child process with pid: 177728 was killed by signal: 15, core dumped: no
[UID:1163][3931091] Child process with pid: 175581 was killed by signal: 15, core dumped: no
[UID:1163][3931091] Child process with pid: 177954 was killed by signal: 15, core dumped: no
[UID:1163][3931091] Child process with pid: 177964 was killed by signal: 15, core dumped: no
[UID:1163][3931091] Child process with pid: 178101 was killed by signal: 15, core dumped: no
[UID:1163][3931091] Child process with pid: 178215 was killed by signal: 15, core dumped: no
[UID:1163][3931091] Child process with pid: 178224 was killed by signal: 15, core dumped: no
[UID:1163][3931091] Child process with pid: 178279 was killed by signal: 15, core dumped: no
[UID:1163][3931091] Child process with pid: 178283 was killed by signal: 15, core dumped: no
[UID:1163][3931091] Child process with pid: 178340 was killed by signal: 15, core dumped: no
[UID:1163][3931091] Child process with pid: 178416 was killed by signal: 15, core dumped: no
[UID:1163][3931091] Child process with pid: 178631 was killed by signal: 15, core dumped: no
[UID:1163][3931091] Child process with pid: 178665 was killed by signal: 15, core dumped: no
[UID:1163][3931091] Child process with pid: 178771 was killed by signal: 15, core dumped: no
[UID:1163][3931091] Child process with pid: 178849 was killed by signal: 15, core dumped: no
[UID:1163][3931091] Child process with pid: 179010 was killed by signal: 15, core dumped: no
[UID:1163][3931091] Child process with pid: 179019 was killed by signal: 15, core dumped: no
[UID:1163][3931091] Child process with pid: 179073 was killed by signal: 15, core dumped: no
[UID:1163][3931091] Child process with pid: 179546 was killed by signal: 15, core dumped: no
[UID:1163][455477] Child process with pid: 455921 was killed by signal: 15, core dumped: no
[UID:1163][455477] Child process with pid: 456005 was killed by signal: 15, core dumped: no
[UID:1163][469580] Child process with pid: 469905 was killed by signal: 15, core dumped: no
[UID:1163][469580] Child process with pid: 470045 was killed by signal: 15, core dumped: no
[UID:1163][469580] Child process with pid: 470083 was killed by signal: 15, core dumped: no
[UID:1163][469580] Child process with pid: 470111 was killed by signal: 15, core dumped: no
[UID:1163][469580] Child process with pid: 470174 was killed by signal: 15, core dumped: no
[UID:1163][469580] Child process with pid: 470213 was killed by signal: 15, core dumped: no
[UID:1163][469580] Child process with pid: 470226 was killed by signal: 15, core dumped: no
[UID:1163][469580] Child process with pid: 470290 was killed by signal: 15, core dumped: no
[UID:1163][469580] Child process with pid: 470326 was killed by signal: 15, core dumped: no
[UID:1163][469580] Child process with pid: 470412 was killed by signal: 15, core dumped: no
[UID:1163][469580] Child process with pid: 470519 was killed by signal: 15, core dumped: no
[UID:1163][469580] Child process with pid: 470629 was killed by signal: 15, core dumped: no
[UID:1163][469580] Child process with pid: 470651 was killed by signal: 15, core dumped: no
[UID:1163][469580] Child process with pid: 470703 was killed by signal: 15, core dumped: no
[UID:1163][469580] Child process with pid: 470731 was killed by signal: 15, core dumped: no
[UID:1163][469580] Child process with pid: 470733 was killed by signal: 15, core dumped: no
[UID:1163][469580] Child process with pid: 470813 was killed by signal: 15, core dumped: no
[UID:1163][469580] Child process with pid: 470840 was killed by signal: 15, core dumped: no
[UID:1163][469580] Child process with pid: 470866 was killed by signal: 15, core dumped: no
[UID:1163][469580] Child process with pid: 471059 was killed by signal: 15, core dumped: no
[UID:1163][469580] Child process with pid: 471102 was killed by signal: 15, core dumped: no
[UID:1163][469580] Child process with pid: 471241 was killed by signal: 15, core dumped: no
[UID:1163][469580] Child process with pid: 471283 was killed by signal: 15, core dumped: no
[UID:1163][469580] Child process with pid: 481459 was killed by signal: 15, core dumped: no
[UID:1163][469580] Child process with pid: 481651 was killed by signal: 15, core dumped: no
[UID:1163][469580] Child process with pid: 481669 was killed by signal: 15, core dumped: no
[UID:1163][469580] Child process with pid: 481713 was killed by signal: 15, core dumped: no
[UID:1163][469580] Child process with pid: 481728 was killed by signal: 15, core dumped: no
[UID:1163][469580] Child process with pid: 481741 was killed by signal: 15, core dumped: no
[UID:1163][469580] Child process with pid: 481772 was killed by signal: 15, core dumped: no
[UID:1163][469580] Child process with pid: 481783 was killed by signal: 15, core dumped: no
[UID:1163][469580] Child process with pid: 481803 was killed by signal: 15, core dumped: no
[UID:1163][469580] Child process with pid: 481851 was killed by signal: 15, core dumped: no
[UID:1163][469580] Child process with pid: 481874 was killed by signal: 15, core dumped: no
[UID:1163][469580] Child process with pid: 482042 was killed by signal: 15, core dumped: no
[UID:1163][469580] Child process with pid: 482075 was killed by signal: 15, core dumped: no
[UID:1163][469580] Child process with pid: 482088 was killed by signal: 15, core dumped: no
[UID:1163][469580] Child process with pid: 482105 was killed by signal: 15, core dumped: no
[UID:1163][469580] Child process with pid: 482122 was killed by signal: 15, core dumped: no
[UID:1163][469580] Child process with pid: 482138 was killed by signal: 15, core dumped: no
[UID:1163][469580] Child process with pid: 482177 was killed by signal: 15, core dumped: no
[UID:1163][469580] Child process with pid: 482226 was killed by signal: 15, core dumped: no
[UID:1163][469580] Child process with pid: 482238 was killed by signal: 15, core dumped: no
[UID:1163][469580] Child process with pid: 482278 was killed by signal: 15, core dumped: no
[UID:1163][469580] Child process with pid: 482296 was killed by signal: 15, core dumped: no
[UID:1163][469580] Child process with pid: 482312 was killed by signal: 15, core dumped: no
[UID:1163][469580] Child process with pid: 482333 was killed by signal: 15, core dumped: no
[UID:1163][469580] Child process with pid: 482379 was killed by signal: 15, core dumped: no
[UID:1163][469580] Child process with pid: 482394 was killed by signal: 15, core dumped: no
[UID:1163][469580] Child process with pid: 482411 was killed by signal: 15, core dumped: no
[UID:1163][469580] Child process with pid: 482439 was killed by signal: 15, core dumped: no
[UID:1163][469580] Child process with pid: 482464 was killed by signal: 15, core dumped: no
[UID:1163][469580] Child process with pid: 482529 was killed by signal: 15, core dumped: no
[UID:1163][469580] Child process with pid: 482610 was killed by signal: 15, core dumped: no
[UID:1163][469580] Child process with pid: 482624 was killed by signal: 15, core dumped: no
[UID:1163][469580] Child process with pid: 482650 was killed by signal: 15, core dumped: no
[UID:1163][469580] Child process with pid: 482677 was killed by signal: 15, core dumped: no
[UID:1163][469580] Child process with pid: 482685 was killed by signal: 15, core dumped: no
[UID:1163][469580] Child process with pid: 482700 was killed by signal: 15, core dumped: no
[UID:1163][469580] Child process with pid: 483133 was killed by signal: 15, core dumped: no
[UID:1163][469580] Child process with pid: 548157 was killed by signal: 15, core dumped: no
[UID:1163][469580] Child process with pid: 548166 was killed by signal: 15, core dumped: no
[UID:1163][469580] Child process with pid: 567256 was killed by signal: 15, core dumped: no
[UID:1163][469580] Child process with pid: 567285 was killed by signal: 15, core dumped: no
[UID:1163][469580] Child process with pid: 583260 was killed by signal: 15, core dumped: no
[UID:1163][469580] Child process with pid: 583278 was killed by signal: 15, core dumped: no
[UID:1163][469580] Child process with pid: 584057 was killed by signal: 15, core dumped: no
[UID:1163][469580] Child process with pid: 605202 was killed by signal: 15, core dumped: no
[UID:1163][469580] Child process with pid: 605391 was killed by signal: 15, core dumped: no
[UID:1163][469580] Child process with pid: 605403 was killed by signal: 15, core dumped: no
[UID:1163][469580] Child process with pid: 606055 was killed by signal: 15, core dumped: no
[UID:1163][469580] Child process with pid: 606130 was killed by signal: 15, core dumped: no
[UID:1163][469580] Child process with pid: 606163 was killed by signal: 15, core dumped: no
[UID:1163][469580] Child process with pid: 606166 was killed by signal: 15, core dumped: no
[UID:1163][469580] Child process with pid: 606182 was killed by signal: 15, core dumped: no
[UID:1163][469580] Child process with pid: 606194 was killed by signal: 15, core dumped: no
[UID:1163][469580] Child process with pid: 606209 was killed by signal: 15, core dumped: no
[UID:1163][469580] Child process with pid: 606229 was killed by signal: 15, core dumped: no
[UID:1163][469580] Child process with pid: 606248 was killed by signal: 15, core dumped: no
[UID:1163][469580] Child process with pid: 606271 was killed by signal: 15, core dumped: no
[UID:1163][469580] Child process with pid: 606318 was killed by signal: 15, core dumped: no
[UID:1163][469580] Child process with pid: 606456 was killed by signal: 15, core dumped: no
[UID:1163][469580] Child process with pid: 606485 was killed by signal: 15, core dumped: no
[UID:1163][469580] Child process with pid: 606505 was killed by signal: 15, core dumped: no
[UID:1163][469580] Child process with pid: 606627 was killed by signal: 15, core dumped: no
[UID:1163][469580] Child process with pid: 606707 was killed by signal: 15, core dumped: no
[UID:1163][469580] Child process with pid: 606976 was killed by signal: 15, core dumped: no
[UID:1163][469580] Child process with pid: 607013 was killed by signal: 15, core dumped: no
[UID:1163][469580] Child process with pid: 607038 was killed by signal: 15, core dumped: no
[UID:1163][469580] Child process with pid: 607106 was killed by signal: 15, core dumped: no
[UID:1163][469580] Child process with pid: 607172 was killed by signal: 15, core dumped: no
[UID:1163][469580] Child process with pid: 607365 was killed by signal: 15, core dumped: no
[UID:1163][469580] Child process with pid: 607396 was killed by signal: 15, core dumped: no
[UID:1163][469580] Child process with pid: 607424 was killed by signal: 15, core dumped: no
[UID:1163][868463] Child process with pid: 868690 was killed by signal: 15, core dumped: no
[UID:1163][868463] Child process with pid: 869919 was killed by signal: 15, core dumped: no
[UID:1163][868463] Child process with pid: 869926 was killed by signal: 15, core dumped: no
[UID:1163][868463] Child process with pid: 869936 was killed by signal: 15, core dumped: no
[UID:1163][868463] Child process with pid: 869942 was killed by signal: 15, core dumped: no
[UID:1163][868463] Child process with pid: 869960 was killed by signal: 15, core dumped: no
[UID:1163][868463] Child process with pid: 869970 was killed by signal: 15, core dumped: no
[UID:1163][868463] Child process with pid: 869996 was killed by signal: 15, core dumped: no
[UID:1163][868463] Child process with pid: 870027 was killed by signal: 15, core dumped: no
[UID:1163][868463] Child process with pid: 870045 was killed by signal: 15, core dumped: no
[UID:1163][868463] Child process with pid: 870068 was killed by signal: 15, core dumped: no
[UID:1163][868463] Child process with pid: 870072 was killed by signal: 15, core dumped: no
[UID:1163][868463] Child process with pid: 870085 was killed by signal: 15, core dumped: no
[UID:1163][868463] Child process with pid: 870091 was killed by signal: 15, core dumped: no
[UID:1163][868463] Child process with pid: 870106 was killed by signal: 15, core dumped: no
[UID:1163][868463] Child process with pid: 870112 was killed by signal: 15, core dumped: no
[UID:1163][868463] Child process with pid: 870135 was killed by signal: 15, core dumped: no
[UID:1163][868463] Child process with pid: 870865 was killed by signal: 15, core dumped: no
[UID:1163][868463] Child process with pid: 884149 was killed by signal: 15, core dumped: no
[UID:1163][868463] Child process with pid: 917341 was killed by signal: 15, core dumped: no
[UID:1163][868463] Child process with pid: 936121 was killed by signal: 15, core dumped: no
[UID:1163][868463] Child process with pid: 936127 was killed by signal: 15, core dumped: no
[UID:1163][868463] Child process with pid: 936934 was killed by signal: 15, core dumped: no
[UID:1163][868463] Child process with pid: 937001 was killed by signal: 15, core dumped: no
[UID:1163][868463] Child process with pid: 937020 was killed by signal: 15, core dumped: no
[UID:1163][868463] Child process with pid: 937036 was killed by signal: 15, core dumped: no
[UID:1163][868463] Child process with pid: 937064 was killed by signal: 15, core dumped: no
[UID:1163][868463] Child process with pid: 937094 was killed by signal: 15, core dumped: no
[UID:1163][868463] Child process with pid: 937135 was killed by signal: 15, core dumped: no
[UID:1163][868463] Child process with pid: 937142 was killed by signal: 15, core dumped: no
[UID:1163][868463] Child process with pid: 937167 was killed by signal: 15, core dumped: no
[UID:1163][868463] Child process with pid: 937199 was killed by signal: 15, core dumped: no
[UID:1163][868463] Child process with pid: 937204 was killed by signal: 15, core dumped: no
[UID:1163][868463] Child process with pid: 937239 was killed by signal: 15, core dumped: no
[UID:1163][868463] Child process with pid: 937286 was killed by signal: 15, core dumped: no
[UID:1163][868463] Child process with pid: 937297 was killed by signal: 15, core dumped: no
[UID:1163][868463] Child process with pid: 937313 was killed by signal: 15, core dumped: no
[UID:1163][868463] Child process with pid: 937348 was killed by signal: 15, core dumped: no
[UID:1163][868463] Child process with pid: 937374 was killed by signal: 15, core dumped: no
[UID:1163][868463] Child process with pid: 937396 was killed by signal: 15, core dumped: no
[UID:1163][868463] Child process with pid: 937414 was killed by signal: 15, core dumped: no
[UID:1163][868463] Child process with pid: 937449 was killed by signal: 15, core dumped: no
[UID:1163][868463] Child process with pid: 937479 was killed by signal: 15, core dumped: no
[UID:1163][868463] Child process with pid: 937529 was killed by signal: 15, core dumped: no
[UID:1163][868463] Child process with pid: 937551 was killed by signal: 15, core dumped: no
[UID:1163][868463] Child process with pid: 937587 was killed by signal: 15, core dumped: no
[UID:1163][868463] Child process with pid: 937614 was killed by signal: 15, core dumped: no
[UID:1163][868463] Child process with pid: 937630 was killed by signal: 15, core dumped: no
[UID:1163][868463] Child process with pid: 937672 was killed by signal: 15, core dumped: no
[UID:1163][868463] Child process with pid: 937690 was killed by signal: 15, core dumped: no
[UID:1163][868463] Child process with pid: 937989 was killed by signal: 15, core dumped: no
[UID:1163][868463] Child process with pid: 938011 was killed by signal: 15, core dumped: no
[UID:1163][868463] Child process with pid: 938031 was killed by signal: 15, core dumped: no
[UID:1163][868463] Child process with pid: 938059 was killed by signal: 15, core dumped: no
[UID:1163][868463] Child process with pid: 938083 was killed by signal: 15, core dumped: no
[UID:1163][868463] Child process with pid: 938114 was killed by signal: 15, core dumped: no
[UID:1163][868463] Child process with pid: 938147 was killed by signal: 15, core dumped: no
[UID:1163][868463] Child process with pid: 938187 was killed by signal: 15, core dumped: no
[UID:1163][868463] Child process with pid: 938212 was killed by signal: 15, core dumped: no
[UID:1163][868463] Child process with pid: 938244 was killed by signal: 15, core dumped: no
[UID:1163][868463] Child process with pid: 938278 was killed by signal: 15, core dumped: no
[UID:1163][868463] Child process with pid: 938298 was killed by signal: 15, core dumped: no
[UID:1163][868463] Child process with pid: 938332 was killed by signal: 15, core dumped: no
[UID:1163][868463] Child process with pid: 938352 was killed by signal: 15, core dumped: no
[UID:1163][868463] Child process with pid: 938396 was killed by signal: 15, core dumped: no
[UID:1163][868463] Child process with pid: 938419 was killed by signal: 15, core dumped: no
[UID:1163][868463] Child process with pid: 938450 was killed by signal: 15, core dumped: no
[UID:1163][868463] Child process with pid: 938667 was killed by signal: 15, core dumped: no
[UID:1163][868463] Child process with pid: 938940 was killed by signal: 15, core dumped: no
[UID:1163][868463] Child process with pid: 939326 was killed by signal: 15, core dumped: no
[UID:1163][868463] Child process with pid: 939400 was killed by signal: 15, core dumped: no
[UID:1163][868463] Child process with pid: 939743 was killed by signal: 15, core dumped: no
[UID:1163][868463] Child process with pid: 939840 was killed by signal: 15, core dumped: no
[UID:1163][868463] Child process with pid: 939893 was killed by signal: 15, core dumped: no
[UID:1163][868463] Child process with pid: 939915 was killed by signal: 15, core dumped: no
[UID:1163][868463] Child process with pid: 939998 was killed by signal: 15, core dumped: no
[UID:1163][868463] Child process with pid: 940071 was killed by signal: 15, core dumped: no
[UID:1163][868463] Child process with pid: 940113 was killed by signal: 15, core dumped: no
[UID:1163][868463] Child process with pid: 940167 was killed by signal: 15, core dumped: no
[UID:1163][868463] Child process with pid: 940231 was killed by signal: 15, core dumped: no
[UID:1163][868463] Child process with pid: 940269 was killed by signal: 15, core dumped: no
[UID:1163][868463] Child process with pid: 940321 was killed by signal: 15, core dumped: no
[UID:1163][868463] Child process with pid: 1058924 was killed by signal: 15, core dumped: no
[UID:1163][868463] Child process with pid: 1058966 was killed by signal: 15, core dumped: no
[UID:1163][868463] Child process with pid: 1063378 was killed by signal: 15, core dumped: no
[UID:1163][868463] Child process with pid: 1063596 was killed by signal: 15, core dumped: no
[UID:1163][868463] Child process with pid: 1063965 was killed by signal: 15, core dumped: no
[UID:1163][868463] Child process with pid: 1063982 was killed by signal: 15, core dumped: no
[UID:1163][868463] Child process with pid: 1064012 was killed by signal: 15, core dumped: no
[UID:1163][868463] Child process with pid: 1064044 was killed by signal: 15, core dumped: no
[UID:1163][868463] Child process with pid: 1064063 was killed by signal: 15, core dumped: no
[UID:1163][868463] Child process with pid: 1064095 was killed by signal: 15, core dumped: no
[UID:1163][868463] Child process with pid: 1064122 was killed by signal: 15, core dumped: no
[UID:1163][868463] Child process with pid: 1064130 was killed by signal: 15, core dumped: no
[UID:1163][868463] Child process with pid: 1064196 was killed by signal: 15, core dumped: no
[UID:1163][868463] Child process with pid: 1064223 was killed by signal: 15, core dumped: no
[UID:1163][868463] Child process with pid: 1064231 was killed by signal: 15, core dumped: no
[UID:1163][868463] Child process with pid: 1076978 was killed by signal: 15, core dumped: no
[UID:1163][2222574] Child process with pid: 2315658 was killed by signal: 15, core dumped: no
[UID:1163][2222574] Child process with pid: 2315661 was killed by signal: 15, core dumped: no
[UID:1163][3575301] Child process with pid: 3731532 was killed by signal: 15, core dumped: no
[UID:1163][3183635] Child process with pid: 3183955 was killed by signal: 15, core dumped: no
[UID:1163][211573] Child process with pid: 212573 was killed by signal: 15, core dumped: no
[UID:1163][211573] Child process with pid: 215322 was killed by signal: 15, core dumped: no
[UID:1163][1861795] Child process with pid: 1977701 was killed by signal: 15, core dumped: no
[UID:1163][498849] Child process with pid: 566282 was killed by signal: 15, core dumped: no
[UID:1163][779581] Child process with pid: 862892 was killed by signal: 15, core dumped: no
[UID:1163][779581] Child process with pid: 862891 was killed by signal: 15, core dumped: no
[UID:1163][779581] Child process with pid: 1173368 was killed by signal: 15, core dumped: no
[UID:1163][779581] Child process with pid: 1173830 was killed by signal: 15, core dumped: no
[UID:1163][3193225] Child process with pid: 3366399 was killed by signal: 15, core dumped: no
[UID:1163][3193225] Child process with pid: 3366397 was killed by signal: 15, core dumped: no
[UID:1163][121891] Child process with pid: 124169 was killed by signal: 15, core dumped: no
[UID:1163][121891] Child process with pid: 126311 was killed by signal: 15, core dumped: no
[UID:1163][2800733] Child process with pid: 2801230 was killed by signal: 15, core dumped: no
[UID:1163][2800733] Child process with pid: 2801559 was killed by signal: 15, core dumped: no
[UID:1163][445754] Child process with pid: 446668 was killed by signal: 15, core dumped: no
[UID:1163][445754] Child process with pid: 446688 was killed by signal: 15, core dumped: no
[UID:1163][445754] Child process with pid: 454198 was killed by signal: 15, core dumped: no
[UID:1163][445754] Child process with pid: 455741 was killed by signal: 15, core dumped: no
[UID:1163][445754] Child process with pid: 455569 was killed by signal: 15, core dumped: no
[UID:1163][445754] Child process with pid: 455567 was killed by signal: 15, core dumped: no
[UID:1163][445754] Child process with pid: 460874 was killed by signal: 15, core dumped: no
[UID:1163][445754] Child process with pid: 459958 was killed by signal: 15, core dumped: no
[UID:1163][445754] Child process with pid: 465172 was killed by signal: 15, core dumped: no
[UID:1163][2975116] Child process with pid: 2975307 was killed by signal: 15, core dumped: no
[UID:1163][2975116] Reached max children process limit: 6, extra: 2, current: 8, busy: 8, please increase LSAPI_CHILDREN.
[UID:1163][2975116] Reached max children process limit: 6, extra: 2, current: 8, busy: 8, please increase LSAPI_CHILDREN.
[UID:1163][2975116] Reached max children process limit: 6, extra: 2, current: 8, busy: 8, please increase LSAPI_CHILDREN.
[UID:1163][2975116] Reached max children process limit: 6, extra: 2, current: 8, busy: 8, please increase LSAPI_CHILDREN.
[UID:1163][2975116] Reached max children process limit: 6, extra: 2, current: 8, busy: 8, please increase LSAPI_CHILDREN.
[UID:1163][2975116] Child process with pid: 2992411 was killed by signal: 15, core dumped: no
[UID:1163][2975116] Reached max children process limit: 6, extra: 2, current: 8, busy: 7, please increase LSAPI_CHILDREN.
[UID:1163][2975116] Reached max children process limit: 6, extra: 2, current: 8, busy: 8, please increase LSAPI_CHILDREN.
[UID:1163][2975116] Reached max children process limit: 6, extra: 2, current: 8, busy: 8, please increase LSAPI_CHILDREN.
[UID:1163][2975116] Reached max children process limit: 6, extra: 2, current: 8, busy: 8, please increase LSAPI_CHILDREN.
[UID:1163][2975116] Reached max children process limit: 6, extra: 2, current: 8, busy: 8, please increase LSAPI_CHILDREN.
[UID:1163][2975116] Reached max children process limit: 6, extra: 2, current: 8, busy: 8, please increase LSAPI_CHILDREN.
[UID:1163][2975116] Reached max children process limit: 6, extra: 2, current: 8, busy: 8, please increase LSAPI_CHILDREN.
[UID:1163][2975116] Reached max children process limit: 6, extra: 2, current: 8, busy: 8, please increase LSAPI_CHILDREN.
[UID:1163][2975116] Reached max children process limit: 6, extra: 2, current: 8, busy: 8, please increase LSAPI_CHILDREN.
[UID:1163][2975116] Reached max children process limit: 6, extra: 2, current: 8, busy: 8, please increase LSAPI_CHILDREN.
[UID:1163][2975116] Reached max children process limit: 6, extra: 2, current: 8, busy: 8, please increase LSAPI_CHILDREN.
[UID:1163][2975116] Reached max children process limit: 6, extra: 2, current: 8, busy: 8, please increase LSAPI_CHILDREN.
[UID:1163][2975116] Reached max children process limit: 6, extra: 2, current: 8, busy: 8, please increase LSAPI_CHILDREN.
[UID:1163][2975116] Reached max children process limit: 6, extra: 2, current: 8, busy: 8, please increase LSAPI_CHILDREN.
[UID:1163][2975116] Reached max children process limit: 6, extra: 2, current: 8, busy: 8, please increase LSAPI_CHILDREN.
[UID:1163][2975116] Reached max children process limit: 6, extra: 2, current: 8, busy: 8, please increase LSAPI_CHILDREN.
[UID:1163][2975116] Reached max children process limit: 6, extra: 2, current: 8, busy: 8, please increase LSAPI_CHILDREN.
[UID:1163][2975116] Reached max children process limit: 6, extra: 2, current: 8, busy: 8, please increase LSAPI_CHILDREN.
[UID:1163][2975116] Reached max children process limit: 6, extra: 2, current: 8, busy: 8, please increase LSAPI_CHILDREN.
[UID:1163][2975116] Reached max children process limit: 6, extra: 2, current: 8, busy: 8, please increase LSAPI_CHILDREN.
[UID:1163][2975116] Reached max children process limit: 6, extra: 2, current: 8, busy: 8, please increase LSAPI_CHILDREN.
[UID:1163][2975116] Reached max children process limit: 6, extra: 2, current: 8, busy: 7, please increase LSAPI_CHILDREN.
[UID:1163][2975116] Child process with pid: 2992820 was killed by signal: 15, core dumped: no
[UID:1163][2975116] Child process with pid: 2994752 was killed by signal: 15, core dumped: no
[UID:1163][2975116] Child process with pid: 2994900 was killed by signal: 15, core dumped: no
[UID:1163][2975116] Child process with pid: 2994930 was killed by signal: 15, core dumped: no
[UID:1163][2975116] Child process with pid: 2994979 was killed by signal: 15, core dumped: no
[UID:1163][2975116] Child process with pid: 2994987 was killed by signal: 15, core dumped: no
[UID:1163][2975116] Child process with pid: 2995050 was killed by signal: 15, core dumped: no
[UID:1163][2975116] Child process with pid: 2995067 was killed by signal: 15, core dumped: no
[UID:1163][2975116] Child process with pid: 2995137 was killed by signal: 15, core dumped: no
[UID:1163][2975116] Child process with pid: 2995176 was killed by signal: 15, core dumped: no
[UID:1163][2975116] Child process with pid: 2995214 was killed by signal: 15, core dumped: no
[UID:1163][2975116] Child process with pid: 2995239 was killed by signal: 15, core dumped: no
[UID:1163][2975116] Child process with pid: 2995306 was killed by signal: 15, core dumped: no
[UID:1163][2975116] Child process with pid: 2995379 was killed by signal: 15, core dumped: no
[UID:1163][2975116] Child process with pid: 2995482 was killed by signal: 15, core dumped: no
[UID:1163][2975116] Child process with pid: 2993534 was killed by signal: 15, core dumped: no
[UID:1163][2975116] Child process with pid: 2995655 was killed by signal: 15, core dumped: no
[UID:1163][2975116] Child process with pid: 2995678 was killed by signal: 15, core dumped: no
[UID:1163][2975116] Child process with pid: 2995710 was killed by signal: 15, core dumped: no
[UID:1163][2975116] Child process with pid: 2995787 was killed by signal: 15, core dumped: no
[UID:1163][2975116] Child process with pid: 2995807 was killed by signal: 15, core dumped: no
[UID:1163][1490089] Child process with pid: 1491733 was killed by signal: 15, core dumped: no
[UID:1163][1490089] Child process with pid: 1492026 was killed by signal: 15, core dumped: no
[UID:1163][859868] Child process with pid: 860137 was killed by signal: 15, core dumped: no
[UID:1163][859868] Child process with pid: 860754 was killed by signal: 15, core dumped: no
[UID:1163][3103182] Child process with pid: 3172264 was killed by signal: 15, core dumped: no
[UID:1163][3103182] Child process with pid: 3172387 was killed by signal: 15, core dumped: no
[UID:1163][3103182] Child process with pid: 3172266 was killed by signal: 15, core dumped: no
[UID:1163][3103182] Child process with pid: 3171849 was killed by signal: 15, core dumped: no
[UID:1163][3103182] Child process with pid: 3177154 was killed by signal: 15, core dumped: no
[UID:1163][3103182] Child process with pid: 3177204 was killed by signal: 15, core dumped: no
[UID:1163][210891] Child process with pid: 304272 was killed by signal: 15, core dumped: no
[UID:1163][210891] Child process with pid: 304379 was killed by signal: 15, core dumped: no
[UID:1163][210891] Child process with pid: 305488 was killed by signal: 15, core dumped: no
[UID:1163][210891] Child process with pid: 305793 was killed by signal: 15, core dumped: no
[UID:1163][210891] Child process with pid: 306030 was killed by signal: 15, core dumped: no
[UID:1163][2225783] Reached max children process limit: 6, extra: 2, current: 8, busy: 7, please increase LSAPI_CHILDREN.
[UID:1163][2225783] Reached max children process limit: 6, extra: 2, current: 8, busy: 8, please increase LSAPI_CHILDREN.
[UID:1163][2225783] Reached max children process limit: 6, extra: 2, current: 8, busy: 8, please increase LSAPI_CHILDREN.
[UID:1163][2225783] Reached max children process limit: 6, extra: 2, current: 8, busy: 8, please increase LSAPI_CHILDREN.
[UID:1163][2225783] Reached max children process limit: 6, extra: 2, current: 8, busy: 8, please increase LSAPI_CHILDREN.
[UID:1163][2225783] Reached max children process limit: 6, extra: 2, current: 8, busy: 8, please increase LSAPI_CHILDREN.
[UID:1163][2225783] Reached max children process limit: 6, extra: 2, current: 8, busy: 7, please increase LSAPI_CHILDREN.
[UID:1163][2225783] Reached max children process limit: 6, extra: 2, current: 8, busy: 7, please increase LSAPI_CHILDREN.
[UID:1163][2225783] Reached max children process limit: 6, extra: 2, current: 8, busy: 7, please increase LSAPI_CHILDREN.
[UID:1163][2225783] Reached max children process limit: 6, extra: 2, current: 8, busy: 7, please increase LSAPI_CHILDREN.
[UID:1163][2225783] Reached max children process limit: 6, extra: 2, current: 8, busy: 7, please increase LSAPI_CHILDREN.
[UID:1163][2225783] Reached max children process limit: 6, extra: 2, current: 8, busy: 8, please increase LSAPI_CHILDREN.
[UID:1163][2225783] Reached max children process limit: 6, extra: 2, current: 8, busy: 8, please increase LSAPI_CHILDREN.
[UID:1163][2225783] Reached max children process limit: 6, extra: 2, current: 8, busy: 8, please increase LSAPI_CHILDREN.
[UID:1163][2225783] Reached max children process limit: 6, extra: 2, current: 8, busy: 8, please increase LSAPI_CHILDREN.
[UID:1163][2225783] Reached max children process limit: 6, extra: 2, current: 8, busy: 8, please increase LSAPI_CHILDREN.
[UID:1163][2225783] Reached max children process limit: 6, extra: 2, current: 8, busy: 8, please increase LSAPI_CHILDREN.
[UID:1163][2225783] Reached max children process limit: 6, extra: 2, current: 8, busy: 8, please increase LSAPI_CHILDREN.
[UID:1163][2225783] Reached max children process limit: 6, extra: 2, current: 8, busy: 8, please increase LSAPI_CHILDREN.
[UID:1163][2225783] Reached max children process limit: 6, extra: 2, current: 8, busy: 8, please increase LSAPI_CHILDREN.
[UID:1163][2225783] Reached max children process limit: 6, extra: 2, current: 8, busy: 8, please increase LSAPI_CHILDREN.
[UID:1163][2225783] Reached max children process limit: 6, extra: 2, current: 8, busy: 8, please increase LSAPI_CHILDREN.
[UID:1163][2225783] Reached max children process limit: 6, extra: 2, current: 8, busy: 8, please increase LSAPI_CHILDREN.
[UID:1163][2225783] Reached max children process limit: 6, extra: 2, current: 8, busy: 8, please increase LSAPI_CHILDREN.
[UID:1163][2225783] Reached max children process limit: 6, extra: 2, current: 8, busy: 8, please increase LSAPI_CHILDREN.
[UID:1163][2225783] Reached max children process limit: 6, extra: 2, current: 8, busy: 8, please increase LSAPI_CHILDREN.
[UID:1163][2225783] Child process with pid: 2260596 was killed by signal: 15, core dumped: no
[UID:1163][2225783] Child process with pid: 2260262 was killed by signal: 15, core dumped: no
[UID:1163][2225783] Child process with pid: 2260289 was killed by signal: 15, core dumped: no
[UID:1163][2225783] Child process with pid: 2261457 was killed by signal: 15, core dumped: no
[UID:1163][2225783] Child process with pid: 2263825 was killed by signal: 15, core dumped: no
[UID:1163][2225783] Child process with pid: 2263952 was killed by signal: 15, core dumped: no
[UID:1163][2225783] Child process with pid: 2264057 was killed by signal: 15, core dumped: no
[UID:1163][2225783] Child process with pid: 2264060 was killed by signal: 15, core dumped: no
[UID:1163][2225783] Child process with pid: 2264124 was killed by signal: 15, core dumped: no
[UID:1163][2225783] Child process with pid: 2264250 was killed by signal: 15, core dumped: no
[UID:1163][2225783] Child process with pid: 2264529 was killed by signal: 15, core dumped: no
[UID:1163][2225783] Child process with pid: 2264682 was killed by signal: 15, core dumped: no
[UID:1163][2225783] Child process with pid: 2265649 was killed by signal: 15, core dumped: no
[UID:1163][2225783] Child process with pid: 2265814 was killed by signal: 15, core dumped: no
[UID:1163][2623872] Child process with pid: 2626300 was killed by signal: 15, core dumped: no
[UID:1163][2623872] Child process with pid: 2626628 was killed by signal: 15, core dumped: no
[UID:1163][1008313] Child process with pid: 1259648 was killed by signal: 15, core dumped: no
[UID:1163][1008313] Child process with pid: 1259413 was killed by signal: 15, core dumped: no
[UID:1163][1008313] Child process with pid: 1259719 was killed by signal: 15, core dumped: no
[UID:1163][1008313] Child process with pid: 1260655 was killed by signal: 15, core dumped: no
[UID:1163][1008313] Child process with pid: 1260671 was killed by signal: 15, core dumped: no
[UID:1163][1008313] Child process with pid: 1260694 was killed by signal: 15, core dumped: no
[UID:1163][1008313] Child process with pid: 1260706 was killed by signal: 15, core dumped: no
[UID:1163][1008313] Child process with pid: 1260727 was killed by signal: 15, core dumped: no
[UID:1163][1008313] Child process with pid: 1260741 was killed by signal: 15, core dumped: no
[UID:1163][1008313] Child process with pid: 1260761 was killed by signal: 15, core dumped: no
[UID:1163][1008313] Child process with pid: 1260767 was killed by signal: 15, core dumped: no
[UID:1163][1008313] Child process with pid: 1260776 was killed by signal: 15, core dumped: no
[UID:1163][1008313] Child process with pid: 1260782 was killed by signal: 15, core dumped: no
[UID:1163][1008313] Child process with pid: 1260817 was killed by signal: 15, core dumped: no
[UID:1163][1008313] Child process with pid: 1260830 was killed by signal: 15, core dumped: no
[UID:1163][1008313] Child process with pid: 1260854 was killed by signal: 15, core dumped: no
[UID:1163][1008313] Child process with pid: 1260859 was killed by signal: 15, core dumped: no
[UID:1163][1008313] Child process with pid: 1260878 was killed by signal: 15, core dumped: no
[UID:1163][1008313] Child process with pid: 1260897 was killed by signal: 15, core dumped: no
[UID:1163][1008313] Child process with pid: 1260920 was killed by signal: 15, core dumped: no
[UID:1163][1008313] Child process with pid: 1260924 was killed by signal: 15, core dumped: no
[UID:1163][1008313] Child process with pid: 1260934 was killed by signal: 15, core dumped: no
[UID:1163][1008313] Child process with pid: 1260942 was killed by signal: 15, core dumped: no
[UID:1163][1008313] Child process with pid: 1260946 was killed by signal: 15, core dumped: no
[UID:1163][1008313] Child process with pid: 1260956 was killed by signal: 15, core dumped: no
[UID:1163][1008313] Child process with pid: 1260968 was killed by signal: 15, core dumped: no
[UID:1163][1008313] Child process with pid: 1260994 was killed by signal: 15, core dumped: no
[UID:1163][1008313] Child process with pid: 1275161 was killed by signal: 15, core dumped: no
[UID:1163][1008313] Child process with pid: 1303171 was killed by signal: 15, core dumped: no
[UID:1163][1582207] Child process with pid: 1582373 was killed by signal: 15, core dumped: no
[UID:1163][1582207] Child process with pid: 1582382 was killed by signal: 15, core dumped: no
[UID:1163][1582207] Child process with pid: 1582403 was killed by signal: 15, core dumped: no
[UID:1163][1582207] Child process with pid: 1582445 was killed by signal: 15, core dumped: no
[UID:1163][1582207] Child process with pid: 1582471 was killed by signal: 15, core dumped: no
[UID:1163][1582207] Child process with pid: 1582495 was killed by signal: 15, core dumped: no
[UID:1163][1582207] Child process with pid: 1582620 was killed by signal: 15, core dumped: no
[UID:1163][1582207] Child process with pid: 1732767 was killed by signal: 15, core dumped: no
[UID:1163][1582207] Child process with pid: 1732775 was killed by signal: 15, core dumped: no
[UID:1163][1582207] Child process with pid: 1732799 was killed by signal: 15, core dumped: no
[UID:1163][1582207] Child process with pid: 1732808 was killed by signal: 15, core dumped: no
[UID:1163][1582207] Child process with pid: 1732861 was killed by signal: 15, core dumped: no
[UID:1163][1582207] Child process with pid: 1732990 was killed by signal: 15, core dumped: no
[UID:1163][1996288] Child process with pid: 1996556 was killed by signal: 15, core dumped: no
[UID:1163][1996288] Child process with pid: 1996578 was killed by signal: 15, core dumped: no
[UID:1163][1996288] Child process with pid: 1996601 was killed by signal: 15, core dumped: no
[UID:1163][1996288] Child process with pid: 1996626 was killed by signal: 15, core dumped: no
[UID:1163][1996288] Child process with pid: 1996654 was killed by signal: 15, core dumped: no
[UID:1163][1996288] Child process with pid: 1996683 was killed by signal: 15, core dumped: no
[UID:1163][1996288] Child process with pid: 1996691 was killed by signal: 15, core dumped: no
[UID:1163][1996288] Child process with pid: 1996724 was killed by signal: 15, core dumped: no
[UID:1163][1996288] Child process with pid: 1996756 was killed by signal: 15, core dumped: no
[UID:1163][1996288] Child process with pid: 1996774 was killed by signal: 15, core dumped: no
[UID:1163][1996288] Child process with pid: 1996817 was killed by signal: 15, core dumped: no
[UID:1163][1996288] Child process with pid: 1996942 was killed by signal: 15, core dumped: no
[UID:1163][1996288] Child process with pid: 1996985 was killed by signal: 15, core dumped: no
[UID:1163][1996288] Child process with pid: 1997111 was killed by signal: 15, core dumped: no
[UID:1163][1996288] Child process with pid: 1997180 was killed by signal: 15, core dumped: no
[UID:1163][1996288] Child process with pid: 1997221 was killed by signal: 15, core dumped: no
[UID:1163][1996288] Child process with pid: 1997288 was killed by signal: 15, core dumped: no
[UID:1163][1996288] Child process with pid: 1997325 was killed by signal: 15, core dumped: no
[UID:1163][1996288] Child process with pid: 1997387 was killed by signal: 15, core dumped: no
[UID:1163][1996288] Child process with pid: 1997527 was killed by signal: 15, core dumped: no
[UID:1163][1996288] Child process with pid: 1997573 was killed by signal: 15, core dumped: no
[UID:1163][1996288] Child process with pid: 1997616 was killed by signal: 15, core dumped: no
[UID:1163][1996288] Child process with pid: 1997668 was killed by signal: 15, core dumped: no
[UID:1163][1996288] Child process with pid: 1997742 was killed by signal: 15, core dumped: no
[UID:1163][1996288] Child process with pid: 1997797 was killed by signal: 15, core dumped: no
[UID:1163][1996288] Child process with pid: 1997906 was killed by signal: 15, core dumped: no
[UID:1163][1996288] Child process with pid: 1997961 was killed by signal: 15, core dumped: no
[UID:1163][1996288] Child process with pid: 1998079 was killed by signal: 15, core dumped: no
[UID:1163][1996288] Child process with pid: 2013051 was killed by signal: 15, core dumped: no
[UID:1163][1996288] Child process with pid: 2016408 was killed by signal: 15, core dumped: no
[UID:1163][1996288] Child process with pid: 2016719 was killed by signal: 15, core dumped: no
[UID:1163][1996288] Child process with pid: 2017051 was killed by signal: 15, core dumped: no
[UID:1163][1996288] Child process with pid: 2017113 was killed by signal: 15, core dumped: no
[UID:1163][1996288] Child process with pid: 2017495 was killed by signal: 15, core dumped: no
[UID:1163][1996288] Child process with pid: 2018309 was killed by signal: 15, core dumped: no
[UID:1163][1996288] Child process with pid: 2018855 was killed by signal: 15, core dumped: no
[UID:1163][1996288] Child process with pid: 2019151 was killed by signal: 15, core dumped: no
[UID:1163][1996288] Child process with pid: 2019369 was killed by signal: 15, core dumped: no
[UID:1163][1996288] Child process with pid: 2090818 was killed by signal: 15, core dumped: no
[UID:1163][1996288] Child process with pid: 2091367 was killed by signal: 15, core dumped: no
[UID:1163][2435085] Child process with pid: 2435358 was killed by signal: 15, core dumped: no
[UID:1163][2435085] Child process with pid: 2436128 was killed by signal: 15, core dumped: no
[UID:1163][2435085] Child process with pid: 2440896 was killed by signal: 15, core dumped: no
[UID:1163][2435085] Child process with pid: 2442847 was killed by signal: 15, core dumped: no
[UID:1163][2435085] Child process with pid: 2452358 was killed by signal: 15, core dumped: no
[UID:1163][2435085] Child process with pid: 2452466 was killed by signal: 15, core dumped: no
[UID:1163][2435085] Child process with pid: 2455853 was killed by signal: 15, core dumped: no
[UID:1163][2435085] Child process with pid: 2468633 was killed by signal: 15, core dumped: no
[UID:1163][2435085] Child process with pid: 2469261 was killed by signal: 15, core dumped: no
[UID:1163][2435085] Child process with pid: 2492325 was killed by signal: 15, core dumped: no
[UID:1163][2435085] Child process with pid: 2637458 was killed by signal: 15, core dumped: no
[UID:1163][2435085] Child process with pid: 2637462 was killed by signal: 15, core dumped: no
[UID:1163][2435085] Child process with pid: 2637480 was killed by signal: 15, core dumped: no
[UID:1163][2435085] Child process with pid: 2637501 was killed by signal: 15, core dumped: no
[UID:1163][2435085] Child process with pid: 2637507 was killed by signal: 15, core dumped: no
[UID:1163][2435085] Child process with pid: 2637521 was killed by signal: 15, core dumped: no
[UID:1163][3145295] Child process with pid: 3145891 was killed by signal: 15, core dumped: no
[UID:1163][3145295] Child process with pid: 3146485 was killed by signal: 15, core dumped: no
[UID:1163][3145295] Child process with pid: 3146605 was killed by signal: 15, core dumped: no
[UID:1163][3145295] Child process with pid: 3146933 was killed by signal: 15, core dumped: no
[UID:1163][3145295] Child process with pid: 3149703 was killed by signal: 15, core dumped: no
[UID:1163][3145295] Child process with pid: 3149798 was killed by signal: 15, core dumped: no
[UID:1163][3145295] Child process with pid: 3149830 was killed by signal: 15, core dumped: no
[UID:1163][3145295] Child process with pid: 3149872 was killed by signal: 15, core dumped: no
[UID:1163][3145295] Child process with pid: 3194410 was killed by signal: 15, core dumped: no
[UID:1163][3145295] Child process with pid: 3194411 was killed by signal: 15, core dumped: no
[UID:1163][3145295] Child process with pid: 3194408 was killed by signal: 15, core dumped: no
[UID:1163][3409835] Child process with pid: 3410176 was killed by signal: 15, core dumped: no
[UID:1163][3409835] Child process with pid: 3410234 was killed by signal: 15, core dumped: no
[UID:1163][3409835] Child process with pid: 3410300 was killed by signal: 15, core dumped: no
[UID:1163][3409835] Child process with pid: 3410342 was killed by signal: 15, core dumped: no
[UID:1163][3409835] Child process with pid: 3410418 was killed by signal: 15, core dumped: no
[UID:1163][3409835] Child process with pid: 3410649 was killed by signal: 15, core dumped: no
[UID:1163][3409835] Child process with pid: 3492285 was killed by signal: 15, core dumped: no
[UID:1163][3799430] Child process with pid: 3846481 was killed by signal: 15, core dumped: no
[UID:1163][3799430] Child process with pid: 3846549 was killed by signal: 15, core dumped: no
[UID:1163][3799430] Child process with pid: 4094553 was killed by signal: 15, core dumped: no
[UID:1163][3799430] Child process with pid: 4094875 was killed by signal: 15, core dumped: no
[UID:1163][3799430] Child process with pid: 4095092 was killed by signal: 15, core dumped: no
[UID:1163][3799430] Child process with pid: 4099395 was killed by signal: 15, core dumped: no
[UID:1163][3799430] Child process with pid: 4099469 was killed by signal: 15, core dumped: no
[UID:1163][3799430] Child process with pid: 4099516 was killed by signal: 15, core dumped: no
[UID:1163][3799430] Child process with pid: 4099597 was killed by signal: 15, core dumped: no
[UID:1163][3799430] Child process with pid: 4099641 was killed by signal: 15, core dumped: no
[UID:1163][3799430] Child process with pid: 4099642 was killed by signal: 15, core dumped: no
[UID:1163][3799430] Child process with pid: 4099745 was killed by signal: 15, core dumped: no
[UID:1163][3799430] Child process with pid: 4099842 was killed by signal: 15, core dumped: no
[UID:1163][3799430] Child process with pid: 4099966 was killed by signal: 15, core dumped: no
[UID:1163][3799430] Child process with pid: 4102688 was killed by signal: 15, core dumped: no
[UID:1163][3799430] Child process with pid: 4102705 was killed by signal: 15, core dumped: no
[UID:1163][3799430] Child process with pid: 4102725 was killed by signal: 15, core dumped: no
[UID:1163][3799430] Child process with pid: 4102731 was killed by signal: 15, core dumped: no
[UID:1163][3799430] Child process with pid: 4102765 was killed by signal: 15, core dumped: no
[UID:1163][3799430] Child process with pid: 4104487 was killed by signal: 15, core dumped: no
[UID:1163][3799430] Child process with pid: 4186710 was killed by signal: 15, core dumped: no
[UID:1163][3799430] Child process with pid: 4187461 was killed by signal: 15, core dumped: no
[UID:1163][3799430] Child process with pid: 4192448 was killed by signal: 15, core dumped: no
[UID:1163][3799430] Child process with pid: 54655 was killed by signal: 15, core dumped: no
[UID:1163][3799430] Child process with pid: 71500 was killed by signal: 15, core dumped: no
[UID:1163][3799430] Child process with pid: 72026 was killed by signal: 15, core dumped: no
[UID:1163][3799430] Child process with pid: 93497 was killed by signal: 15, core dumped: no
[UID:1163][3799430] Child process with pid: 94304 was killed by signal: 15, core dumped: no
[UID:1163][3799430] Child process with pid: 94754 was killed by signal: 15, core dumped: no
[UID:1163][3799430] Child process with pid: 255083 was killed by signal: 15, core dumped: no
[UID:1163][3799430] Child process with pid: 255476 was killed by signal: 15, core dumped: no
[UID:1163][3799430] Child process with pid: 255984 was killed by signal: 15, core dumped: no
[UID:1163][2434617] Child process with pid: 2435533 was killed by signal: 15, core dumped: no
[UID:1163][3567972] Child process with pid: 3716017 was killed by signal: 15, core dumped: no
[UID:1163][3567972] Child process with pid: 3716367 was killed by signal: 15, core dumped: no
[UID:1163][1442179] Child process with pid: 1623617 was killed by signal: 15, core dumped: no
[UID:1163][1442179] Child process with pid: 1624684 was killed by signal: 15, core dumped: no
[UID:1163][1442179] Child process with pid: 1624831 was killed by signal: 15, core dumped: no
[UID:1163][1442179] Child process with pid: 1626175 was killed by signal: 15, core dumped: no
[UID:1163][1442179] Child process with pid: 1626385 was killed by signal: 15, core dumped: no
[UID:1163][1442179] Child process with pid: 1626416 was killed by signal: 15, core dumped: no
[UID:1163][1442179] Child process with pid: 1626422 was killed by signal: 15, core dumped: no
[UID:1163][1442179] Child process with pid: 1626446 was killed by signal: 15, core dumped: no
[UID:1163][1442179] Child process with pid: 1626452 was killed by signal: 15, core dumped: no
[UID:1163][1442179] Child process with pid: 1626490 was killed by signal: 15, core dumped: no
[UID:1163][1442179] Child process with pid: 1626524 was killed by signal: 15, core dumped: no
[UID:1163][1442179] Child process with pid: 1626553 was killed by signal: 15, core dumped: no
[UID:1163][1442179] Child process with pid: 1626560 was killed by signal: 15, core dumped: no
[UID:1163][1442179] Child process with pid: 1626576 was killed by signal: 15, core dumped: no
[UID:1163][1442179] Child process with pid: 1626600 was killed by signal: 15, core dumped: no
[UID:1163][1442179] Child process with pid: 1626679 was killed by signal: 15, core dumped: no
[UID:1163][1442179] Child process with pid: 1626686 was killed by signal: 15, core dumped: no
[UID:1163][1442179] Child process with pid: 1626696 was killed by signal: 15, core dumped: no
[UID:1163][1442179] Child process with pid: 1626721 was killed by signal: 15, core dumped: no
[UID:1163][1442179] Child process with pid: 1626759 was killed by signal: 15, core dumped: no
[UID:1163][1442179] Child process with pid: 1626765 was killed by signal: 15, core dumped: no
[UID:1163][1442179] Child process with pid: 1626807 was killed by signal: 15, core dumped: no
[UID:1163][1442179] Child process with pid: 1626837 was killed by signal: 15, core dumped: no
[UID:1163][1442179] Child process with pid: 1626862 was killed by signal: 15, core dumped: no
[UID:1163][1442179] Child process with pid: 1626879 was killed by signal: 15, core dumped: no
[UID:1163][1442179] Child process with pid: 1626895 was killed by signal: 15, core dumped: no
[UID:1163][1442179] Child process with pid: 1626897 was killed by signal: 15, core dumped: no
[UID:1163][1442179] Child process with pid: 1626923 was killed by signal: 15, core dumped: no
[UID:1163][1442179] Child process with pid: 1626940 was killed by signal: 15, core dumped: no
[UID:1163][1442179] Child process with pid: 1626978 was killed by signal: 15, core dumped: no
[UID:1163][1442179] Child process with pid: 1626988 was killed by signal: 15, core dumped: no
[UID:1163][1442179] Child process with pid: 1627002 was killed by signal: 15, core dumped: no
[UID:1163][1442179] Child process with pid: 1627007 was killed by signal: 15, core dumped: no
[UID:1163][1442179] Child process with pid: 1627025 was killed by signal: 15, core dumped: no
[UID:1163][2982428] Child process with pid: 3003547 was killed by signal: 15, core dumped: no
[UID:1163][2982428] Child process with pid: 3003599 was killed by signal: 15, core dumped: no
[UID:1163][2982428] Child process with pid: 3003623 was killed by signal: 15, core dumped: no
[UID:1163][2982428] Child process with pid: 3010295 was killed by signal: 15, core dumped: no
[UID:1163][2982428] Child process with pid: 3010420 was killed by signal: 15, core dumped: no
[UID:1163][2982428] Child process with pid: 3012638 was killed by signal: 15, core dumped: no
[UID:1163][2982428] Child process with pid: 3012837 was killed by signal: 15, core dumped: no
[UID:1163][2982428] Child process with pid: 3012881 was killed by signal: 15, core dumped: no
[UID:1163][2982428] Child process with pid: 3012951 was killed by signal: 15, core dumped: no
[UID:1163][2982428] Child process with pid: 3013018 was killed by signal: 15, core dumped: no
[UID:1163][2982428] Child process with pid: 3013056 was killed by signal: 15, core dumped: no
[UID:1163][2982428] Child process with pid: 3014474 was killed by signal: 15, core dumped: no
[UID:1163][2982428] Child process with pid: 3014690 was killed by signal: 15, core dumped: no
[UID:1163][2982428] Child process with pid: 3014704 was killed by signal: 15, core dumped: no
[UID:1163][2982428] Child process with pid: 3014892 was killed by signal: 15, core dumped: no
[UID:1163][2982428] Child process with pid: 3014922 was killed by signal: 15, core dumped: no
[UID:1163][2982428] Child process with pid: 3015061 was killed by signal: 15, core dumped: no
[UID:1163][2982428] Child process with pid: 3015097 was killed by signal: 15, core dumped: no
[UID:1163][2982428] Child process with pid: 3015160 was killed by signal: 15, core dumped: no
[UID:1163][2982428] Child process with pid: 3015177 was killed by signal: 15, core dumped: no
[UID:1163][2982428] Child process with pid: 3015342 was killed by signal: 15, core dumped: no
[UID:1163][2982428] Child process with pid: 3015361 was killed by signal: 15, core dumped: no
[UID:1163][2982428] Child process with pid: 3015397 was killed by signal: 15, core dumped: no
[UID:1163][2982428] Child process with pid: 3015423 was killed by signal: 15, core dumped: no
[UID:1163][2982428] Child process with pid: 3015467 was killed by signal: 15, core dumped: no
[UID:1163][2982428] Child process with pid: 3015519 was killed by signal: 15, core dumped: no
[UID:1163][2982428] Child process with pid: 3015601 was killed by signal: 15, core dumped: no
[UID:1163][2982428] Child process with pid: 3015652 was killed by signal: 15, core dumped: no
[UID:1163][2982428] Child process with pid: 3015837 was killed by signal: 15, core dumped: no
[UID:1163][2982428] Child process with pid: 3015898 was killed by signal: 15, core dumped: no
[UID:1163][2982428] Child process with pid: 3015922 was killed by signal: 15, core dumped: no
[UID:1163][2982428] Child process with pid: 3016030 was killed by signal: 15, core dumped: no
[UID:1163][2982428] Child process with pid: 3016080 was killed by signal: 15, core dumped: no
[UID:1163][2982428] Child process with pid: 3016302 was killed by signal: 15, core dumped: no
[UID:1163][2982428] Child process with pid: 3016364 was killed by signal: 15, core dumped: no
[UID:1163][2982428] Child process with pid: 3016372 was killed by signal: 15, core dumped: no
[UID:1163][2982428] Child process with pid: 3016460 was killed by signal: 15, core dumped: no
[UID:1163][2982428] Child process with pid: 3016477 was killed by signal: 15, core dumped: no
[UID:1163][2982428] Child process with pid: 3016633 was killed by signal: 15, core dumped: no
[UID:1163][2982428] Child process with pid: 3016669 was killed by signal: 15, core dumped: no
[UID:1163][2982428] Child process with pid: 3016730 was killed by signal: 15, core dumped: no
[UID:1163][2982428] Child process with pid: 3016768 was killed by signal: 15, core dumped: no
[UID:1163][653382] Child process with pid: 791411 was killed by signal: 15, core dumped: no
[UID:1163][653382] Child process with pid: 791410 was killed by signal: 15, core dumped: no
[UID:1163][2738209] Child process with pid: 2738904 was killed by signal: 15, core dumped: no
[UID:1163][2738209] Child process with pid: 2739137 was killed by signal: 15, core dumped: no
[UID:1163][3713292] Child process with pid: 3713690 was killed by signal: 15, core dumped: no
[UID:1163][3713292] Child process with pid: 3713617 was killed by signal: 15, core dumped: no
[2026-04-06 13:47:38,949] ERROR in app: Exception on /favicon.ico [GET]
Traceback (most recent call last):
  File "/home/lpkd3153/virtualenv/yamaguchipwt/3.13/lib/python3.13/site-packages/flask/app.py", line 1484, in full_dispatch_request
    rv = self.dispatch_request()
  File "/home/lpkd3153/virtualenv/yamaguchipwt/3.13/lib/python3.13/site-packages/flask/app.py", line 1458, in dispatch_request
    self.raise_routing_exception(req)
    ~~~~~~~~~~~~~~~~~~~~~~~~~~~~^^^^^
  File "/home/lpkd3153/virtualenv/yamaguchipwt/3.13/lib/python3.13/site-packages/flask/app.py", line 1440, in raise_routing_exception
    raise request.routing_exception  # type: ignore
    ^^^^^^^^^^^^^^^^^^^^^^^^^^^^^^^
  File "/home/lpkd3153/virtualenv/yamaguchipwt/3.13/lib/python3.13/site-packages/flask/ctx.py", line 353, in match_request
    result = self.url_adapter.match(return_rule=True)  # type: ignore
  File "/home/lpkd3153/virtualenv/yamaguchipwt/3.13/lib/python3.13/site-packages/werkzeug/routing/map.py", line 655, in match
    raise NotFound() from None
werkzeug.exceptions.NotFound: 404 Not Found: The requested URL was not found on the server. If you entered the URL manually please check your spelling and try again.

During handling of the above exception, another exception occurred:

Traceback (most recent call last):
  File "/home/lpkd3153/virtualenv/yamaguchipwt/3.13/lib/python3.13/site-packages/flask/app.py", line 2190, in wsgi_app
    response = self.full_dispatch_request()
  File "/home/lpkd3153/virtualenv/yamaguchipwt/3.13/lib/python3.13/site-packages/flask/app.py", line 1486, in full_dispatch_request
    rv = self.handle_user_exception(e)
  File "/home/lpkd3153/virtualenv/yamaguchipwt/3.13/lib/python3.13/site-packages/flask/app.py", line 1341, in handle_user_exception
    return self.handle_http_exception(e)
           ~~~~~~~~~~~~~~~~~~~~~~~~~~^^^
  File "/home/lpkd3153/virtualenv/yamaguchipwt/3.13/lib/python3.13/site-packages/flask/app.py", line 1281, in handle_http_exception
    return self.ensure_sync(handler)(e)
           ~~~~~~~~~~~~~~~~~~~~~~~~~^^^
  File "/home/lpkd3153/yamaguchipwt/middleware/error_handler.py", line 10, in not_found
    return render_template('errors/404.html'), 404
           ~~~~~~~~~~~~~~~^^^^^^^^^^^^^^^^^^^
  File "/home/lpkd3153/virtualenv/yamaguchipwt/3.13/lib/python3.13/site-packages/flask/templating.py", line 151, in render_template
    return _render(app, template, context)
  File "/home/lpkd3153/virtualenv/yamaguchipwt/3.13/lib/python3.13/site-packages/flask/templating.py", line 132, in _render
    rv = template.render(context)
  File "/home/lpkd3153/virtualenv/yamaguchipwt/3.13/lib/python3.13/site-packages/jinja2/environment.py", line 1295, in render
    self.environment.handle_exception()
    ~~~~~~~~~~~~~~~~~~~~~~~~~~~~~~~~~^^
  File "/home/lpkd3153/virtualenv/yamaguchipwt/3.13/lib/python3.13/site-packages/jinja2/environment.py", line 942, in handle_exception
    raise rewrite_traceback_stack(source=source)
  File "/home/lpkd3153/yamaguchipwt/templates/errors/404.html", line 1, in top-level template code
    {% extends "navbar/base.html" %}
    ^^^^^^^^^^^^^^^^^^^^^^^^^
  File "/home/lpkd3153/yamaguchipwt/templates/navbar/base.html", line 316, in top-level template code
    <li><a href="{{ url_for('attendance.admin_attendance_report') }}" {% if 'attendance.admin' in
    ^^^^^^^^^
TypeError: argument of type 'NoneType' is not iterable
[ERROR] [UID:1163][3810017] wsgiAppHandler pApp->start_response() return NULL.
Traceback (most recent call last):
  File "/home/lpkd3153/virtualenv/yamaguchipwt/3.13/lib/python3.13/site-packages/flask/app.py", line 1484, in full_dispatch_request
    rv = self.dispatch_request()
  File "/home/lpkd3153/virtualenv/yamaguchipwt/3.13/lib/python3.13/site-packages/flask/app.py", line 1458, in dispatch_request
    self.raise_routing_exception(req)
    ~~~~~~~~~~~~~~~~~~~~~~~~~~~~^^^^^
  File "/home/lpkd3153/virtualenv/yamaguchipwt/3.13/lib/python3.13/site-packages/flask/app.py", line 1440, in raise_routing_exception
    raise request.routing_exception  # type: ignore
    ^^^^^^^^^^^^^^^^^^^^^^^^^^^^^^^
  File "/home/lpkd3153/virtualenv/yamaguchipwt/3.13/lib/python3.13/site-packages/flask/ctx.py", line 353, in match_request
    result = self.url_adapter.match(return_rule=True)  # type: ignore
  File "/home/lpkd3153/virtualenv/yamaguchipwt/3.13/lib/python3.13/site-packages/werkzeug/routing/map.py", line 655, in match
    raise NotFound() from None
werkzeug.exceptions.NotFound: 404 Not Found: The requested URL was not found on the server. If you entered the URL manually please check your spelling and try again.

During handling of the above exception, another exception occurred:

Traceback (most recent call last):
  File "/home/lpkd3153/virtualenv/yamaguchipwt/3.13/lib/python3.13/site-packages/flask/app.py", line 2190, in wsgi_app
    response = self.full_dispatch_request()
  File "/home/lpkd3153/virtualenv/yamaguchipwt/3.13/lib/python3.13/site-packages/flask/app.py", line 1486, in full_dispatch_request
    rv = self.handle_user_exception(e)
  File "/home/lpkd3153/virtualenv/yamaguchipwt/3.13/lib/python3.13/site-packages/flask/app.py", line 1341, in handle_user_exception
    return self.handle_http_exception(e)
           ~~~~~~~~~~~~~~~~~~~~~~~~~~^^^
  File "/home/lpkd3153/virtualenv/yamaguchipwt/3.13/lib/python3.13/site-packages/flask/app.py", line 1281, in handle_http_exception
    return self.ensure_sync(handler)(e)
           ~~~~~~~~~~~~~~~~~~~~~~~~~^^^
  File "/home/lpkd3153/yamaguchipwt/middleware/error_handler.py", line 10, in not_found
    return render_template('errors/404.html'), 404
           ~~~~~~~~~~~~~~~^^^^^^^^^^^^^^^^^^^
  File "/home/lpkd3153/virtualenv/yamaguchipwt/3.13/lib/python3.13/site-packages/flask/templating.py", line 151, in render_template
    return _render(app, template, context)
  File "/home/lpkd3153/virtualenv/yamaguchipwt/3.13/lib/python3.13/site-packages/flask/templating.py", line 132, in _render
    rv = template.render(context)
  File "/home/lpkd3153/virtualenv/yamaguchipwt/3.13/lib/python3.13/site-packages/jinja2/environment.py", line 1295, in render
    self.environment.handle_exception()
    ~~~~~~~~~~~~~~~~~~~~~~~~~~~~~~~~~^^
  File "/home/lpkd3153/virtualenv/yamaguchipwt/3.13/lib/python3.13/site-packages/jinja2/environment.py", line 942, in handle_exception
    raise rewrite_traceback_stack(source=source)
  File "/home/lpkd3153/yamaguchipwt/templates/errors/404.html", line 1, in top-level template code
    {% extends "navbar/base.html" %}
    ^^^^^^^^^^^^^^^^^^^^^^^^^
  File "/home/lpkd3153/yamaguchipwt/templates/navbar/base.html", line 316, in top-level template code
    <li><a href="{{ url_for('attendance.admin_attendance_report') }}" {% if 'attendance.admin' in
    ^^^^^^^^^
TypeError: argument of type 'NoneType' is not iterable

During handling of the above exception, another exception occurred:

Traceback (most recent call last):
  File "/home/lpkd3153/virtualenv/yamaguchipwt/3.13/lib/python3.13/site-packages/flask/app.py", line 2213, in __call__
    return self.wsgi_app(environ, start_response)
           ~~~~~~~~~~~~~^^^^^^^^^^^^^^^^^^^^^^^^^
  File "/home/lpkd3153/virtualenv/yamaguchipwt/3.13/lib/python3.13/site-packages/flask/app.py", line 2193, in wsgi_app
    response = self.handle_exception(e)
  File "/home/lpkd3153/virtualenv/yamaguchipwt/3.13/lib/python3.13/site-packages/flask/app.py", line 1399, in handle_exception
    server_error = self.ensure_sync(handler)(server_error)
  File "/home/lpkd3153/yamaguchipwt/middleware/error_handler.py", line 14, in internal_error
    return render_template('errors/500.html'), 500
           ~~~~~~~~~~~~~~~^^^^^^^^^^^^^^^^^^^
  File "/home/lpkd3153/virtualenv/yamaguchipwt/3.13/lib/python3.13/site-packages/flask/templating.py", line 151, in render_template
    return _render(app, template, context)
  File "/home/lpkd3153/virtualenv/yamaguchipwt/3.13/lib/python3.13/site-packages/flask/templating.py", line 132, in _render
    rv = template.render(context)
  File "/home/lpkd3153/virtualenv/yamaguchipwt/3.13/lib/python3.13/site-packages/jinja2/environment.py", line 1295, in render
    self.environment.handle_exception()
    ~~~~~~~~~~~~~~~~~~~~~~~~~~~~~~~~~^^
  File "/home/lpkd3153/virtualenv/yamaguchipwt/3.13/lib/python3.13/site-packages/jinja2/environment.py", line 942, in handle_exception
    raise rewrite_traceback_stack(source=source)
  File "/home/lpkd3153/yamaguchipwt/templates/errors/500.html", line 1, in top-level template code
    {% extends "navbar/base.html" %}
    ^^^^^^^^^^^^^^^^^^^^^^^^^
  File "/home/lpkd3153/yamaguchipwt/templates/navbar/base.html", line 316, in top-level template code
    <li><a href="{{ url_for('attendance.admin_attendance_report') }}" {% if 'attendance.admin' in
    ^^^^^^^^^
TypeError: argument of type 'NoneType' is not iterable
[UID:1163][451985] Child process with pid: 461243 was killed by signal: 15, core dumped: no
[UID:1163][451985] Child process with pid: 461244 was killed by signal: 15, core dumped: no
[UID:1163][691089] Child process with pid: 802067 was killed by signal: 15, core dumped: no
[UID:1163][691089] Child process with pid: 800582 was killed by signal: 15, core dumped: no
[UID:1163][1503809] Child process with pid: 1623591 was killed by signal: 15, core dumped: no
[UID:1163][1503809] Child process with pid: 1624938 was killed by signal: 15, core dumped: no
[UID:1163][1503809] Child process with pid: 1793295 was killed by signal: 15, core dumped: no
[UID:1163][1503809] Child process with pid: 1794421 was killed by signal: 15, core dumped: no
[UID:1163][1503809] Child process with pid: 1804801 was killed by signal: 15, core dumped: no
[UID:1163][1503809] Child process with pid: 1804906 was killed by signal: 15, core dumped: no
[UID:1163][2047117] Child process with pid: 2047596 was killed by signal: 15, core dumped: no
[UID:1163][2047117] Child process with pid: 2047591 was killed by signal: 15, core dumped: no
[UID:1163][2047117] Child process with pid: 2048926 was killed by signal: 15, core dumped: no
[UID:1163][2047117] Child process with pid: 2119404 was killed by signal: 15, core dumped: no
[UID:1163][2047117] Child process with pid: 2119437 was killed by signal: 15, core dumped: no
[UID:1163][2047117] Child process with pid: 2152488 was killed by signal: 15, core dumped: no
[UID:1163][2047117] Child process with pid: 2152549 was killed by signal: 15, core dumped: no
[UID:1163][2047117] Child process with pid: 2170811 was killed by signal: 15, core dumped: no
[UID:1163][2047117] Child process with pid: 2170819 was killed by signal: 15, core dumped: no
[UID:1163][2047117] Child process with pid: 2171907 was killed by signal: 15, core dumped: no
[UID:1163][2140087] packetLen < 0
